1358569372818829313	30203368	[CLS] oh this commercial is doing that earlier space travel commercial no favors 	2
1358924394807119880	187012572	[CLS] how do you reconcile non essential , discretion ##ary travel with fai ##ble rev ##en ##u 	0
1358922820844199938	201448511	[CLS] it seems to be ranked in germany at the moment with no promotion so that ’ s pretty cool lo ##l if you ’ d like to learn more and download visit [unk] 	0
1358918664393793537	14144524	[CLS] we should shut down air travel as australia did . this is serious . 	1
1358913128256438277	972862322111901696	[CLS] [unk] kick ##ball and travel , both at once . but we already know he would say he scored 0 points in the first quarter . 	1
1358910302419623943	1074287190	[CLS] privilege acknowledged i have no student loan debt . i had scholarships , but my main source of college funding was a grant thru national history day that i only got because i was privileged enough to travel for research for my nh ##d projects and be able to afford to go to nationals 	2
1358897664277028864	20877868	[CLS] crazy for clover ##s we just got in our newest clover designs in time for click to preview or visit our oceans ##ide show ##room [unk] sv ##s fine jewelry 	1
1358896220631097345	362040322	[CLS] babe ruth wouldn ’ t make my town ’ s 0 ##th grade travel team [unk] 	2
1358896156827389963	50521295	[CLS] i ’ m a little over it . i still travel much as i can . it ’ s a little dish ##ear ##ten ##ing not to see all the people working and being joy ##ful . that ’ s hurts . my mental health is strong . it hurts me to see places closing and not being able to do certain things . that ’ s been brutal on me . 	2
1358892556554280962	137789155	[CLS] , my has merchandise for sale . are u looking for a gift visit our website check out our new sweatshirt — [unk] [unk] , mug ##s , to ##tes , apron ##s , ts ##hir ##ts , hood ##ies too gt 	1
1358890033508417538	25056022	[CLS] nice it ’ s not the same anymore but still important to visit 	1
1358888990439522304	40591067	[CLS] ha ##ha ##ha i always made them wear them as well and they would always wear them when i went up to visit my aunt in framing ##ham 	1
1358883147379793922	891126938	[CLS] okay two things i have to visit melbourne and get over the killer insects animals . why haven ’ t we followed australia to freedom 	2
1358876160575340550	771668058	[CLS] if you say you want kids in classrooms , you have to follow guidelines and wear a mask , socially distance , and not gather in large groups . and don ’ t visit some family member or friend that ’ s “ safe ” or “ fine . . . they won ’ t have it ” . 	1
1358872472343482371	321740014	[CLS] i ’ m really going through some shit right now . . . my life is not fun and i want to just fucking travel 	2
1358871221115445253	1043964504483274752	[CLS] the don ##uts sold by this franchises in nyc look ridiculous ##ly small , they are old , boston cream or jelly almost without substance and the prices get 0 0 higher in the last 0 years [unk] it ’ s a shame that every time i visit europe they have such a beat ##iful , fresh 	1
1358871093138833415	3123867002	[CLS] i need friends that wanna travel . . . . 	2
1358868845042221057	1349134188457426950	[CLS] surf into the beginning of this week with a visit to our online store , is the official home to the a portion of all proceeds will be donated to the f ##d ##ny foundation 	1
1358861945890369538	1009440197099040768	[CLS] tired of living pay ##che ##ck to pay ##che ##ck , get a free health and wellness store today , visit 	1
1358860237042835457	1924904923	[CLS] [unk] training give ##away 0 . 0 value re ##t ##wee ##t follow [unk] [unk] [unk] [unk] bands ##per ##fect p ##k ##g for travel programs ##0 winner 0 0 	0
1358856238596038657	1195361478238453760	[CLS] that ##s the beauty of being a flight attendant , i can travel anywhere at the last minute 	1
1358851300662861825	2675785703	[CLS] he ordered test . he shut down travel from china . democrats called it x ##eno ##phobic . seriously what would have someone else done . lets say he should have shut down a week earlier . how do you trump hate ##rs blame every death . it s stupid 	2
1358836561425686530	45091897	[CLS] ain ’ t nothing bitter ##sw ##eet lo ##l . that ’ s damn near an all black cast in tampa . shit was fly to watch . 	2
1358833930519130115	2805985965	[CLS] very true . for years , i wished there were programs at schools for production backstage roles as there were for in ring manager roles . thanks be i was able to try , sometimes fail , watch others , and lucky enough to have people willing to let me visit watch their product . 	0
1358829389471973378	745540429	[CLS] is this for domestic travel within sweden bc that ’ s subject here 	1
1358828553668812800	23698010	[CLS] happy 0 ##th anniversary , disney california adventure one of my favorite places i ’ ve had the pleasure to visit dozens and dozens of times since it ’ s opening year . miss you 	2
1358813824778973184	21469731	[CLS] this position is remote and may require post pan ##de ##mic travel up to 0 . job alert civic nation seeks communications manager 0 ##k to 0 ##k 	1
1358812591410282502	3895821197	[CLS] have to meet up with you next time i visit 	0
1358811928177631232	187012572	[CLS] the federal public servant who was caught up in the international travel controversy that swept through canadian politics following christmas has given up her career with the government to pursue her career as a social media influence ##r . 	1
1358810731324522496	506730714	[CLS] it ’ s monday that means stormy ’ s back in bush ##wick today come visit her and natasha for some fire cuts [unk] hair ##rar ##i 	0
1358810580648402945	506730714	[CLS] it ’ s monday that means stormy ’ s back in bush ##wick today come visit her and natasha for some fire cuts [unk] hair ##rar ##i 	0
1358810162723700740	1316780704357847040	[CLS] i work we got free pizza and pup ##pies visit . cool . 	0
1358806908539404288	64688694	[CLS] dear congressman please make more effort to fix health system . 0 hour visit at emergency service is 0 . who makes 0 in four hours but our hospitals do . collaboration hospitals w insurance companies rip off america . 	2
1358806567458648064	3124342311	[CLS] today was the day a huge thank you to mark and ann from the for their virtual visit to teach our how to live a life with respect , determination , hum ##ility , and most importantly , courage . feeling to teach and live by mark ’ s words everyday 	0
1358806039613878280	4122305841	[CLS] hand ##made crystal ring ##vis ##it our website 	1
1358802650914029568	1150969998367698944	[CLS] so we re going to need a vaccine to travel is that what your hint ##ing at are pigeons going to need to be va ##cci ##nated birds can spread this virus to , along with the flu . you know co ##vid will mu ##tate every year . then you ll say we need to stay up to date with our shots or else [unk] 	0
1358793252237901824	1662925963	[CLS] i gotta visit the northern lights 	1
1358785594344812548	114660927	[CLS] can ’ t wait to visit my pa friends when we help get fe ##tter ##man elected [unk] 	0
1358783580932091904	745540429	[CLS] 0 of the us is va ##cci ##nated , 0 have been infected already and co ##vid is down almost 0 here over the past month ##the cdc should not require co ##vid tests for domestic air travel . that it ’ s being considered is non ##sen ##sic ##als ##af ##er air travel “ in terms of perception ” pete says . . . . 	2
1358783057046683652	39675591	[CLS] gm this is my latest travel v ##log for b ##day . i ’ d appreciate if you guys watched , comment , like or sub ##scribe ##dr ##iu palace ba ##var ##o traveling to d . r during co ##vid via 	1
1358782872472215554	950592782	[CLS] registration begins on monday , february 0 ##th at 0 ##pm . for more information , please visit 0 0 	1
1358781602260738048	1442576977	[CLS] once i move my stuff into storage just act like i died if u know me . . i ’ m finally a free being . . prepared for homeless ##ness and cross country travel . . 	0
1358777564223967234	30175774	[CLS] such an inspiring episode by 	0
1358777135356383238	367968266	[CLS] be ##care ##ful out there , very slippery by the wagons entrances and wagons are super cold too . by the way not just this subway but other lines too . mom be ##care ##ful if you travel with kids . 	1
1358764959887482882	1336679192583430145	[CLS] sm ##h lo ##l if u knew me , u would never tell me to get out more , i travel regularly , i m promoter , its not judgement ##al , women half naked on social media is disgusting self de ##grad ##ing . my lane is whatever comes across my timeline . i talk to young men lead by example , 	1
1358763477419048961	1360317896	[CLS] and for tourism recovery has become one of the hottest tech hub ##s in recent years . looked at 0 french startup ##s that thrive ##d amidst the challenges brought in 0 and to look out for in 0 . 	1
1358758047850577920	1150789123239792642	[CLS] we ’ ve got options . . . . 	1
1358744032764190726	1009440197099040768	[CLS] tired of singing the i don t have any money blues , get a free cb ##d store today , limited time offer , visit 	2
1358741209632677888	17965165	[CLS] if they suddenly put a travel ban that no one could leave florida for like a month or ever again id almost be fine with it . but that s the only if here . what the fuck is bid ##en thinking 	2
1358656727600791555	1214596698258976768	[CLS] i never understood people who travel to other countries even cities and do basic shit like shop at the mall as if they didn ’ t already have an h m back home . it ba ##ffle ##s me . 	2
1358634824546803715	22971930	[CLS] worth a view . [unk] is holding pan am travel bag over bea one . pan am ex ##ec ##s were branding masters during an exciting time for aviation . big bragg ##ing rights for this particular flight . harrison has bea bag . bea would become british airways a few years later . 	1
1358621398240030727	46829246	[CLS] i live france . . . . i usually go every year . . . when you go . . . don ’ t just visit paris lyon , france is amazing too . . . it ’ s a 0 hour train ride 	1
1358621247299543048	973394483650973697	[CLS] damn must be saving a fortune on travel and lodging so they brought everyone on board for the 	2
1358616094806835203	25952444	[CLS] getting vaccine doesn ’ t prevent you from getting co ##vid you ’ ll still get it if your body doesn ’ t fight it , it helps fight it but there is a chance you can still get it a cough drop ##let can easily travel 0 feet in a open stadium 	1
1358611511606927365	1036472717581709313	[CLS] im ##ma visit you in april 	1
1358609180286885891	41592008	[CLS] pet friendly travel from sea to shining sea so many co ##vid pup ##pies found homes this year . sophie the shi ##ht ##zu traveled from vegas to nyc . 	1
1358606224556773380	1228703967175151621	[CLS] i did not vote today in the ecuador ##ian elections . my parents are telling me i have to pay a fine whenever i visit ecuador . . . . is this true 	2
1358602310050582530	123823929	[CLS] we can ’ t travel , our schools are remote , school sports have been canceled and there is a pretty full stadium of fans at the super bowl all close together . i love football but this is disappointing and di ##sr ##es ##pe ##ct ##ful to all who have spent the last year sac ##ri ##fi ##cing 	1
1358595518507741184	350533556	[CLS] i would love to visit you state . as soon as it turns blue . [unk] 	0
1358593106661277696	14256006	[CLS] why would da ##ft punk ever leave france to fly to fucking florida for a swamp ##y american super spread ##er event 	2
1358591956738134020	1883718734	[CLS] hey your half time show should have honored health workers and victims of co ##vid and not be a dark visit to that oh so dark place where you all are going men with skeletal faces and red jackets but the music was good has talent 	2
1358590601688715266	1100944267210571776	[CLS] my aunt married a british man . soon after i turned 0 , my aunt husband planned to visit ha ##rro ##gate , edinburgh glasgow family members . my mom wanted me to go along . i negotiated a deal . 0 things visit shakespeare ’ s apt , ann hat ##haw ##ay ’ s cottage and parliament . then scott ##land [unk] 	1
1358574676646244353	1073530494988496896	[CLS] w ##ya , i can host or travel to you now 	0
1358570599367520263	38942981	[CLS] since a lot people don ’ t have to travel to work tomorrow hopefully the monday after the finally becomes a holiday 	2
1358961028613169155	1083131837780815875	[CLS] registration is still open for po ##mpton lakes river ##dale little league 0 ##u travel softball team for 0 . there are still a few spots open . 	2
1358566868760551425	1007083909	[CLS] or did you travel by fa ##x [unk] 	0
1359287484279123973	470419495	[CLS] is it safe to visit ga . not necessarily at ##l . . i gotta go house shopping 	2
1359286945483026432	760238605	[CLS] why is the word “ fuck ” more offensive than the atrocities we visit upon each other fuck civil ##ity . fight fascism . 	2
1359283804783972358	29902828	[CLS] same if not married definitely to visit and perform st ##rut . 	1
1359282701761712130	180601880	[CLS] 0 years ago . [unk] empire state building 	1
1359275839003779075	1062359644998393856	[CLS] thank you as ##ta . hope you visit the w . , tan ##ager [unk] 	0
1359274030306631684	16362685	[CLS] there are starbucks in nyc , just none of them happen to be in my neighborhood right now . but yeah , i would love to visit cal ##i at some point 	1
1359272711068000260	1640981275	[CLS] nj ##do ##c class 0 . we carry all the uniforms and equipment that are required for the academy . we offer great package prices , and are a nj state approved vendor . visit us for a one stop professional experience . we have over 0 years experience you can depend on 	0
1359267976483131396	1150789123239792642	[CLS] we get it , you grow throughout your life and needs for housing style change . we ’ ve got you covered . 	0
1359260945307025411	1732470085	[CLS] umm ##m my mother home that she grew up in . . . i can ’ t wait to visit again in july for my birthday 	0
1359248361392664582	119081594	[CLS] i know my grandma is 0 and her memory isn ’ t quite what it is used to be . . . but does she have to ask me how my non existent girlfriend is every time i visit it ’ s like , come on nana 	1
1359245562403454976	22149395	[CLS] see our latest newark , nj rn , dial ##ysis nurse , travel nurse job opportunity and click the link in our bio to apply travel dial ##ysis registered nurse acute rn newark nj at fr ##ese ##nius medical care 	0
1359243119703846918	167432446	[CLS] i be coming to visit my parents all they do is nap and be glued to they phone on what ##s app . we just be sitting here spending quality time in silence lo ##l 	1
1359242635890851843	275064785	[CLS] travel with me from nyc to dr via 	0
1359242243777982470	18309597	[CLS] it s so sad seeing everyone just getting older . i really wish i could come and visit more often . 	2
1359239558995574790	884423902054809603	[CLS] our director clinical community engagement , david , received his vaccine he got his vaccine because he felt it required the least amount of effort to do the most good within the community . to learn more and sign up for an appointment , visit 	0
1359237761555914757	1076193952133455874	[CLS] fresh pressed juice ##s visit our website to place an order . 	1
1359232543632093187	476444155	[CLS] all i want is take somebody s daughter , love her , take care of her , travel the world with her and give her like 0 kids . how is that a lot how 	1
1359229579064299521	97269149	[CLS] there s still time to correct your und ##em ##oc ##ratic behavior . it s the only way to democracy wins , fascism can travel with down any path he wants to lead them on . if it s to int ##imi ##date or threaten the us more , then he ll be held to account for ty ##ran ##ny . 	1
1359227484194168834	1236118601452720129	[CLS] it ’ s a 0 day weekend for me and i have no date or travel plans [unk] 	2
1359225626394255364	1233908904079298567	[CLS] if i was rich i would dead ##ass fly to dr , get some pic ##a poll ##o and he ##lad ##os bon and come back home . 	1
1359224319751032833	2797239879	[CLS] weird shout out to my hometown of san jose not costa rica today 	1
1359218800491712516	3423406576	[CLS] didn ’ t nobody take me to my official visit , my camps , my combines . nobody flew on those flights with me . i sat in those rooms by myself . nobody held my hand a day in my life . i had to create a team and support system that gave me enough knowledge to make decisions on my own . 	2
1359217610735427590	2669181985	[CLS] a perfect rainbow rose [unk] prints and gifts when you visit our site . shipping worldwide now available new york , new york 	0
1359215085361786883	369705135	[CLS] i went to visit my parents over the weekend and we were talking about current events and it made me realize i pretty much don ’ t believe anything at all . if it ’ s on the news it ’ s not true . 	2
1359209340209672195	2242638794	[CLS] it ’ s has compiled a list of testing sites throughout district 0 . [unk] for more info . don t see a testing site near you [unk] visit to access testing sites throughout 	0
1359205944618610691	144398023	[CLS] i can travel this whole world . but nothing can fill my heart with more joy and happiness than these people . i know a bunch missing but y ’ all know the vibe ##s . roosevelt , new york 	2
1359204647198720013	1009958957753012224	[CLS] now find your nearest va ##cci ##nation site you should be able to get va ##cci ##nated outside of your borough as long as you re a nyc resident and willing to travel as far 	0
1359201996918689792	223626448	[CLS] macro ##n s government did however impose a ban on french people living abroad . we can t visit our loved ones despite being tested prior to boarding . 	2
1359192538310184963	49759649	[CLS] is park drive snow covered or clear for walking running what about the br ##idal path and reservoir track , are they pretty snow covered and slippery just weighing a visit this weekend to the most beautiful park i know 	1
1359192385641566211	36094572	[CLS] sam that is what all the travel experts are recommend ##ing to get airlines , hotel , cruise industries back any time soon . 	0
1359189550757773318	2183148738	[CLS] welcome to the collins vacation rental ##s bowl , presented by these folks will help make your magical st . george island vacation happen . visit to learn more . the match ##up 0 [unk] . 0 [unk] [unk] 	0
1359186569308102656	715426249	[CLS] this is also where the new stadium comes into play . it ’ s now possible to get some solid r ##pi programs to come north in early march , before the conference season starts . will florida come north probably not . but maybe virginia , michigan , louisville or the like will come visit now 	1
1359180504227020803	40900881	[CLS] we need more volunteers for this saturday ’ s event we ’ ll be helping our friends on the street throughout the east side if you ’ d like to get involved visit we can ’ t wait to serve alongside you this weekend , our outreach has been incredible 	1
1359171981199966208	16229683	[CLS] it s funny to watch dallas house ##wives eat in richardson . . . that s just entry level exotic food for the 0 ##nd generation who are trying too hard to be more chinese than the people from china . . . wait till they visit a real chinatown and try [unk] 	1
1359168699446493185	42135903	[CLS] driving thru central park today feels the same as opening your fridge . no need to fly to nyc please stay home 	1
1359168305492295685	45724974	[CLS] our seniors should not have to travel 0 , 0 , 0 miles during a health pan ##de ##mic to access a life ##sa ##ving vaccine . ne needs va ##cci ##nation sites 	1
1359166942880407554	3940851196	[CLS] what if you could visit with sandra mark ##le 0 ##rd grade had a great author visit today ms . mark ##le did science magic , took us into her book closet answered many of our questions we even got a sneak peek at her next book 	1
1359166752316395524	950011618993344514	[CLS] our summer renegade ##s travel program is open ready to go . visit our website for more details at open to northern valley area players of all skill and experience levels . 	1
1359165426480070657	378799677	[CLS] someone wipe out my student loans so i can buy a van and travel the country pl ##s i am begging . this “ working to pay for an apartment to live in that i ’ m not even at bc i ’ m working ” life is not for me 	2
1359164165668147213	4635231975	[CLS] travel is life 	0
1359159881450856460	23101413	[CLS] happy national pizza day choose your beach vista travel 	0
1359155522683953159	65544386	[CLS] haven ’ t seen a cow in a while . gotta travel somewhere where i can drive , happen upon some cows and point and say , “ look cows ” 	1
1359151559477780482	110814433	[CLS] hello from the in 	0
1359149982461415426	304671643	[CLS] a big [unk] for the shout out is an anti ##qua ##rian ’ s dream 0 of its streets inspired dia ##gon alley in the harry potter books . [unk] 	1
1359149572212293636	37980807	[CLS] lower east side 	0
1359136550387392514	2675785703	[CLS] i got tired of tom brady with the patriots keep winning . this was something else . . good story . also a trump supporter . i hope he blows off the visit to white house 	1
1359136307864305669	950503611037048834	[CLS] visit to view the digital bro ##chu ##re for this distinctive scars ##dale estate [unk] scars ##dale , new york 	0
1359123420655587335	1009440197099040768	[CLS] so far this month , our team has recruited 0 new members . congratulations to all the post ##card mail ##ers , visit , 	0
1359115704356790272	19096158	[CLS] food wine picks the best dough ##nut ##s in every state [unk] 	0
1359099470277935104	1009440197099040768	[CLS] if you can mail free post ##cards like this one , you can make money from home , please visit 	0
1359076111045562368	25056022	[CLS] yep i ’ m planning to stay overseas for a long while until they let us travel again 	1
1359075906795560961	25056022	[CLS] i understand i ’ ve taken my first dose of the vaccine because of fear i won ’ t travel don ’ t judge please [unk] 	1
1359022592275976193	894914570522959873	[CLS] this discussion on beijing dialect 学 [unk] 北 京 [unk] is properly cu ##ring my homes ##ick ##ness [unk] hope this is a regular thing till we can travel again [unk] 	1
1359010512185544704	322859571	[CLS] i can ’ t wait to visit home and get some sea food [unk] 	0
1359002732506578945	29916198	[CLS] join the hottest travel group out right now ex ##cl ##us ##ivity travel . next destination play ##a del carmen mexico . book your room now 	1
1359000847326224387	18137816	[CLS] butter ##cup , you ’ re not in columbia county anymore . a winter home visit . new york city , n . y . 	1
1358996664414048257	723593107	[CLS] warning do not take if you are allergic to travel or suffer from a lack of imagination . [unk] your gift with purchase now through monday new york , new york 	0
1358983190870974464	1173739688345124865	[CLS] vacation mood starting now [unk] 	2
1358982465927475201	409693411	[CLS] i have a great ac ##up ##un ##ct ##uri ##st who is a gem of a person , buddhist east orientation who fixed a foot issues i have for a year in 0 visit , not all treatments worked as fast , but he is super safe and clean and has a sliding scale clinic on saturday ’ s if needed . 	1
1358976342759510016	409736345	[CLS] saw you on bronx ##talk . i ’ d love to see shuttle buses that travel across the bronx and make one stop on each train line , in the northern part of the borough . b d bedford , gun ##hill , gun ##hill and pe ##lham bay park . 	0
1358964793865043968	65524531	[CLS] my family finds it crazy that i want to travel and go away as much as i can . i want to make memories and have great experiences now . memories gt money [unk] 	1
1358961181663371265	211531816	[CLS] registration is still open for po ##mpton lakes river ##dale little league 0 ##u travel softball team for 0 . there are still a few spots open . 	2
1359973312420544516	633913421	[CLS] not a good travel poster this 	2
1358959756556312581	3857374283	[CLS] well the depression monster has come to visit . 	2
1358959127482019845	1358459646	[CLS] thank you north bell ##more public library for a great virtual trip today . miss jane told us about all the things the library has for us , took us on an amazing tour read 0 great stories we are so excited to visit 	0
1358956172833738752	55562909	[CLS] we celebrate 0 years this year est . 0 ##com ##e visit harrison , new jersey 	0
1358955687360032773	977228807873683457	[CLS] out to get my hair ##cut . and couldn ##t resist to come visit you 	1
1358939650459652100	19547723	[CLS] if the ever make the big game i will 0 be in attendance . after they win i will fly to motown for the parade . no matter the cost or schedule . i will pause my entire life for it . 	1
1359649181095313415	112500859	[CLS] 0 membership spotlight ##the si ##ed ##c is grateful for the support of our members and sponsors . we will be featuring si ##ed ##c members who have signed up for 0 in this ongoing series . to join visit 	1
1359649109834145802	112500859	[CLS] 0 membership spotlight ##the si ##ed ##c is grateful for the support of our members and sponsors . we will be featuring si ##ed ##c members who have signed up for 0 in this ongoing series . to join visit 	1
1359648855529295874	777459	[CLS] hi please take me off your rob ##oca ##ll list . when travel resume ##s i will consider this . thanks in advance . 	0
1359647481638883333	839283383784071168	[CLS] maybe when co ##vid is under control we can go to and visit her , here in when she returns that is . 	1
1359642668792508420	49226953	[CLS] your not the one to judge trump he is america ’ s president just because you had a few who went to visit the capitol doesn ’ t make trump cu ##lp ##able of their behavior your an idiot just like pe ##los ##i and sc ##hum ##er 	1
1359638905956544512	972862322111901696	[CLS] i have to travel so far from my house , just for this food . and i can ’ t wait . i ’ ve been thinking about it since i picked it up . 	2
1359624217038360578	897800636099690497	[CLS] visit the ever blow ##er browns ##tone and have ritual ##ly slaughtered , del ##ect ##able roof garden beef rum ##p . lavish ##ly accompanied by bear mountain cher ##imo ##ya alongside a cup of foam 	1
1359621697285074949	431737598	[CLS] i love to draw places i ve never been . i ’ m momentarily transported from my new york studio to somewhere warmer . i m sure i ll visit cap ##ri someday . i ll take a morning ferry from naples . sit on the sand and paint the far ##ag ##lion ##i . until then i ll have to settle for this commission . 	1
1359612522245013511	702394792	[CLS] i wish i had friends who could come and travel with me with short notice 	2
1359597131460452353	1101178249181384710	[CLS] juniors are you eligible for the quest ##bridge college prep scholars program the application is now open awards include full scholarships to summer programs , up to 0 , 0 for a laptop , essay feedback , and more . visit to learn more and apply . 	1
1359594044532400134	2329390400	[CLS] cue [unk] ” i ’ m from nee ##ee ##w ##w yoo ##oo ##oo ##oo ##oo ##or ##k ” [unk] in case you missed it , here ’ s a clip from ’ s appearance on the aired on 0 0 0 on the for more info . , visit 	1
1359592683250077698	707618503533182979	[CLS] paying a visit to ‘ s district hi sam ##y [unk] 	0
1359586769235288069	531916677	[CLS] reminder that you can call 0 0 va ##x 0 nyc or visit to schedule an appointment . more appointments will become available as the city receives more vaccines . 	1
1359586649089441795	1185980776917225472	[CLS] [unk] travel dates atlanta , ga feb 0 ##nd 0 ##th ##los angeles , ca feb 0 ##th mar 0 ##st 	1
1359583310335344641	19696169	[CLS] . set the standard and extend airline credits for customers for the duration of the i was told by a supervisor ali ##sha that she could not grant my extension . great for your bottom line , but what about your corporate responsibility 	1
1359582855723184132	19269539	[CLS] attempted to do my first speech therapy session via video visit this morning . sl ##p says i need to be seen in person . so now it ’ s first speech therapy session take two [unk] 	1
1359581779930316800	560690510	[CLS] i got my first der ##ma ##plane facial yesterday and my skin feels so soft re ##ju ##ven ##ated . first time i ’ ve felt pretty in my skin in a long time , i am now a big fan of der ##ma ##plane and will recommend it to everybody i know who could benefit from it visit touch ##by ##nat on i ##g for her services 	1
1359577694153945092	254415475	[CLS] this is why i travel alone to get away from everyone and everything 	2
1359566476374646789	2242638794	[CLS] 0 0 want to have your voice heard become a local leader by running for a seat on a community or city ##wide education council visit to learn more about eligibility , how to complete your application , and more 	1
1359557675697254401	256403518	[CLS] travel to so many places you can wake up and forget where you are 	0
1359554189211410433	501203441	[CLS] after a morning of remote learning with learning about fun winter activities and the lunar new year , judah decided to take matters into his own hands and pull out his loose tooth guess we are getting a visit from [unk] tonight [unk] 	0
1359553518651252747	889883458855677952	[CLS] starts next saturday , 0 0 visit to learn more and sign up 0 off w code its ##time 	2
1359545700476981251	14535651	[CLS] u ##gh ##hh ##h hate you we are having a brutal winter this year . and normally in march i go visit my sister in fl but this year i ’ m not [unk] 	2
1359544671966556166	1017156917121208320	[CLS] honored to have been invited to my 0 ##nd rub ##io top 0 invitational camp . last year i was 0 of only 0 class of ‘ 0 long snap ##pers to be invited out of 0 attendees . at last year s top 0 , i won the day 0 championship . visit for highlights . 	2
1359543192031539212	2836409157	[CLS] two reasons , one the power , the other the fear that power will be taken away . they are so scared trump will form his own party and take the base with him , splitting the republican party . that ’ s the reason mccarthy went to florida to visit his [unk] 	1
1359540243033120771	25684933	[CLS] [unk] happy wednesday visit gertrude nyc for live music and the best baked goods in new york city . 	0
1359539636071260167	1044610748167725056	[CLS] a middle aged woman walked into my building surprised that we have so many doctors . she then proceeds to tell me “ see i didn ##t know you had all these doctors here cause i only visit the throat and ass doctor ” [unk] 	2
1359533164956422151	15817884	[CLS] the download counts when the part of the audio file where the ad is downloaded . only the ip address and mobile user agent is sent back . podcast metric ##s are moving more towards connecting the ip address of the download to a future action such as a purchase or website visit 	1
1359524623344431108	351139360	[CLS] can ’ t wait to be able to travel again and hit them up and all the brewer ##ies 	0
1359524167318708230	2343580758	[CLS] boys hoop ##s 0 0 defeats mount olive 0 0 up next will travel to morris kn ##oll ##s on 0 0 at 0 ##pm 	1
1359522892954947584	275112709	[CLS] so happy to be doing more episodes of the chair . spent the last few days st . patrick s cathedral in nyc . we ve shot over 0 episodes next month will mark 0 years on this amazing endeavor . blessed to have been involved in such a project to work travel with a great crew . 	1
1359516539997872128	542653859	[CLS] [unk] cloth ##s seem to tie dye sweat ##suit ##s these days 	2
1359506486653812738	1284168002498367488	[CLS] please go visit tonight ’ s stream she ’ s amazing 	0
1359492045610614785	1223075246	[CLS] when susan was with chloe , susan said wish brady well for me as if she hadn t seen brady , but she did visit him only 0 episodes ago . did the writers forget that 	2
1359490834211733504	1296069528925986817	[CLS] i may have to come pay you a visit 	1
1359485969167245313	1009440197099040768	[CLS] visit 	1
1359485427284127746	1009440197099040768	[CLS] today schedule a . 0 to 0 ##pm , work hard to make the boss rich . b . 0 ##pm to 0 pm , start pointing people to your free website , visit click on ct ##fo 	1
1359481840881516544	135541985	[CLS] “ the world reveals itself to those who travel on foot . ” werner her ##zog 	0
1359444905475645440	1009440197099040768	[CLS] if you can point people to a free website or mail a post ##card , you can earn money from home , visit , 	0
1359385198765432834	16874723	[CLS] recovered from co ##vid you may be able to travel without a vaccine passport 	2
1359378130700492801	16874723	[CLS] air ##bn ##b hosts can request guests health information before checking in 	1
1359359161436426240	474482756	[CLS] i wanna go visit but id ##k if they ’ ll even remember me 	2
1359341264332861442	838892076095918080	[CLS] war criminals briefing ##s at ##lea ##st , they cannot travel to 0 countries . 	1
1359328553532284928	1074287190	[CLS] hotels . i remember those . travel was great , wasn t it 	1
1359323352989634563	2971453463	[CLS] do you ever visit nyc 	0
1359321122441990149	352580700	[CLS] “ black american and asian solidarity throughout history ” with and august wilson room theatre , film , tv , travel , politics . today , feb 0 at 0 0 pm est on 	1
1359295748194598916	1358981062345523200	[CLS] say hello [unk] to ™ straw . say bye to plastic we provide you fully and home straw that functions and feels just like traditional straw visit our website to request free sample 	0
1359293005560184838	62350999	[CLS] up ##pit ##y that ought to be a automatic visit to twitter jail . 	1
1359291958578065411	2242761	[CLS] oh ha ##ha ##h my travel expenses are 0 . awesome . 	0
1360012355757895681	897800636099690497	[CLS] visit the band sisters super sized , finger licking prison farm raven terri ##ne 	0
1360011941452926976	424586525	[CLS] happy lunar new year eve after 0 weeks , my parents are finally co ##vid negative , and they were able to visit me in new york it was our first time celebrating the holiday together in 0 years . we made dump ##lings 	1
1360008628095303686	813422719232516096	[CLS] visit me 	2
1360004689685807107	567459938	[CLS] i think molly was being hopeful and i am sure she will adjust her travel plans to the conditions prevailing in july . 	0
1359998266725830657	803639496386355200	[CLS] when you visit [unk] though you don ’ t get the sense that they are in such a hurry 	1
1359998040208203778	3027955583	[CLS] bye cv ##s i am taking my bu ##iss ##ness across the street to wal ##gree ##ns . if wal ##gree ##ns ban ##s my pillow i will take my bu ##iss ##ness one block down to jack s and so on . i will not hesitate to travel across the street to avoid stores that ban my pillow . 	2
1359993240536166401	62862846	[CLS] my left side on the regular ones stopped working like 0 months in using it and it ’ s hard to get a time to visit the apple store sm ##h 	2
1359990456956911617	1337958340014592001	[CLS] of course he would . he lucky fred hampton jr didn ##t pay him a visit 	2
1359976398467829760	3023363075	[CLS] wonderful you have an open invitation to the t ##mal ##s family . we are so proud of you and all you represent to our community . . . your visit brought all of us joy today at a time we really needed it . keep it coming [unk] 	0
1359657913413894144	1116951145409392640	[CLS] be the difference , make a difference is not just a imperative for ai ##c founding member it s a 0 days a year way of life . read more on this exciting travel in the member memo on our website . [unk] 	1
1359966372344791042	15996789	[CLS] nz is a special case . it ’ s surrounded by ocean so all travel in and out is trivial ##ly control ##lab ##le . i can say one thing though only some world leaders understand exponential growth . 	1
1359957402490134530	993245107821465600	[CLS] business travel never the same again . not even close . and that ’ s what pays the bills for airlines 	2
1359956755061555208	1688380896	[CLS] [unk] reminder nyc public schools will be closed tomorrow friday , february 0 , 0 in ob ##ser ##vance of [unk] . there will be no remote or in person learning . meal hub ##s will offer free meals from 0 ##pm to 0 ##pm . visit to find a location near you . 	2
1359952044350660613	2374079065	[CLS] our traffic safety officers stopped by our senior center on rock ##away boulevard to hand out flyers again great community visit . 	1
1359951022966394883	3679404797	[CLS] our own very fabulous 0 ##nd grade teacher ms . hill ##ery received a special appreciation visit from the bachelor and t ##mal ##s got a shout out as [unk] thank you 	0
1359942614959722502	40900881	[CLS] this month of gives you a chance to get out there and make a lasting difference in nyc , especially if you ve never volunteered in this way before the next outreach is happening in two days on the east side . if you d like to help out , visit [unk] 	0
1359940423020593152	1346942144	[CLS] do not travel in austin , tx area . freezing rain is a real threat 	2
1359937851144691714	17578324	[CLS] paid a visit to the headquarters yesterday . [unk] bronx zoo 	0
1359930618461777921	513663188	[CLS] i have all the fen ##ty skin products and love them but i can justify buying that travel tooth ##pas ##te size eye cream for 0 	1
1359920275022880771	808716329398181888	[CLS] today i received my first dose of the vaccine . . . it didn ’ t hurt at all sign up to get yours too visit 	2
1359919615950934018	1090608723905708032	[CLS] please also address the issue that met ##had ##one di ##sp ##ens ##ing facilities are highly uneven ##ly distributed in ny state . a more well throughout location ##al strategy will help so patients don ’ t have to travel so far to get treatment . 	1
1359906696001433609	963764892342935552	[CLS] beginning february 0 , new yorker ##s with certain underlying conditions will be eligible to receive the vaccine and can begin scheduling their appointments on february 0 ##th to determine eligibility and schedule an appointment visit or call 0 0 0 . 	0
1359904752121839620	152448004	[CLS] sometimes when body d ##ys ##mo ##rp ##hia comes to visit i just send him my latest underwear self ##ie 	2
1359904313477324801	1026968186	[CLS] 0 days away from my campaign kick off . looking forward to seeing my friends , family and supporters . visit or email info to rs ##v ##p . 	0
1359899786376343555	334494122	[CLS] i lived in texas for a bit and i visit regularly . inch of snow destroys them . they have no understanding of how ice works . if they can do 0 they re doing 0 	2
1359899436034510849	3246501357	[CLS] [unk] endorsement alert ##the is proud to end ##ors ##e for council district 0 . we are thrilled to work w pier ##ina know that she will hit the ground running when elected . to learn more about pier ##ina how to get involved visit 	1
1359897055074922508	1041279416	[CLS] well in my case , i don ’ t live with my family members . i live alone . if i were to travel to cal ##i for example , i ’ ll take these measures when i fly back , i get tested again and still qu ##aran ##tine for 0 weeks before seeing anyone new . 	2
1359895165092126721	3307122141	[CLS] as a sa ##git ##tar ##ius i must travel . see ya 	1
1359891557747417089	1041279416	[CLS] as long as you follow protocols , get tested before after flying depends on where you go , get tested when you arrive qu ##aran ##tine , do social di ##stan ##cing activities , and don ’ t fly to countries with a high population of indigenous pp ##l or high poverty . . . you should be good . lo ##l 	0
1359891462054416388	97273575	[CLS] one visit to the east village and he ’ s sid vicious . 	0
1359889687494721541	3314157681	[CLS] hey can y ’ all hire me so i can travel around the world and document different pp ##l and culture . k thanks [unk] i take some wild portraits of pp ##l . 0 thailand ##0 la ##0 0 colombia 	0
1359886855894937602	884423902054809603	[CLS] that fits tightly to your face to reduce the spread of co ##vid 0 . a new cdc report found that appropriate sized masks reduced infectious particles by 0 . to learn more , please visit the cdc website . 	0
1359882734538289159	336248276	[CLS] i def need a travel buddy one with a passport cause once they start opening up shit we out no cap 	2
1359880867657744387	2294806395	[CLS] if i ’ m being so honest what keeps me the most motivated in this life are two things 0 . i want a beautiful home 0 . i wanna travel the world 	1
1359880377330974723	404633223	[CLS] i will make it a priority to get out there and travel and shoot more once i get better . no excuses . i miss shooting and i miss exploring . but most importantly , i miss me . 	2
1359876111161819151	1186752470690729985	[CLS] so i can travel travel [unk] 	0
1359875443051134978	2803993319	[CLS] disabled have to travel long distances before finding a site if you can get an appointment and the shame is there are 0 hospitals both mont ##if ##ior ##e that don t give va ##cci ##nation ##s at either hospital . the mayor calls it a game i call it systemic racism and that ##s the facts 	1
1359870674832158720	135541985	[CLS] i really have to wonder about the end ##game for politicians who want to keep us locked down despite science di ##cta ##ting otherwise . and are systematically destroying our great city . “ the world reveals itself to those who travel on foot . ” werner her ##zog 	1
1359868242462973956	2298888589	[CLS] i m discussing “ new york travel ” . today , feb 0 at 0 0 pm est on join us 	0
1359860807648083974	16874723	[CLS] white house looks at domestic travel restrictions as co ##vid mutation surge ##s in florida 	1
1359856771003785217	1081690339361071105	[CLS] i ll come visit you and we ll do the wild [unk] 	0
1359855494865817600	31066684	[CLS] make a plan so you ’ ll be ready when it ’ s your turn . our personal ##ized , state by state guide will help you navigate when and where you are able to receive the co ##vid 0 vaccine . visit to make your plan . 	0
1359854634140119042	2174887676	[CLS] visit the website at 	1
1359853491678810113	933757658640904192	[CLS] happy chinese new year to all my friends welcome year of the ox we can look forward to better fortune and luck in friendships 	0
1359853213760057347	1164904916487483394	[CLS] thank you for the follow not sure if i ’ ll visit sweden . if you visit nyc , let me know so i trade you rate pokemon [unk] 	0
1359850028651728896	1209258427458949121	[CLS] wish him a short travel to a fiery hell 	2
1359846897771552769	2730250464	[CLS] ev rider auto folding sc ##oot ##er west orange , new jersey 	1
1359838955739430915	731803688	[CLS] he was absolutely right that travel ban wouldn t stop virus by mid march . it was much too late , as the china travel ban had been six weeks earlier . 	2
1359819100697096192	1320607308234297345	[CLS] after that visit to the dominican ##s , their lives had never been the same 	2
1359818490354536448	1000235943503286272	[CLS] keeping the only bar in nyc is vital black queer histories are also black history and they often start at social corners visit foot the bill initiative and buy our designs ll proceeds go directly to us 	2
1359810731932319750	30189340	[CLS] 0 travel facts that probably you did not know but you want to know 	1
1359802202529931265	112500859	[CLS] 0 membership spotlight ##the si ##ed ##c is grateful for the support of our members and sponsors . we will be featuring si ##ed ##c members who have signed up for 0 in this ongoing series . to join visit 	1
1359802147483901954	112500859	[CLS] 0 membership spotlight ##the si ##ed ##c is grateful for the support of our members and sponsors . we will be featuring si ##ed ##c members who have signed up for 0 in this ongoing series . to join visit 	1
1359802095864598533	112500859	[CLS] 0 membership spotlight ##the si ##ed ##c is grateful for the support of our members and sponsors . we will be featuring si ##ed ##c members who have signed up for 0 in this ongoing series . to join visit 	1
1359797942484402178	1009440197099040768	[CLS] correction visit 	0
1359795061886697473	1009440197099040768	[CLS] earn money from home by giving away free post ##cards like the one below , visit click on ct ##fo 	0
1359769358122299394	40951432	[CLS] from the archives [unk] • • • • • • • • new york city 	0
1359765526080274437	48755145	[CLS] fan girl ##ing in new york city . in fantastic show and trip to ny with oh ##hh to be able to travel new york , new york 	0
1359737986758418434	906940187439181827	[CLS] i would love for you to come visit too 	0
1359728726259433472	2297660780	[CLS] [unk] new mer ##ch alert [unk] we just found an entire designer perfume collection including pr ##ada , bu ##rber ##ry , more make sure to visit our wal ##d ##wick , nj mansion estate sale this weekend . want more details text ed 0 0 0 . see you then 	1
1359715931954573317	517770840	[CLS] a man charged in the us capitol insurrection requested permission to travel to peru to get married 	0
1359705264459546629	973335392	[CLS] next time i ’ m in phil ##ly i ’ ll come visit you and i ’ ll tell you a story [unk] really was once upon a time [unk] 	0
1359701525183008771	1251012582716116993	[CLS] finding out that bella can travel at the 0 weeks bb ##y will be home next month [unk] 	1
1359694477351411713	326798233	[CLS] [unk] me too ##o so glad i got to face ##time you the other night cannot wait to visit when it ’ s safe 	0
1359693301327290368	137149554	[CLS] speak for yourself . this proud american welcome ##s this brit to visit this country , so fuck off . 	0
1359691405208260610	1095847688686497792	[CLS] if you would like to make a donation you can visit our amazon wish ##list or donate to 	0
1359688196666372103	119155159	[CLS] i paid my first visit last weekend to the african burial ground in manhattan . it is the oldest and largest known excavated burial ground in north america for both free and enslaved africans . it under ##sco ##res the role slavery played in building new york . [unk] 	1
1359687541495111688	252783328	[CLS] the sun has just set behind northern pennsylvania s endless mountains and the cold waters of the susquehanna river wind through the january scene . for a 0 ##k version of this picture and many like it , please visit [unk] 	1
1359686859866128391	966820888946425856	[CLS] i ’ ll just have to walk through waterfront condo ##s on riverside boulevard or fly to sunny isles beach in miami before i fall in love again . [unk] my building at one manhattan square . 	2
1359673284661551105	252687024	[CLS] nyc advance warning system nyc emergency management issues travel advisory for 0 0 ##pm through 0 0 ##am thursday . read full aw ##s here 	1
1359668894890414080	2845336370	[CLS] the college i teach at cancelled spring break which is good to di ##su ##ade travel , but it s gonna be a long sl ##og 	2
1359668264163553281	28725944	[CLS] i ain t ready to visit smith again one day and see y ##t folks treating it like a dog park and chilling on the plots like it s a picnic . they were already doing that before and it s just gonna get worse . 	2
1359666226746769415	3027955583	[CLS] people in li have been traveling to low income neighborhoods and taking vaccines from elderly living in low income areas that can not travel . they want to be able to cross borders go into low income neighborhoods to take but complain about low income going to their neighborhoods . 	2
1360018372298240000	1359824264036294657	[CLS] look forward to it every time i visit the chi ##rop ##rac ##tor 	0
1359654385362628612	268586027	[CLS] white house looks at domestic travel restrictions as co ##vid mutation surge ##s in florida 	1
1359653731021713409	2342401656	[CLS] the water ##color ##s hood ##ie is here in un ##ise ##x sizes s xx ##x ##l . the unique mix of colors matched with the classic o ##c design brought this piece to life . visit the website to purchase . [unk] new york , new york 	0
1360376150334259205	352580700	[CLS] like y ’ all wanna visit the famous bronx steps like that shit ain ’ t in the fucking hood . . and while most people are good in ever hood they go to . . some of y ’ all are not . . 	1
1360367053861978115	185485574	[CLS] until april 0 , eric fires ##tone gallery in nyc will be featuring the exhibition “ mosaic is light works by jeanne rey ##nal , 0 0 ” . reserve a time to visit [unk] j . j . del rosario © 0 	1
1360358380376834050	1290290872819515393	[CLS] fortunately , coyotes are in ##fr ##e ##quent visitors to manhattan during their breeding season now they often expand into new territories and we ’ ve had several visit central park in recent years . as long as folks pets keep their distance , we can expect all parties to survive 	1
1360353031619891202	34139148	[CLS] open house saturday february 0 , 0 0 0 0 ##pm . come visit this fabulous new home . the gan ##do ##lf ##o team at century 0 american homes 	1
1360346354812387330	278636599	[CLS] again , tonight s stream is brought to you by thanks for providing access to and the boosted app and level 0 server we ll be using . show them some [unk] and visit and sign up for a free account . 	0
1360345942570975235	15937071	[CLS] he didn ’ t know on jan . 0 ##th that pen ##ce was in danger because . . . the imp ##ea ##chment that came weeks later happened too fast [unk] you suggesting time travel is involved somehow 	1
1360344657444618243	5977582	[CLS] is fantastic . i ’ m gonna go to the virgin islands as soon as i feel like i can travel again . 	1
1360339772259127296	20356655	[CLS] i m discussing “ travel industry technology disruption ” with oskar br ##uen ##ing , and wednesday , feb 0 at 0 0 pm est on join us 	1
1360338271318982664	304671643	[CLS] goodbye to the rat , hello to the ox [unk] 	0
1360334991687901186	128711010	[CLS] got a weird letter a couple of weeks ago , asking how my recent hospital visit went . i had not been . now , there s a charge to my insurance for a visit to an emergency room . i had not been . i m going to try to contact my insurance company . . . but it s weird ##ing me out . 	2
1360328402843140099	1355895481109516289	[CLS] authentic not ##ary is here for your not ##ary needs . need a document not ##ari ##ze think of me i will travel to you . [unk] book an appointment on our website . 	1
1360323783429660676	304671643	[CLS] in honor of abs ##alo ##m jones , born a slave in 0 , he founded the the free african society in 0 0 ##st black episcopal congregation in 0 . [unk] 	0
1360318058959679491	886738653808144384	[CLS] the 0 ##nd drop for our b ##hm sound off with is now live . this week we are featuring london based dj ’ s [unk] here to listen to these mixes read the q a with 	1
1360313215264067586	1090244790749446148	[CLS] ba ##al lineage big opening today at 0 0 utc 0 brazil visit website link in bio and pre download our client or patch em link in bio 	1
1360307604896034816	846532237801738243	[CLS] marco rub ##io responds bid ##en ad ##min floating idea to limit florida travel via americans rights are being protected by florida ’ s leadership . florida sd a role model for the [unk] . 	1
1360307157715984384	368893556	[CLS] all couples are invited to join for a virtual culinary event visit for more info and registration . trinity christian center 	1
1360300426332020738	22149395	[CLS] fr ##ese ##nius medical care is looking for teammates like you . see our latest rn , dial ##ysis nurse , travel nurse , rn roles job openings , including travel dial ##ysis registered nurse new york , ny , via the link in our bio . 	1
1360292999092178949	74622499	[CLS] had to visit room 0 today with a few of my friends to write what i am grateful for thanks for the invite that board is really filling up [unk] 	1
1360292335083479044	1414130274	[CLS] love the “ . . . . . and what ##not . ” pop ##gen and favorite lunch spots in lap ##op ##gen and spot ##ify play ##lists ##pop ##gen and dream travel destinations possibilities are endless [unk] 	0
1360290772461961217	2716256951	[CLS] got the chance to visit our sister store today . spent time w our ns ##oe ’ s and sd taking this dog with me [unk] 	1
1360289924315033602	1360286701730598915	[CLS] a beautiful night in new york city [unk] [unk] 	0
1360289596962181127	16013544	[CLS] but bid ##en is about to ban travel to florida . lo ##l 	2
1360287210440908804	2164819860	[CLS] we are running a saturday schedule for presidents ’ day , monday february 0 ##th ##for schedule details visit 	1
1360285454315184129	66213706	[CLS] need custom stick ##ers unlock a free 0 credit from when you visit 	1
1360276991057006595	920858319610400769	[CLS] trying to explain to people that you can ’ t spend the night or travel out of state even though you ’ re above 0 because your brown parents do not play that shit 	2
1360274338729979904	1091741323940499457	[CLS] a moody departure of a recent surprise visit of a a ##0 from j ##fk . this is another special collaboration , photo shot by me with a special edit by my friend ja ##vi sanchez of barcelona 	1
1360270373783302146	27935170	[CLS] i ’ m such a hopeless romantic . all i want to do is fall in love over and over again while we travel the world enjoying foreign cuisine , and exploring our love languages . 	1
1360269138967597058	94414042	[CLS] i ’ ve attended many events at and look forward to many more post “ the vital pulse of the arts and entertainment industry helps define new york , one of the key reasons that 0 million tourists visit the big apple annually ” 	1
1360269081308499970	713104410	[CLS] potential ice storm threatens tri state travel danger , power out ##ages this weekend 	1
1360259059446919172	94414042	[CLS] are you in the travel industry cc 	1
1360258501554167808	40900881	[CLS] we ’ re working hard today at our times square community center to provide fresh food for all those struggling in midtown please come and visit us at 0 west 0 ##th st if your family is in need of assistance right now . we ’ re here to stand with you during this pan ##de ##mic [unk] 	1
1360255836342390788	342448223	[CLS] “ i wish i could freeze time so we could travel to the past and we could re ##wind . ” 	2
1360254220465811467	91216548	[CLS] click on the youtube link or visit the met site for more all kids program online for the lunar new year 	0
1360250509584662528	23208179	[CLS] it ’ s okay if you want to travel in the pan ##de ##mic and it ’ s if you don ’ t want to , lo ##l but me i ain ’ t finn ##a sit in this house waiting for a virus to disappear for the next 0 years [unk] 	1
1360247739485982721	445986659	[CLS] your biggest challenges provide your biggest rewards . thank god it ’ s friday and wishing you all a happy weekend [unk] visit 	0
1360244095541776389	220343743	[CLS] hey y all help us build out our new channel please visit and give us a follow . with my co creators you know you re getting creativity , drama , and more than a few spit takes . 	0
1360234612694405123	1349134188457426950	[CLS] wrap up the end of the week with a quick visit to our newly formed apparel shop sport your favorite logo varieties we ’ ve got you covered . 	1
1360233907506020352	837696233938497536	[CLS] [unk] store visit yesterday with and the crew [unk] signature pp ##v [unk] [unk] signature upgrades [unk] cross is down with the but we ’ re are taking over westchester county [unk] [unk] 	1
1360233799704002560	40900881	[CLS] “ remember that the ha ##pp ##iest people are not those getting more , but those giving more . ” h . jackson brown jr . we re always in need of help at our corps throughout new york if you re looking for ways to serve your neighborhood during this pan ##de ##mic , visit 	1
1360233319867252739	321502536	[CLS] . . do u and all the staff promise to visit , ms . stokes at st . luke ##s hospital . . 0 months from this sunday , mrs . ro ##sco ##tto . . [unk] 	1
1360231881137139713	501203441	[CLS] today is pa ##ja ##ma day and a special valentine ’ s breakfast in class even if we are remote , we can still have fun even had a special visit from who had breakfast too [unk] 	0
1360231123570335750	15533854	[CLS] i typically enter penn from the subway and never noticed this magnificent structure . ala ##s , it does not connect to nj transit , so will need to visit the remodeled interior tomorrow instead . 	1
1360230409687203843	14848078	[CLS] that would be ideal but it needs special consideration given how popular the route is , to not create bottle ##neck ##s and let larger faster packs safely over ##take . though perhaps they would just take a travel lane like they do now , instead of using the protected lanes . 	1
1360207715985989632	444061116	[CLS] for a long time now the sense of hopeless ##ness of many had been strong . at the very same time as social media education travel have raised expectations enormous ##ly . this ju ##xt ##ap ##osition is an explosive dynamic es ##p in young males . been raging since independence 	2
1360202228724858886	1097947197541367808	[CLS] join us at 0 ##pm est for our first club house business travel conversation 	1
1360199482701455362	101970219	[CLS] focus helps bays ##tate health save 0 , 0 per visit in risk based population 	1
1360186477561413633	16223941	[CLS] . . . that is at or below freezing 0 degrees f , creating a g ##laze of ice on the ground , trees , power lines , or other objects . even light accumulation ##s can cause dangerous travel , while heavier amounts can cause significant damage to trees and power lines . a significant . . . 	1
1360158756001226755	2362407762	[CLS] keeping travel incentives alive 	1
1360155035963977728	1009440197099040768	[CLS] of having no money to pay your bills or have fun with your family start mail ##ing free post ##cards from home , visit click ct ##o . 	1
1360108101022670848	1090608723905708032	[CLS] exactly , the further patients have to travel for drug treatment , the lower are their chances of success in treatment . then why would not place met ##had ##one clinics near where patients live 	2
1360100719924281350	39419107	[CLS] celebrate black history month with these free virtual events 	0
1360069913566736385	1049484714682306560	[CLS] does it make you feel any better to know my ##t was entirely benign she s a little kid herself according to the museum . her sar ##co ##pha ##gus is currently off limits and i feel bad that i can t visit her a little better i feel like i baby ##sat her that year too . 	2
1360052421326757891	822049969943154689	[CLS] they went to farm up state . the get to run around and be happy . you can t visit , but they re happy . 	1
1360050542668619777	39899632	[CLS] super excited that my new dar ##ley venture is featured in starting this new adventure with a fellow female entrepreneur 	1
1360046955540447233	241362886	[CLS] to learn more about my accomplishments as an advocate and community organizer in city and statewide campaign wins led by the people that can el ##eva ##te the visit and at 	0
1360035892170219523	701933244623618048	[CLS] how could i say no to that i ’ ll visit you for horseback riding [unk] [unk] 	0
1360034722789875713	1331769929394245632	[CLS] for anchor she has been reporting from around the world , add [unk] to her travel list . nora ##h i m going home . captain pic ##ard oh nora ##h , we are home . we live here now . on mount paramount . isn t it glorious 	1
1360034553839157249	1346942144	[CLS] “ travel may become impossible and possibly life threatening ” 	0
1360030387196551170	2510841282	[CLS] here i was in xi ##an famous for terra ##cott ##a soldiers and their outdoor street market in august 0 . i can t wait until the pan ##de ##mic is over so that we can officially travel again explore new foods 	1
1360029256705863683	633913421	[CLS] i lived in dunedin for several years of my youth . would love to visit cousins and watch football there with all the canadian new york refugees [unk] 	1
1360021003762626560	71595759	[CLS] i get a chance to travel a little and get some great pictures this weekend . stay tuned . 	0
1361057652407730177	1259719414464884737	[CLS] wow . . . . i want to visit this underground church i never would have thought about underground im amazed that which man has created when he she allows hiss ##el ##f herself to be vulnerable to allow creativity to flow freely as in these moments of vu ##ln ##era ##bilities is keys and path 	2
1360738972142604291	19257498	[CLS] travel column didn ’ t win rachel alexandria 	1
1360731960839135235	119518318	[CLS] travel rig new york , new york 	0
1360728466656817153	1176500911	[CLS] here s a listing of our restaurants to visit this valentine weekend . indoor dining is back , at 0 . be safe and support local 	1
1360723432149671936	22375981	[CLS] had to visit the me ##ow on her birthday happy birthday to best bartender ever the bayou 	0
1360721539587522563	186258648	[CLS] the best compliment you can get is when your mom comes to visit you says your place looks clean . that ’ s when you know 	0
1360718846458486791	1343293381405904897	[CLS] this is the line to check in to the t ##wa hotel no self check in and 0 people working the desk [unk] 	2
1360717954556563456	1294756727766867969	[CLS] might visit 	0
1360713788048232451	18618770	[CLS] the nos ##h for a visit — sweetness for the year pine ##apple tar ##ts , on ##de on ##de g ##lu ##tino ##us balls filled with palm sugar topped with fresh coconut , panda ##n cake homemade pork chi ##ve for good luck and fortune . 	0
1360711103974670338	78150104	[CLS] da ##kar acc ##ra hanoi san jose salvador bahia mana ##gua okinawa taipei je ##on ##ju lisbon seville . have to travel to each one to narrow it down . 	2
1360705860125790218	5384642	[CLS] it still drives me nuts that in that movie they were just like “ oh right time travel yeah super easy ” and then it never came up again [unk] 	1
1360705679779115023	891716678509371392	[CLS] check on your globe ##tro ##tting friends who ain ’ t fool or selfish enough to travel abroad during a global pan ##de ##mic . we ’ re not okay . 	1
1360701623237021701	46645097	[CLS] take me away [unk] . . . . . . . sunshine 	1
1360699815475240966	2499819646	[CLS] the whole go ##p is a dangerous disgrace , making a mock ##ery of democracy , the rule of law , the constitution . . . everything this country stands for . may karma visit each of them swiftly best ##ow upon them the justice they deserve for choosing party over the well being of every american . 	1
1360696568853254144	21275112	[CLS] travelling with my 0 young kids at gate 0 at j ##fk airport . flight is delayed bc they say pilot is late no updates available . please let us know what s going on . 	1
1360686645436104705	22516507	[CLS] sometimes u gotta travel somewhere alone and enjoy your own damn company w a lot ##ta weed . 	2
1360676381772963848	3127594719	[CLS] you really want to get to know someone travel with them . 	1
1360669730802044929	446736121	[CLS] are we allowed to fly to other countries now with a us passport 	0
1360666842965155844	1328863947777249285	[CLS] i m missing when friends visit and we go to lunch and order a bunch of food and drink bloody mary s and then do blow in the bathroom for dessert 	2
1360664880546734084	3038029372	[CLS] so ##ar scholar is proud to offer again two students from primary school a 0 usd scholarship towards their 0 0 high school tuition , books , and fees . deadline april 0 , 0 . visit source 	0
1360662405789941766	836996947856613376	[CLS] when you travel around the world if you do , be careful , pushes over or not by trump threats doesn ’ t justify the patriot ##ism ing ##rained in your blood ##line , what would your fore ##fat ##hers do if you could bring them in as witnesses too at ##test too high crimes 	1
1360655788730114064	1049171	[CLS] we need to confirm . . . our travel plans . 	1
1360653092006551552	147516034	[CLS] z ##ona de amor new york , new york 	0
1360647971189125120	147516034	[CLS] new york , new york 	0
1360636299716214786	344266095	[CLS] would love to visit sometime in the not too distant future stock pic courtesy of photographer 	0
1360622722611617792	27771819	[CLS] it ’ s not sp ##ree . it ’ s a sc ##am . also that photo was taken from a garden of dreams visit to a hospital 0 years ago . 	2
1360617179641692161	1064026080124854273	[CLS] nice try i suppose . shortly after praising china he found out china was lying and the who was actively working to help china hide its cu ##lp ##ability in the spread of co ##vid 0 . he banned travel to and from china allowing only us citizens to return home and left the who . 	2
1360612802738724865	142267469	[CLS] i would too . . . but can we hope to return to travel safely in 0 	1
1360612021331443714	288937630	[CLS] added it to my bucket list on so i can stop by next time i ’ m in atlanta . can ’ t wait to travel again 	0
1360605088109240321	2755819181	[CLS] see the thing is the virus is airborne so the fact that students must be subjected to learning as if they re having a 0 min visit in a max security prison , makes the school to prison pipeline so much more visible . pun intended 	1
1360604753512837120	1081963083243966464	[CLS] dripped down ##nn [unk] exclusive accessories apparel are [unk] — visit my online boutique by clicking the new york , new york 	0
1360602172270985217	807512228	[CLS] february marks our 0 year anniversary happy birthday to us come celebrate with us all month long we re open tu ##es sun , 0 ##pm to 0 ##pm . for a current tap ##list , visit 	0
1360600739945598979	42047224	[CLS] valentine ’ s day is in less than 0 hours but that ’ s ok we ’ ve got you covered . visit our website at and check out our sweet treats curb ##side pickup on all orders available 	1
1360595946011299843	21643324	[CLS] it says everything that despite this , mccarthy went to visit him weeks later to kiss the ring 	1
1360591351142780931	828445012304265219	[CLS] they travel in a pack 	1
1360590624416792580	227788561	[CLS] i d love to receive one i ve been having a rough time as of late , as i had to put my cat down and i ve been separated from my boyfriend for 0 months because of the travel ban . 	1
1360583837605126148	1597337148	[CLS] please work on lifting border restrictions for us residents who are va ##cci ##nated . i am va ##cci ##nated and all i want is to visit my va ##cci ##nated grandparents in toronto but the borders are still closed [unk] 	2
1360566410162896897	302950088	[CLS] icy ##mi were back on the frozen tun ##dra yesterday for first day of preseason practice . hawks look to defend big south title beginning march 0 when they travel to robert morris for spring season opener . 	1
1360560847798628357	709699991758086144	[CLS] just wanna dog i can travel with , cause the one i got now . . . is fucking ma ##wd 	1
1360557388605116416	2345624612	[CLS] 0 stagecoach mary fields 0 ##st black woman star rt carrier in u . s . . the fastest , never missed a day . if it snow ##ed , horses were unable to travel , ms . fields delivered the mail with the mail sacks on her back . her town would close their schools on her b ##d . retired 0 	2
1360543786825363457	1009440197099040768	[CLS] earn , money from home mail ##ing free post ##cards , visit click on ct ##fo . 	0
1360487214350802950	236435263	[CLS] it is seriously on my bucket list to visit paris during a protest . 	1
1360478784009469953	3126937741	[CLS] [unk] my heart goes out to everyone involved this is awful . we should not travel with snow on the ground 	2
1360462689991094279	129305568	[CLS] this is insane . my song [unk] and i are on the same play ##list as [unk] , i know it might differ for each listener but hey i have a screens ##hot . visit this link to play the play ##list spot ##ify curated [unk] [unk] 	1
1360454444421439490	95303162	[CLS] one of my favorite places to visit l ##m ##k if you need recommendations . 	1
1360438516547747840	28945033	[CLS] one of the things i like the most about this movie is the fact that it ’ s a sequel that ’ s not really a sequel . if you know what you ’ re looking for , then yes it ’ s a continuation . but it 0 works as a vacuum weird superhero time travel story with no prior knowledge required 	1
1360432182112706562	423943090	[CLS] they claimed on this show that there was no such thing as other life because faster than light travel was impossible then turn the page . in 0 scientific proof of faster than light travel was found . same this show ok people keep turning the page and accept all [unk] 	1
1360427035089391616	530792255	[CLS] gong hay fat cho ##y [unk] a prosperous new year and may the year of the ox bless you with health , wealth , and happiness . 	0
1360415926139711488	39899632	[CLS] love travel and sc ##hit ##ts creek [unk] 	0
1360408968317796353	81640100	[CLS] come visit 	0
1360408115716513792	1306996616298102785	[CLS] imagine having an entire 0 bedroom apartment with a boyfriend who d watch you sling dick to a ni ##gga right on the couch you want me to travel to you some 0 miles away after i just put half the rent up on pay ##day . ain t no way in hell . ill beat my dick first 	1
1360401533922381828	341528314	[CLS] my last year s feb was chilly and cold . . . i hope this year , you re mine to hold [unk] [unk] brooklyn bridge 	1
1360400057682571269	142267469	[CLS] i wish . . . but i am still in nyc , and cannot travel . is there a streaming scheduled . anyway , all the best for the upcoming performances . 	1
1360392790102978564	3293337327	[CLS] billionaire ##s like be ##zos mu ##sk care more about space travel than benefit ##ing their own employees . 	1
1360386778797080576	707569994062663681	[CLS] today , 0 . 0 . 0 marks exactly one year since i ’ ve flown . my last plane ride was an uncertain descent into the 0 area code aka nyc on 0 . 0 . 0 . i liked how those numbers worked out and was happy to be home but i miss travel , intensely . 	2
1360384129955733504	42333137	[CLS] i will come visit us 	0
1361101719753682951	108166270	[CLS] we re trying all these restaurants out so we know where to bring friends when they visit . or at least we thought . we just really like this one japanese place and the bb ##q place a lot . 	1
1361100799628173332	62862846	[CLS] helsinki having heated sidewalks is so fly to me . 	2
1361096330668630018	1352286202624409601	[CLS] took my first visit walk around nyc with my human we went down 0 ##th ave and then through times square . boy chilly , but i was wrapped warmly with lots of treats . 	2
1361089060614340608	1179707024474550272	[CLS] you need to know what you ’ re talking about before you talk about it stop trying to judge other people and worry about yourself or children did you visit or what children ’ s did you help 	0
1361088307959070723	21407747	[CLS] i ’ ve driven this stretch many times in my life . very close to my hometown . damn . 	2
1361079518753079296	147516034	[CLS] free ##ee ##ee ##zin cold new york , new york 	0
1361078252832509953	1220021184319889408	[CLS] i have a couple food places i wanna try so bad but i don ##t cause i don ##t drive [unk] . . . i really gotta visit these places tho dead ##ass 	2
1361077420107960320	814942562070970368	[CLS] everybody be pressed to come to nyc to visit times square until they realize that na crack ##heads full that [unk] 	1
1360745984221929476	1356638134705004545	[CLS] i know my worth ik ##m ##w llc . come and join the ik ##m ##w family . like comment and sub ##scribe to the youtube channel and visit the at paterson , new jersey 	1
1361053190419054593	990717649	[CLS] i william mcc ##ull ##ough 0 ##rd in new ##yo ##rk city usa delicious iced coffee to begin my travel today . king ace of spade and king of spade i ha ##bib ##i i be ##bella 	1
1361045314078199809	65910119	[CLS] i work for an ad agency that s focused exclusively on travel and destination marketing 	0
1361037293985947653	216888457	[CLS] i love behind the scenes this is john dim ##art ##ino and i re ##hear ##sing last week for the show today won ##t you join us at 0 pm est tickets 0 ##vis ##it my website or link ##in ##bio to grab ur lives ##tream pass 	1
1361035308683386883	1050823058968203265	[CLS] i miss u andrew , visit us soon 	2
1361034234102693891	742913791780900864	[CLS] 0 years since park ##land and what has been done gag paid a visit to the office of rep . nicole mall ##iot ##aki ##s . . . 	0
1361033011257630720	742913791780900864	[CLS] gag paid a visit to the office of rep . nicole mall ##iot ##aki ##s . . . 	1
1361032241011453959	742913791780900864	[CLS] gag paid a visit to the office of rep . nicole mall ##iot ##aki ##s . . . 	1
1361028950143750148	363745484	[CLS] thank you for following me , right back at ya 	0
1361021940920680452	1192849628204548096	[CLS] he ask you if you visit isa ##rel i see you don ’ t want to answer this question what ’ s wrong visiting is right i don ’ t understand without israel is not going to be peace because he ’ s right is the key 	1
1361020653365788677	1343293381405904897	[CLS] the cent ##uri ##on lounge at has a speak ##ea ##sy hidden in the first floor . pretty cool 	0
1361013392736157698	396738651	[CLS] pp ##l on hi ##nge really try to have u thinking their best travel story is getting kidnapped in an equatorial country 	0
1361006823298506753	1261337610309570564	[CLS] hope ##print ph location la . 	1
1361004700875816963	29995316	[CLS] maybe i will . still a little co ##vid hesitant to travel but i got my vaccine appointments so not out of the question . let ’ s see how it plays out . 	1
1360992829489762308	95269369	[CLS] i wish i could freeze times ##o we could travel to the past and we can re ##wind 	2
1360984704216875010	803458117799411713	[CLS] you are a corrupt criminal a disgrace . get ready to visit your sweet trump daddy in prison with all the state charges coming . or maybe you ’ ll have the cell next door . you are a treason ##ous coward a co con ##sp ##ira ##tor to the inc ##ite ##ment of insurrection . that ’ s your bio in history . 	0
1360984702866370561	1122224797457555457	[CLS] nicole ben ##ef ##ield a sustainable brand dedicated to simplicity and inclusion for more info visit or contact info 	0
1360983431363100672	1343293381405904897	[CLS] good morning for from the 	0
1360982969750589441	1343293381405904897	[CLS] old school boeing 0 parked out on the tar ##mac at 	0
1360982525573758976	1343293381405904897	[CLS] beautiful airbus a ##0 taking off out of j ##fk this morning . 	1
1360978096728518663	993691880	[CLS] tan ##ia called fr advanced tech she cu ##d not get me internet service visit scheduled 	2
1360976631481987073	153642236	[CLS] this , plus all that was covered in ’ s visit to freak ##ono ##mics . . . “ change it to reflect the 0 ##st century , ” to actually prepare our students for the jobs out there today . 	2
1360974257161961475	960920161	[CLS] the many pauses pi ##vot ##s in sports has eliminated and or minimize ##d required travel to jewel events in this traditionally busy 0 ##q window . for the first time in years , i find myself home to celebrate with my family and that ’ s an awesome silver lining 	1
1360963804205641730	103919118	[CLS] maybe you can be the ex ##ec producer one day for a site visit 	0
1360962833077387265	26403115	[CLS] that ’ s on my list of places to visit 	1
1360960679285579788	15941226	[CLS] all the x ’ s , o ’ s and wishes from and grab a mask , grab your valentine and visit the [unk] today bloom ##ing ##dale s ny 0 ##th st 	0
1360958768297705472	3169313744	[CLS] visit these agencies and speak to the people on the line . tell them that you will run a more efficient agency . 	1
1360958415141502976	113252339	[CLS] it ’ s all about time travel [unk] 	0
1360953252095885316	14827129	[CLS] in addition to travel and spirits , i admire your weather reporting here ’ s to seeing non stop sun and 0 plus temperatures soon 	1
1360947630596096007	397400969	[CLS] you need to visit nearby mt . tab ##or . houses that will blow your mind 	0
1360944569748250629	1173139357	[CLS] hey church fans . get to [unk] to pray on [unk] ave . visit [unk] , and read the strange ##ness of truth . 	0
1360943387591999490	26501786	[CLS] getting a visit from home today , so excited to see a familiar face [unk] 	0
1360943110541443073	2343580758	[CLS] boys hoop ##s improves to 0 0 after defeating the par hills vikings 0 0 up next the stan ##gs will travel to motown on 0 0 	1
1360927214380974080	1248207017598160896	[CLS] hi ra ##h fee — will the inc ##lem ##ent weather arrive thursday late in the afternoon or evening i surely hope so . have 0 travel from belle ##ville to the livingston mall and my vaccine is 0 0 0 ##pm . thank you 	0
1360914278270779395	1009440197099040768	[CLS] great , visit 	0
1360900402330353665	385701680	[CLS] i love your new show how i miss scotland and the ha ##gg ##is . so damn delicious thanks for creating this show so people like me can visit from my front room . i can t wait to come back for another visit . the show lifted and broke my [unk] at the same time . 	1
1360867973049815041	1107661872	[CLS] i want need to visit my grandparents [unk] . i miss them but between co ##vid and their age health i gotta keep it on ft 	2
1360852071931469824	2981859827	[CLS] happy valentine ’ s day to all my friends and family out there . [unk] . [unk] [unk] [unk] 	0
1360812792190824449	959264353471123456	[CLS] im over ##due for a doctors visit i know this vega ##n shit got me def ##icient somewhere [unk] 	2
1360807190966190088	172480667	[CLS] i can t wait for my best friends to come visit me in ny so we can broad city this bitch [unk] 	0
1360796495600095237	76695351	[CLS] i ’ ve decided that my career ambition is to host a charity zoom drink paint for with participating . and maybe a visit from i think philanthropic competitive wet on wet painting is an idea who ’ s time has come . 	1
1360796445981433858	128059369	[CLS] i am a new yorker who has bu ##cc ##ee ’ s envy every time i go to texas . i think the kids have to spend more time there . . . when it ’ s safe to travel . 	2
1360788151476908035	146525566	[CLS] i ’ m ready to visit a new city , perhaps chicago . . . 	1
1360780489636929538	65524531	[CLS] i just want to travel again 	2
1360777898718867459	973598478793433088	[CLS] a couple of years back i commented on welcome to fan made video on from my old account that whenever i ’ d visit i ’ d be listening to that song . guess what right now i am in nyc listening to the song [unk] 	0
1360773023704449026	44578937	[CLS] year ##0 day ##0 in this alternate earth . . aces are wild . . er ##rand ##s . . but first self ##care . . trying alcohol wine for the first time . . family visit appreciation . . love has arrived [unk] . . [unk] . . [unk] 	0
1360764447380307969	423943090	[CLS] the concept of time travel is just mental ability of my god souls mind mental lessons won of mental ability i will as a soul have to each place of just me place think of self ##s birth of this planet lesson won grants you a new mia ##dus touch each win in lesson to grow never in ends 	2
1360761619140206592	80984866	[CLS] hope this helps [unk] 	1
1360760167869141000	112500859	[CLS] 0 membership spotlight ##the si ##ed ##c is grateful for the support of our members and sponsors . we will be featuring si ##ed ##c members who have signed up for 0 in this ongoing series . to join visit 	1
1360760112172908544	112500859	[CLS] 0 membership spotlight ##the si ##ed ##c is grateful for the support of our members and sponsors . we will be featuring si ##ed ##c members who have signed up for 0 in this ongoing series . to join visit 	1
1360760057433063426	112500859	[CLS] 0 membership spotlight ##the si ##ed ##c is grateful for the support of our members and sponsors . we will be featuring si ##ed ##c members who have signed up for 0 in this ongoing series . to join visit 	1
1360760006891732992	112500859	[CLS] 0 membership spotlight ##the si ##ed ##c is grateful for the support of our members and sponsors . we will be featuring si ##ed ##c members who have signed up for 0 in this ongoing series . to join visit 	1
1360759950318911490	112500859	[CLS] 0 membership spotlight ##the si ##ed ##c is grateful for the support of our members and sponsors . we will be featuring si ##ed ##c members who have signed up for 0 in this ongoing series . to join visit 	1
1360759905649631233	112500859	[CLS] 0 membership spotlight ##the si ##ed ##c is grateful for the support of our members and sponsors . we will be featuring si ##ed ##c members who have signed up for 0 in this ongoing series . to join visit 	1
1360759858690207745	112500859	[CLS] 0 membership spotlight ##the si ##ed ##c is grateful for the support of our members and sponsors . we will be featuring si ##ed ##c members who have signed up for 0 in this ongoing series . to join visit 	1
1360758182314987524	2456780986	[CLS] thanks again . mentoring my niece kim ##ber ##li to higher levels . heading out to a pre valentine s day dinner in rock ##ville centre the only way to travel . [unk] 	1
1360757676578377729	21373324	[CLS] same if i go to my hometown of columbus except anthony thomas buck ##eye ##s chocolate and peanut butter instead of skyline . 	1
1360753533188980736	2423097732	[CLS] this girl gets on my nerves like you just started to travel once you finally got some [unk] 	0
1360749338847305730	1341594109304291328	[CLS] we are proud of our craft [unk] visit get 0 off with code valentine ##0 	0
