1254923037734043648	18358023	 I think about how I used to get bussed to school and would bouncing all around... Yea...	2
1254916226998034432	1082583160251133952	I ordered some reusable masks from a local clothing designer on Etsy, can anyone tell me in what world this makes sense?I can get to Wilmette in 0 minutes by train, but the masks had to go all the way to NJ first to get to me? What a waste. 	2
1254911013268402177	14259842	 Iâ€™m staying at home other than the occasional requirement to go to work. Iâ€™ll continue to do my part. I hope everyone else will be courteous and respectful of their neighbors by social distancing and being mindful of how they conduct themselves outside of their homes. ğŸ™ğŸ½	0
1254909844383039488	1529570863	 0) took a nice shower0). Ate breakfast0). Going to work.	0
1254901957975773184	571989278	  I agree. I felt this way about FPS and TPS. My son plays fortnite but I donâ€™t feel like heâ€™s gonna go out and kill people. He actually has more fun talking to his friends while playing than anything else. Plus, he watches me play Apex and COD.	2
1254880643458183171	772095122230091779	 Iâ€™ll see u but we not going out. Iâ€™m in the house!!!	2
1254874647646134273	2452283922	Homeboy YOU go out there on the frontline then 	2
1254846851024551936	1350690750	Iâ€™ve been laying in my bed with this towel on, like I donâ€™t have to go to work. 	0
1254825633319923713	484088479	Even after these restrictions are lifted i still dont know if i really want to go out and b around people! I dont trust none of u mutherfuckers!!!!ğŸ¤¨	2
1254822922813931527	21158750	So apparently the psychos on the internet.. Qanon crazies (the same ppl that thought the internet and power would go out everywhere at the same time, still waiting, btw) think Ellen and Oprah are arrested and have ankle monitors bc Ellen was wearing bun by sweatpants lmfao	0
1254809348934680578	1659302616	I wanted to go back to school this year but is it even a good idea knowing it might be E-learning ğŸ¥´	2
1254801684259311618	251950387	Gonna rent a car when my semester is over and go out to Michigan for a fishing day trip	0
1254784270645645314	98297016	 Thats the only reason I don't want to go out to any stores. Lmao.	2
1254781447971368968	236135264	Happy birthday to the queen of this shit  ğŸ¥³ğŸ’™ when this quarantine shits over we will definitely be going out to a fancy meal. Thank you for everything you do Kem!	0
1254779607884034048	319193922	Iâ€™ve always felt the Isiah/Pistons narrative was incomplete. Itâ€™s not about shaking hands or time on the clock. Thatâ€™s how they wanted to go out, thatâ€™s fine. Itâ€™s the way Isiah dipped his head down walking by. Lets just say Horace Grant put it correctly. 	0
1254772308473860104	25009031	Love this  .. going to work to follow your lead ğŸ™ğŸ½ 	0
1254767487339696128	501812066	Sometimes Zoe doesnâ€™t want to â€œgo to schoolâ€ and I donâ€™t make her. And I donâ€™t feel bad about it.	0
1254747400528441345	22635360	Tried to school 'em and gave 'em his own narcotic talk...Told him never stash your money and your work together...	2
1254693955343650816	16345004	It's been awhile since I posted sneakers. Kinda hard to when I'm mostly rocking my usual Prophere beaters when I go out and rockin Yeezy slides in da crib. Figured I'd just post this throwback via IG. I hope you allâ€¦ 	0
1254616292650295298	220813859	Iâ€™m So Sick Of Going To Work ğŸ¥º	2
1254614393075183616	931738558800564224	 like can yâ€™all just go to school, and let every thrive ?	2
1254598532000088065	24310267	Tonightâ€™s definitely one of those nights Iâ€™d go out alone and probably have a great time	0
1254584833822556163	758340189005676544	Going out to eat and eating around people who are not family of close friends is EXTREMELY stressful for me. It is embarrassing to have to explain to strangers or to servers the modifications I need in order to participate in a meal and it contributes to my mental health issues.	2
1254574989715570688	1460296338	Sum bout a nigga who wanna lay up more than he wanna go out donâ€™t sit right w me	2
1254574972489605122	232338863	im tired of going out in public and people dont look like they on month two of quarantine like I do	2
1254561018644135936	4870491361	 We both going out sad. I got a final due at 0:0pm tmmr. I havenâ€™t even looked at the prompt yet, but UNC ainâ€™t let me in math skills at all. We got this.	2
1255284454437933060	113175970	 Isnâ€™t AMC going out of business? So they wonâ€™t be playing any movies!	2
1255277264561897473	3237144902	 Just heard from them today I go to work tomorrow ğŸ™‚	2
1255275312008609804	930608494390251520	I look so cute rn for someone who cant go out	2
1255274224400437248	1197281105407356928	chicago girls on facebook asking other  girls who fucking on these ugly ass niggas in this group lmao... lmao like they going out sorry over these bums ğŸ¥º	2
1255273059969314816	360188566	 I'm just more informed, experienced, and filtering info through my own thought and values process now. Most of us start with our parents' politics. Many stay on autopilot with that.That wasn't going to work for me, I guess ğŸ™‚.	0
1255263393503744000	171898527	  Lowkey I went to school in Louisiana and the name of it was The Plantation. Moms was tweaking.	2
1255258539037265925	3338109135	Pasta Bar... canâ€™t go out.... bring it home.   pick it up   Itâ€™s your way to create your own pasta dish. 	0
1255257623798185984	21530604	Somebody who will remain anonymous cause because this is F'in hilarious finally gave me my Xmas present in April ğŸ¤£ğŸ¤£ Which is cool b/c I guess the only way I can go out to eat is in my backyard.  @â€¦ 	0
1255249507299799040	941538966871912448	So the gop idiots in Illinois are suing our Gov Pritzker for his stay at home order. FFS!!just go out and leave us alone alreadyâ€¼ï¸ğŸ˜¤ 	0
1255243499299102723	888667347149574144	Black men used to go out of their way to make sure I had a bad day at school ğŸ¤¢	2
1255222938556674081	30252520	I had a chance to see different parts of the suburbs today. The weather is getting nicer and more people are going out.Hope there's more of a plan than honor system to manage the increase in people that will start to go out once the summer kicks in.	2
1255212903524970496	2304901392	  weâ€™re facilitating PPP and also have offers going out for Capital FUNDING!  Have someone contact me.	0
1255193582501322756	211252731	  Thereâ€™s holes in every high school player going to college.	0
1255179435260760067	29628143	 0,0 with a 0 % cola sounds like a reasonably good retirement plan!   Over 0,0 six figure payments going out	0
1255173344200097793	1287250525	 I guess itâ€™s ok. If he sends his kid to school populated with other humans with no separation.	0
1255154612484653056	1134152518064320512	; soo another stimulus check is going out .. ğŸ‘Œ	0
1255151772181467137	771617167	Todayâ€™s prep for wckitchen and   Thank you for everything you do and to the frontline you are our heroes. ğŸ¦¸â€â™€ï¸ ğŸ¦¸â€â™‚ï¸ Over 0 lunches going out to 0 different hospitals today.   @ Theâ€¦ 	2
1255137600915947522	126539092	"This Truly breaks my heart!! R.I.P ""Mama Bearâ€ a.k.a ""Ms. Minnie""ğŸ˜­ğŸ™ My prayers and condolences go out to her family , friends, and baby Cubs drea.twin amanda.twin â¤ï¸ğŸ˜˜ğŸ™â¤ï¸ @ Chicago, Illinois "	2
1255124049296048128	78303959	Welp, itâ€™s baby bunny season in my backyard and dog obsessively requests to go out to dig them up. I didnâ€™t miss the office too, too much until now... A true test of my quick twitch on mute/unmute button and truer of my gratitude. Cute throwback from last year:  	0
1255035755052838913	275646065	Why do yâ€™all (nonblack) people go out of your lane to compare BeyoncÃ© to Kelly, Michelle, or Solange. How many times must we have this conversation. 	2
1255030344287428609	2727176184	Check on your friends that donâ€™t know how to sit still ... Iâ€™m not okay ğŸ˜­ğŸ˜­ I wanna go out	2
1254989172118560769	50715319	 Dang thatâ€™s crazy. I didnâ€™t go to school over there. But I lived over there for the majority of my life. My people still stay over there.	2
1254983799580082177	234161556	On bro use to make my OG bring cupcakes to school. Everybody was on my dickğŸ˜­ğŸ˜­ğŸ˜­ 	0
1254980380672888833	364261492	   Mateen cleaves has to be considered no?  Maybe Shawn Respert...wonder where I went to schoolğŸ˜œ?	0
1254961617495785472	922654637445881856	Since Iâ€™m saving a lot of money not being able to go out right now, I decided to splurge and spend $0 instead of the usual $0 on wine tonight. Wow. There is a difference. Is this how the other side lives? 	0
1254952199634980864	386573370	   I havenâ€™t driven in a week and a half, and Iâ€™ll be going to work later this week and driving.	2
1254943915796561921	908517063299387392	If This Is The Last Dance Make Sure You Go Out In Style Itâ€™s Ah Hustlers Ambition ğŸ†‘We In Our Bag ğŸ’ğŸ’ğŸ’ğŸ’ğŸ’ğŸ’ğŸ’ğŸ’ğŸ’ğŸ’         â€¦ 	0
1254943471372242944	4444832837	The whole singer thing probably isnâ€™t going to work out for you Jamie if you canâ€™t sing in front of a small group of 0 year old women	2
1255633689972785153	818230789955604480	  Thatâ€™s insane. Itâ€™s a virus. Viruses arenâ€™t swayed by rallies. People around the world are trying to contain the virus so we donâ€™t all get sick.  We want to go to work & school ASAP too thatâ€™s why we are cooperating. Even if you donâ€™t care about others this is self-defeating.	2
1255628708641222656	710211547	  Didnâ€™t Brady go 0 or some shit? Did like.. practice, hard work and determination go out the door? Lamar has improved tremendously.	2
1255627646932791299	601075220	if you eat pretzel thins yk they be all crunched up...I go out of my way to only eat the whole ones	2
1255603887010177024	357507646	Congrats to College Counselor Ms. Kathleen Mixan â€˜0 on being nominated for an Illinois School Counselor Association Professional Recognization Award! This award recognizes counselors who go above & beyond to make a difference in the the lives of students!  	0
1255595056788123648	28094942	I wanna go out for lunch so bad lmao	2
1255592664533274625	895894292	Follow my brother on his streaming journey so my nephews can go to college for free! ğŸ˜‚ 	0
1255591912821657607	61537047	 Philly is just the Chicago of the East Coast. They get no love for their food, sports culture(though their fans are shite) or historical value given NYC is 0m away by train.	2
1255591568582606849	86104643	Staying home. Only go out to deliver food/groceries to my mom and aunts on Sundays. Drop off at door. Wave at window. I miss them. ğŸ˜¢â¤ï¸ğŸ™ğŸ» 	2
1255586166981693443	2955216000	I swear Iâ€™ve seen some people going out more now than they did before quarantine, Iâ€™m confused	2
1255584481664212994	1197281105407356928	 you can! open the message read it than go out of it and swip right on the message and unread it lmao	0
1255575832233377792	3151874197	Can it stop raining so I can go out and shoot?	2
1255558639303229440	3366655876	May is Mental Health Awareness. This year Iâ€™m going to work harder than ever to break the silence and stigma. Alcohol is a depressant and sales are up 0%. Link to full conversation on The Morning Blend TMJ0 below. 	0
1255520721058639879	265038357	Weâ€™ve got a lot of gundam in stock and available for preorder!  We just listed new hg, rg, and figure-rise. Weâ€™ve also got rg, hg, mg, pg, and more in stock. No pick up today. But shipped items will go out at 0pm! @â€¦ 	0
1255477890612965376	4828356980	 just saw you on BBC- only low wage workers are going to work.. umm?  you obviously need to research your data...	0
1255471274052276228	14227479	 Iâ€™m going out	2
1255461726360948741	47196597	Iâ€™m just going to go out on a limb and assume most of the people working in these rural meatpacking plants are brown or black. Why else would all of the Republican government treat them as less than human and unworthy of any protection? 	2
1255374233674358785	3602229075	i miss going out and acting a whole mess with my friends so much:(	2
1255355643982159872	272634535	Before you go to work I need you to go to work ğŸ˜ˆ	2
1255311679879086080	49376541	This year, when I say Iâ€™m going out, Iâ€™ll be at this bar, restaurant, and movie theater - literally, out back.      @ Home Sweet Home 	0
1255310659996323841	1070851183563194373	Iâ€™m going to plug my Twitter on a campaign PowerPoint thatâ€™s going out to everyone so This account is going to be extremely professional for a few weeks	0
1255293360258113540	2855354116	..Going out on  a limb here, Tara found a sack of cash in the trunk of her car? ğŸ˜³ 	0
1255291203874062336	2727176184	I just ready to go out and live my damn life .	2
1256006681609281538	24410692	Thank you to the good folks at  for going out of their way & rolling with the punches of shipping delays & tech issues out of their control to make sure I received my  &  records. Happy to finally have them on the turntable ğŸŒ†ğŸ¬ğŸ¶ 	0
1255986996394278912	418397542	My birthdays coming up and Iâ€™d just like to say that Iâ€™m not acknowledging that Iâ€™m 0 until I can go out and celebrate it with my friends	2
1255986941901897732	110314147	Pssshh. Every time I go out, I burn rubber in the mini van to uplift my neighbors in this trying time. 	0
1255974356666236928	1216190405135536128	 You can go out to playgrounds? Ours are closed.	2
1255961565804793858	1319201438	  Well when youâ€™re stuck inside Nov, Dec, Jan, and Feb and then youâ€™re told to stay inside some more itâ€™s bound to create some uneasiness. We go out for walks and will go to Humboldt or Lincoln park and stroll around. The way i see it if I get infected	2
1255960683184881666	117879582	 I sometimes go out of my way to block MAGATS.	2
1255951029872492546	36787449	   It is racist. Ain't no way around that. They can just say let's go out and fight black people today so we know it's crackin	2
1255948597541158914	61015432	  As a barrier for broken skin, that makes sense. Iâ€™m trying to moisturize plenty when Iâ€™m not going out to prevent that.Related: When I was taking my EMT practicals, My gloves tore and I just declared â€œunbroke skin is an adequate barrier!â€ and kept going w/ the backboard.	0
1255931553588359175	193766614	  is reporting live from  drive by, honk and wave where they are distributing school supplies, toys,  pizzas, and more to school families.   	0
1255920065708470272	486428420	 But if I go out Iâ€™ll let you know	2
1255897088199659520	86104643	Starting tomorrow if I leave the house, I have to wear a mask if I canâ€™t social distance. I guess I wonâ€™t be going out. I have none. Those Iâ€™ve ordered from  and  are taking their sweet time getting here. ğŸ¤·ğŸ¼â€â™€ï¸	2
1255891721445089282	183240470	  I used to commute by train and I thought of it all the time. But Iâ€™m weird like that.	0
1255890935591972875	1187581910	I really need to stop going out of my way for others when they would not do the same for me	2
1255890933780041741	851668158750621696	@ all teachersTHINK BEFORE U SPEAK saying things like â€œwell u probably wonâ€™t actually be going to college next year hahaâ€ isnâ€™t cute or funny youâ€™re talking to KIDS who are scared and so incredibly anxious and idc call me sensitive but that shit HURTS	2
1256344083133542407	793943377993748481	im so ready to go back to school	2
1256342663047057411	844932007075500034	         I just had to say it And sure nuff Whitewalls I got the T.V. on but we Watching the wildlife and Stuff Then she begs to go out and Stalk hideThen chase them 	0
1256334513988177920	1059207592675811329	 Yes. I have obviously done that. I ( applied as soon as application opened and Iâ€™m still in â€œapplication phaseâ€ while millions of dollars are going out to your bigger clients. Way to take care of your mom/pop â€œprivate clientsâ€  	0
1256325481529397248	30252520	So knowing that there's a set of people that always had to go out because of work. Another set of people that go out, for errands, exercise. And some people in a grey area making exceptions to the rule for themselves, either in face coverings or visiting people.0/	2
1256313739587932163	14446278	I have added 0,0,0 books to my to-read pile since  I've committed to reading them all before I go out again, so I guess I'll see y'all in a few years.   	2
1256305799057424384	792682754	 Whats a Friday?? I mean days are just days now since no one can go out.. ğŸ¤”ğŸ¤·â€â™€ï¸I miss my social life!!	2
1256278201954942976	106010466	0 time i have agree with   and thank you  governor Pritzker  for free covid 0 i get fever last sunday - Thursday  i get myself  tested  for free! I will  stay home and i get better  to work i wear gloves and mask when i go out  side you save my life for testing	2
1256265470782713857	2264746166	Morning coffee and realizing I need to clean my windows but I have to go to work... coffee first and clean the windows later.     @ Uptown, Chicago 	0
1256257093335756800	1130146200	A year ago today I was to going to Starbucks instead of first period then I had breakfast at Panera and got to school around 0 and went to the classes I was passing	2
1256251509177757697	2926397153	This is why Iâ€™m on the fence about returning to school. I refuse to add more debt and not receive a significant pay increase. I strongly encourage folk to consider trade schools. 	2
1256241608384827392	554829806	Do YOU want to go out to eat & drink SO BADLY that you are willing to have sick people preparing, touching, and serving your food? Right now? With the state of the world?	0
1256231937691258880	1102335907305320450	Imagine trying to insult someone bc they're not in college but you were forced to go to college by your parents, so you were rushed into picking something you should do as a career and now you have a shitty major in something you can't use and dropout LMAOOO	0
1256226107772358659	545846296	I do not want my daughter's buying property with some boy in her early 0's fresh outta High School... Go off to college, live a little, no babies,  travel, have the kinda fun a committed woman can't have...take your time if your mesnt to be with your HS sweetheart it'll happen	2
1256220121544212480	2961409179	 What about the whole stay inside and no unnecessary going out? Those lions should be inside!	2
1256212220649910272	42477176	happy first day of may ğŸŒ·âœ¨.this month, Iâ€™m making a promise to myself to make the best out of our situation. Iâ€™m going to enjoy the flowers & sunny days, Iâ€™m going to work hard & be extra thankful for my job, andâ€¦ 	0
1256211200171540480	820533336	There are many forms of clout chasing. Exhibit A: â€œyeah we go way back I used to go to school with him/her! We was cool afâ€ no we wasnâ€™t... ğŸ˜‚	0
1256210582988079105	265090480	Ok let me get up and cook some breakfast before I gotta go to work	2
1256167804157546497	1182773762753777667	 a white man trying to school me on my own race, get the fck outta here. Don't act like you know what black men and woman go through till you lived in our shoes. 	2
1256153064723091456	1376478733	 Spiritual Warfare before Full Moon 0/0/0.When you go out to battle against your enemies, and see horses and chariots and people more numerous than you, do not be afraid of them; for the Lord your God is with you, who brought you up from the land of Egypt.Deuteronomy 0:0 - NKJV	0
1256116598638891008	960558556591411200	Iâ€™m happy for everyoneâ€™s life path decision even if you donâ€™t decide to go to college bc atleast u made it this far.â¤ï¸	0
1256094896257150979	2831106003	All this new music dropping! Okay okay Iâ€™m definitely going out for a run tomorrow!	0
1256013036697124867	408549546	Donâ€™t forget: starting tomorrow you gotta have those masks ğŸ˜· handy if youâ€™re going out in public in Illinois!  	0
1256723909040386048	335030770	wow 0 year ago today fotb came out 0 years ago today i saw angels in america 0 years ago today i went to school in my tutu overalls and today i laid in my bed and then i laid on my couch	2
1256709405892120577	1182793933929234432	Night in with my girl ğŸ¶ after a beautiful 0 mile run & a living room workoutMissing  deeply but so grateful to have a partner who would go out on a limb for his family. Heâ€™s such a sweetheart & Iâ€™m so lucky heâ€™s mine â™¥ï¸ 	0
1256674609476370432	47059795	Grateful to be able to go out for a walk. Today Old Town, Chicago. Some pictures in Stories. @ Old Town, Chicago 	0
1256674381926993920	879003634742292480	 you going out sad	2
1256664909980581888	909244082320486401	 Iâ€™m so glad to hear that. I have family in Madrid and they told me it was insane, so they werenâ€™t going out until the evening hours in the hopes it would be better.	0
1256653385710874628	742757699398467584	BIG thanks to everyone that supported us yesterday! Iâ€™ll get orders out on Monday. If you ordered the  tape, theyâ€™ll go out as soon as they come in and DLs will be sent out earlier ğŸ’œ	0
1256645763700068353	2394779432	DAY 0 AT HOME (AND 0 DAYS TO MOTHERâ€™S DAY!): So many brown bags of precious flowers going out the door today! Itâ€™s a great day! Thank you! .....NOTE: While everyone is still at home, we want to fill your feedâ€¦ 	0
1256602193924423680	191740706	Hey yall!! Happy Saturday! Gonna be nice out so get out & do something. But DO IT SAFE!! Use all COVID-0 precautions, if you wanna go out. Just wanna remind yall to check out my 0st House Music release on my mans,â€¦ 	0
1256597230812872704	163496012	*0.0.0~Beautiful  ğŸ˜Š and Perfect Weather today to go out and walk around! Oh well, We miss walking around the area, from Streeterville going to  Riverwalk then to the Lake andâ€¦ 	2
1256565181158764544	232473289	Mfs fav line is â€œdid you go to schoolâ€ lol yes.	0
1256553052515053569	12733352	You know whatâ€™s been great about this I am finally able to regrow my eyebrows!The 0s fine-line trend did a number on my brows and I am now channeling Frida Kahlo so I can reshape it in full by the time Iâ€™m ready to go out there.	0
1256427596126007296	24784794	Question of the day: How do you make me feel? Do you make me want to go out of my way for you?	0
1256425640070447105	16753027	  I work for a science equipment company and most of our calibration lab is made up of veterans. They went to school/learned on the job to do this. They push buttons too :)	0
1256424797707415552	2727176184	I donâ€™t even wanna go out anyway because my nails not done	2
1256422535421403139	1261155084	Iâ€™m always all for people having opinions. Thatâ€™s one of the best aspects of this country and your right as an American. No violence or anything, just opinons. The moment you start saying nazi stuff then all that anti-violence stuff go out the window along w the rest of your team	0
1256421093314891776	619316741	I think that if they continue to be as fire as they have been lately, people are going to tune in even if they have the option to go out to a real show the same night. Seeing 0k+ people tune into Lost Lands' reruns the other week on Twitch alone proved to me people enjoy this. 	0
1256416511796838402	29369690	 Shoes that are hot, shoes that are wild.  They're called British Knights. How you like me now? You should try some, go out and buy some.	0
1256396622117961728	1008987039268790277	'Mother' to the rescue?Maybe the VP should have asked her permission first before going out to play with the grown ups.	2
1256389142797320194	822228032417071104	Boy...ğŸ’œGo out there and get me a switch!ğŸŒ³ğŸ’œğŸ™ğŸ˜³ 	2
1257096322903085056	287286722	 Just trying to keep you from going out in a swimsuit tomorrow...And Iâ€™m not 0, yet... 	0
1257094317463699458	778632913743065088	Go to work  	2
1257083159394553862	844932007075500034	                   That's how we got our 0 CatsCoaxing them in with food and closing the door and they allGo out to do their wild thing But it's the food like everythingElse keeps them coming backTill they find an ultimate placeTo sleep.On my Bed 	0
1257066817572483073	171530661	I didn't realize you didn't need to refrigerate garlic, tomatoes, hot sauce, and even eggs until I went to college 	2
1257066779576328195	1174450367083536386	 If one of our sons was going out with a porn star I would do nothing my wife would kill them	2
1257047092473757699	393763506	0 years ago, three times a week I got to school by 0:0 AM to sing jazz arrangements of Beatles songs, just wanted everyone 0 know so that u can fully appreciate my character arc	0
1257041701811650560	117879582	 Golf courses opening in Illinois this week so I will go to work and play golf. Safely of course.	0
1257004383642046465	1052925834250588160	Happy Sunday! ğŸŒ Pepperoni  going out! ğŸššğŸ• Call Capone's  &  for delivery, curbside service and  Located in  western suburbs; Bloomingdale, IL ğŸ“¹ 	0
1257000837974503425	783077157195149313	thereâ€™s a snake in my backyard so Iâ€™ll probably never go out there ever again	2
1256997813017292802	4721655915	    Women had to wear pantyhose then it was a standard dress code throughout. We were not allowed to not go to work without them as it would be in your employee handbook. Just as men has had to wear a suit & tie.	2
1256993635683504130	1012136646882611200	Iâ€™d like to go back to college please 	2
1256986884787634178	341933421	 My momma used to FORCE me to watch reruns of this show..for the first episodes he couldn't even GO to schoolğŸ˜¡ğŸ˜¡ğŸ˜¡	2
1256983796068597765	1177104182	      Ronn Claussen was, and is, a great man.  Always took time to help the younger coaches!  Glad he was able to go out a champion at last yearâ€™s Sectional at our facilities.  Good things happen to good people!  	0
1256969490069442563	97613792	  nah she right tho. the people that dont care arent gonna be the ones thats gonna be effected the most lol its the ppl staying home and gotta deal with their family members going out and coming back home with the shit	2
1256963807378841601	97613792	 i really wish i could have been a officer but its hard for you to already get a college degree and then decide to go to the military. lol i went to the military cuz i didnt wanna go to college	2
1256961434384302086	1024432345171025920	I cant imagine what its going to be like having to go to work after this	2
1256961285108965376	2784851391	Basically forced to go to college? What military is this? 	2
1256958559503384576	186418140	 I wish she would have told people that itâ€™s wrong to go out now Iâ€™m public, but she didnâ€™t	2
1256943185571569667	221574440	  , despite the politics in this or any conspiracy that ppl may have, this is not to take our first amendment rights away at all. Just go out for essentials, walk your dog or jog and maintain 0ft. From others, but donâ€™t be an ass and violate the law. Simple!	0
1256939764286095361	4548882737	being gay and wearing bow ties to school 	0
1256832085957976065	50419863	    The other side of that argument is those kids are more likely to carry the virus, and bring it home.  Hells bells, when my son was 0 to 0, I was off work pretty much every time he went back to school with some mysterious illness.	2
