1211571149466980352	520041391	[CLS] it ’ s pouring raining i ’ m about to go out to get junk food to stuff my face 	1
1211794563037302785	22168216	[CLS] i was on tin ##der and wound up going out with a really lovely guy . pretty well known actor no names will be mentioned . he lived in la it was a nice few days while he was in new york you never know 	1
1211793556387614721	1029363224	[CLS] low ##key don ’ t even wanna go out tomorrow 	2
1211792338533732353	38250742	[CLS] im staying home tomorrow . . . i wanna go out but nah 	2
1211790195621806085	551351306	[CLS] that s not how this works . if it were that easy wouldn t anyone have done that by now i was on welfare for years when i couldn t find a job . i kept looking , wasn t qualified . went to school , been working since . it s meant to help people you hate ##ful monster . 	2
1211789081916661761	252387621	[CLS] 0 nyc weather going out with a fuck ##ug ##uis ##e 	1
1211785669686763523	887687209	[CLS] in fact indian ’ s migration , citizenship , and asylum laws have always included everyone . what these laws do is go out of their way to exclude muslims , naming every other religion as having a path to apply for citizenship . 	1
1211783503496581121	50179868	[CLS] well to school with my ki ##lt lo ##l 	0
1211783186944016384	1046882348221046787	[CLS] ni ##gga you go out more than anyone i know l ##ma ##oo 	0
1211778451184738304	1170068021353820160	[CLS] you look like the taxi driver who tells the rn ##s in the club he used to go to school with the duval ##ier family . 	1
1211776086763331584	303540054	[CLS] i actually mean going to work at all , not biking 	1
1211774369900445702	2413993701	[CLS] maybe it ’ s just me getting older but i really could care less about doing anything for ny ##e this year . i ’ ve been going out with a bang since 0 and now i ’ m just over it lo ##l . 	2
1211762361436033024	33699089	[CLS] celebrated my mother ’ s birthday at medieval times the other night . [unk] thought it would be appropriate considering all those years of her with no car and having to walk 0 miles in the snow just to get to school . [unk] … 	1
1211761769871478784	3232488282	[CLS] lbs ##d making these kids go back to school [unk] i m so glad they never did that bs to me when i was in school . 	1
1211759377696382977	33699089	[CLS] celebrated my mother ’ s birthday at medieval times the other night . [unk] thought it would be appropriate considering all those years of her with no car and having to walk 0 miles in the snow just to get to school . [unk] … 	1
1211756270673420300	334833630	[CLS] i could wear that all winter i prefer jeans if i go out somewhere 	1
1211755449361616898	527026286	[CLS] pouring rain doing some late to last minute shopping for new years eve , not very happy with going out in the pouring rain 	2
1211750341655568385	2905682175	[CLS] wearing any sneakers with smart pants has become the new wear any suit jacket with jeans for american businessmen allergic to style . there are only some which go but to traditional , old fashioned america , going out like a clown makes sense [unk] 	1
1211743986282586116	41186704	[CLS] i miss when i used to go out or at least to friends ’ parties for ny ##e [unk] but at least i have the twilight zone marathon 	2
1211743212945264640	25006111	[CLS] all right , about to go out w folks to be continued 	0
1211738834058272768	1114893099107606528	[CLS] suddenly i want to go out for ny ##e [unk] 	2
1211735495916609538	816684297151270913	[CLS] i want to go out but you really can ’ t s ##nee ##ze in nyc without spending 0 [unk] 	2
1211735447610777601	17470695	[CLS] “ people are afraid to send their kids out to school , ” said benny pol ##ats ##eck , 0 , an orthodox jewish community activist who lives in mons ##ey . “ there is real ang ##st . ” 	1
1211734405846306818	371068856	[CLS] [unk] not want to go to school the next day 	2
1211729059794825216	4236594682	[CLS] i think your delivery is funny l ##ma ##o . id ##k why everyone is acting so crazy about this nonsense . also whoever thinks gay ##s don ##t expect notoriety for their look s when they walk in the room doesn ##t go out , ever . 	1
1211728156199129089	200960929	[CLS] that or i might go out . . but i ’ m not really in the going out spirit . 	1
1211726957043433479	2761566652	[CLS] yeah or unless they go to school or have friends cousins with dad ##s they will start to ask 	1
1211725046932287491	265040266	[CLS] this is so sad . you gave murphy a beautiful life . always remember you will see him again one day . my deepest condo ##lence ##s go out to you during this difficult time . our pets are family to us so most may not be able to relate to the grief you ’ re experiencing . 	2
1211723843733262336	94679669	[CLS] time to go out in the awful cold to buy some baked beans and vitamin ##s 	1
1211723108572450816	885010915443302400	[CLS] not an issue filing it . and i can assume it ’ s legitimate no [unk] that i ’ ve seen . but there been times it has been o ##os they are liv ##id bc they can ’ t go to work w o it . speaking to pp ##l in the field , it seems pp ##l in certain roles began taking in college now are too dependent 	2
1211720359210340354	2763757751	[CLS] my gods ##on wanted to take this to school this morning [unk] 	2
1211718163253121025	973242841374822402	[CLS] you still comparing courthouse ##s to school dude seriously 	0
1211710159057240066	43182971	[CLS] not sure if i no longer wanna do what i went to school for or if i ’ ve just been discouraged since getting into the field is so hard . 	1
1211710127981637633	830313846007005184	[CLS] my driver said he stopped drinking coffee [unk] almost stopped the car to kicked him out [unk] i had to go to work [unk] [unk] 	2
1211708873578385408	4744552306	[CLS] the whole going out , sleeping late , friends , etc put em all in a blend ##er and take ur time out lo ##l 	0
1211691644220825600	30528805	[CLS] it ’ s too bad . went to college in dc when orioles were only team in town . great fan base . incredible ball ##park . they deserve a good team . 	0
1211689629595951107	41186704	[CLS] i hate going to work when it ’ s raining because the shopping carts are wet 	2
1211687317766856706	3232488282	[CLS] going back to school is so ghetto [unk] 	2
1211686205290618882	147807674	[CLS] i ’ m “ boring ” because i don ’ t like to go out no ##more and spend countless money 	2
1211682891752755201	1111667240699600896	[CLS] i am not going to work today i came back from vacation with the bad cold and happy new year to all on twitter 	0
1211678053690150914	886373114325630977	[CLS] make sure that when bae tells you “ don ’ t go to work ” . . . . you go to work 	2
1211668169431158786	173584680	[CLS] “ i ’ m gonna make breakfast ‘ cause going out is get ##tin ’ old ” , “ get ##tin ’ old 	1
1211666997727113216	192998747	[CLS] go to work [unk] 	2
1211666925425586177	2982698015	[CLS] i gave you the business idea . . . . [unk] thinking it ’ s not going to work . [unk] god wouldn ’ t inspire you [unk] keep praying for something he is [unk] willing to bless you with . [unk] may not happen overnight but … 	1
1211666801723166720	39603710	[CLS] yeah , i just walked into court , found out my one case wasn t actually on the calendar today and now i m going to go to my office to see if anyone is actually working . see you tonight 	1
1211666075907219456	3053196300	[CLS] sho ##ud i be imp ##ulsive and dye my hair rn or should i just go back to sleep and get my box braid ##s before going back to school and shut up decisions decisions [unk] 	2
1211665063154728965	158954331	[CLS] yes . go to work everyday ha ##ha 	1
1211662668236500992	1561641566	[CLS] this year i failed . my mental health was tested . i pursued things beyond my control . i lost love for someone i thought was my soul ##mate . but i also won i secured the position at my job i worked hard for and i went back to school . this year will be better full of growth [unk] 	2
1211661522671411201	832016034	[CLS] 0 more week im back to school for 0 classes in 0 weeks . 0 classes in the spring w an internship . 0 in the summer then graduate w my sports management degree . bringing in the new ##year with success po ##sit ##ivity 	1
1211661272254693382	29225605	[CLS] games ##top has a 0 . 0 doc yield l ##ma ##oo ##oo ##o that right there is ridiculous . . that company will eventually go out of business and you will lose whatever money u put in their stocks [unk] 	1
1211660934625792000	2551513760	[CLS] i ’ m honestly done with america . we are told to be creative but we go in public schools that teaches us to be alike . we get to college and told to pick a major and start a career yet we aren ’ t guaranteed . it ’ s di ##sr ##es ##pe ##ct ##ful how hard they make it to be successful . 	2
1211658669538066434	160429758	[CLS] pulled up to my office and there ’ s like 0 pp ##l here l ##ma ##o like u ##gh why didn ’ t i just stay in houston 	2
1211658450205319169	127360919	[CLS] dressing up for holidays is the stupid ##est tradition i ever took part of . unless i ’ m going out , i ’ m at the dinner table each time in my sweat ##s while everyone is in their best dressed outfit 	1
1211654543748030470	228408893	[CLS] some of these couple try to match their outfits when going out but end up looking like twin brothers or sisters . . . . 	1
1211647223433289728	22516507	[CLS] why did ur ass go out then 	2
1211645692449439749	21594697	[CLS] one of brooklyn ’ s pu ##rist underground djs , rub ##i r ##0 began bringing her deep underground sound to the dance floors since 0 . she enjoys going out of bounds in selecting unique tracks and sharing them with … 	2
1211645692147634178	21594697	[CLS] one of brooklyn ’ s pu ##rist underground djs , rub ##i r ##0 began bringing her deep underground sound to the dance floors since 0 . she enjoys going out of bounds in selecting unique tracks and sharing them with … 	2
1211641137754193920	1357194066	[CLS] just like a new ##yo ##rk ##ian having my bag ##el and cheese for breakfast [unk] bought this from the lobby with so much higher price , it ’ s all because of the rain i couldn ’ t go out 	2
1211636591342559233	497544075	[CLS] me i wanna go out and party everything 	1
1211633670156640260	884937120183451653	[CLS] fuck you bro , go to school and learn how to fucking spell before taking dig ##s at people who are so much more successful than you . 	1
1211628141946580995	1886507720	[CLS] if you don t have tolerance , nothing is going to work . 	2
1211605618785759232	305103635	[CLS] still have more to pack . still have photos to go out . still have to wash my hair [unk] will i finish all that by 0 ##pm is the the question 	2
1211583255251738624	1140132271	[CLS] everyone who did all 0 nights of ho ##lo and has to go to work in a few hours deserves medals of honor 	2
1211576074376826881	617465132	[CLS] student loans ##thi ##nk ##ing about going to college quick way to figure out monthly payments 0 . 0 year repay ##ment plan x 0 months is 0 . est . cost per year then divide by 0 ##ex . 0 , 0 y ##r . tuition x 0 years 0 , 0 0 0 , 0 mo . [unk] the more you know 	2
1212070835818774528	3232488282	[CLS] [unk] nah looks like i ain ##t going out due to this dress code 	2
1211554523220783107	788459860841074688	[CLS] yeah again i m not saying any of it is going to work . the way it went was el ##on had a vision of tunnels whilst sitting in traffic . he researched how close to the limits of physics rb ##m machines were , n to his understanding they weren t that close , so he said hey why not try harder 	1
1211541262144286720	277373185	[CLS] 0 really trying to do me dirty . try ##na go out with a bang . but nah ##hh ##hh ##hh i won ’ t let life win . 	2
1211530877844492289	761925609702432768	[CLS] kinda want to go out for new years , kinda scared of dying without my parents on ny ##e . 	2
1211520275436752902	425834246	[CLS] going out into this rainy winter night w o a coat or an umbrella 	2
1211517319928844290	1679118360	[CLS] the fact that i have to go to work tomorrow [unk] 	2
1211512828261216256	499978701	[CLS] i thought he just went to school for this [unk] 	2
1211507875308298241	26172790	[CLS] whenever i ’ d throw up from drinking in college , i ’ d pray to god to make it stop . then i ’ d go out and do it again the next weekend [unk] 	2
1211503447880671232	6822632	[CLS] where do you go when the lights go out come on this was ’ s chan ##uka ##h show [unk] 	0
1211498677384204289	156823984	[CLS] i really don ’ t wanna go to work t ##m ##r ##w [unk] 	2
1211492304869040128	1091063373247275009	[CLS] i will 0 support someone just because they ’ re a woman , person of color , lgbt ##q or in any type of minority group over a straight white man . i do not care . i will 0 go out of my way to do this 	1
1211491517862428678	1475040373	[CLS] you mean to tell me gabriel ##la just happened to wear ballroom heels to school that day 	1
1211484903533101056	73987740	[CLS] i knew her from college i went to school in nyc , so i had a network i could call up in a pinch . but she did not know that when she res ##ur ##face ##d years later , she didn t even acknowledge that this happened . she just apologized for duck ##ing out of my life . we don t speak anymore 	2
1211478150204547079	15358840	[CLS] apparently gina cara ##no used to go out with henry ca ##vill can you imagine the perfect human they would have produced 	0
1211471501507125248	3398717277	[CLS] what happened to me in 0 went back to school got over a toxic ass relationship ended friendships with selfish ho ##es met new friends . made some mistakes prior ##iti ##zed myself , my goals realized my worth 	1
1211470730396884992	3072104473	[CLS] 0 elizabeth guard jay ##den pierre talks new offer , family connection to story via 	1
1211468882462068737	30051030	[CLS] my mom got all dressed up to go out for coffee with her friend , took pictures of her fit , uploaded them to facebook and everything and then had the au ##da ##city to cancel on her because it ’ s raining outside . . . [unk] 	2
1211468604383924224	476456115	[CLS] but also pays attention to you . and important shit going in your life pre him . ask a random dude in this situation about his step kid b ##day , middle name , best friend s names , where they go to school . yi ##kes [unk] 	1
1211463404587757569	138711523	[CLS] and wonderful to see , hopefully , more progress is made next season also , it ll be nice to see someone from the bel ##ichi ##ck coaching tree go out and have some sustained success . 	0
1211457379910459393	479255182	[CLS] bronx ny , the height of american wealth . i was driven to school in a yacht by the family butler . 	1
1211456575191298048	80908860	[CLS] tried to go out for dinner . . . got mistaken for a bounce ##r by the people going to the club next door . . . [unk] … 	2
1211453012444614656	979608697	[CLS] me leaving the cheer world to go to college 	1
1211452637440348168	114897428	[CLS] want to go out on new year ’ s eve but not looking to party still have dinner reservations available . ta ##co tuesday specials all day , then dinner , finally the fiesta starts at 0 . make your dinner … 	2
1211448689593667587	66858922	[CLS] the city must stand together and den ##oun ##ce all forms of racism , anti semitic , and x ##eno ##phobic attacks . my condo ##lence ##s go out to the entire community impacted by these hate ##ful acts 	2
1211444205572296705	283216688	[CLS] i ’ m going to work really hard at not being self de ##pre ##cating in the new year 	2
1211441424278970369	96492167	[CLS] how do yu ##all get shit faced drunk when yu ##all go out like you don ’ t feel shame like u nu ##h have self control . like how it ain ’ t cute 	1
1211438932413599744	349128836	[CLS] going out in ashe ##ville looks so under ##w ##helm ##ing l ##ma ##o 	2
1212161456524988416	193009885	[CLS] id ##k if i wanna go out or stay in 	1
1212161440196562951	1051686031337160704	[CLS] why have people been dressed and ready to go out tn for 0 hours now 	2
1212159957266817024	2969344613	[CLS] 0 going out swinging 	0
1212157598012760072	502314989	[CLS] what if i don ’ t wanna go out [unk] 	2
1212155950544629760	190488649	[CLS] i ’ ve decided not to go out tonight . i ’ m just goin to bed then gonna play some lego shit . g ##n g ##gs 	1
1212153504694976512	946240878460526592	[CLS] may everyone go out stay safe . happy new years everybody i ’ m saying it now cause i ’ m bout to be crossed later [unk] 	0
1212152908856332289	145837859	[CLS] y ’ all jack this “ i ’ m in the cr ##ib for ny ##e ” every year . . then 0 0 0 ##pm roll around and everyone on my t ##l getting ready to go out 	1
1212151448198352896	113539979	[CLS] i ’ m really not moving at the pace of someone who thinks they ’ re going to be able to put on fake eyelashes before going out tonight 	1
1212149779662299136	15279130	[CLS] i ’ ll check it out . i ’ m trying to finish once upon a time in hollywood now before i go out it ’ s so good happy new year to you and your family 	0
1212148387350482944	401724663	[CLS] i don ’ t go out much but that ’ s g ##nna change tonight 	2
1212147751783452674	1424840142	[CLS] damn i really don ’ t wanna get ready to go out [unk] 	2
1212143621639737345	95928470	[CLS] people that have zero desire to go out on new year ’ s eve are my people 	1
1212143556720300034	1140132271	[CLS] i said “ i just wish things were different ” because we aren ’ t going out for ny ##e lo ##l 	2
1212140669147500545	77033739	[CLS] time to go out to dinner and then promptly return to my pumpkin for bed . hotel hendricks 	1
1212139753736491009	254765292	[CLS] should i go out tonight 	1
1212136152809037827	29902828	[CLS] yeah , but shit my ass needs to buzzed or something . . . shit lo ##l . i ve had a shitty year . i need to go out with a bang . 	2
1212134440236916737	527026286	[CLS] let me sum up the decade of 0 for you guys . i ’ m first generation in my family to have finished and graduate high school , and i ’ m first generation to have go to college and earn two degrees in art possibly another one soon i did that to make my whole family proud which i did . 	0
1212123328820981765	23342757	[CLS] the person i was with claimed they knew how to eat soup dump ##lings , turns out that was a lie . fool bit right into it and splashed my face with boiling hot soup . needles ##s to say we didn ’ t go out again 	2
1212122819309506561	2743783513	[CLS] 0 con ##t . it took over 0 y ##rs , lots of therapy , medication , ec ##t to get past what happened to me that year . it took 0 y ##rs for me to go back to school finally finish my ba . 0 y ##rs total to get my under ##grad degree but i finished at nyu and went straight into their mfa . 	2
1212118642651009024	26203334	[CLS] it ’ s not a flaw . when you ’ re supposed to , you ’ ll meet the person you ’ re supposed to love , and all logic will go out the window and you ’ ll just know . 	0
1212118397321912322	1153045267714891776	[CLS] i wonder what the ripple ##s will be when i return to school on thursday 	0
1212113549981564928	18866431	[CLS] the cane is the new skate ##board . blades going out of business sale on broadway , x ##tre ##me ##can ##e takeoff 0 x ##tre ##me ##can ##e shop cane at the competitive level 	0
1212112134131331072	116947184	[CLS] i ’ m so glad i didn ’ t go to work cause all these weird ##o people in times square would piss me t ##f off 	2
1212108003119370240	59024717	[CLS] kentucky ran a qb draw all game and won . weird way for bud foster to go out . 	1
1212107149633105920	182424228	[CLS] i know i am not the only one out here reading furiously to hit my by the time i have to go out tonight . 	2
1212106265264082946	247979517	[CLS] give it a rest fuck face . party is over for losers like you . cost ##co is hiring get off mom ’ s couch and go to work . then you will begin to appreciate how great you have it here . do ##uche 	1
1212103639763845121	196738927	[CLS] we did not beat the bomb . . . we came close had the 0 ##nd highest score of the day . going out of 0 the same way i came in , with a smile on my face and milestone ##s to hit beat … 	2
1212102147522867201	761017362162130944	[CLS] i ’ m not going out . . or anything tonight but i ’ m definitely getting a hair ##cut cleaning my room today . . . 	1
1212098441628794881	235635524	[CLS] so many of us will be calling for cars this week as we go out and celebrate the new year . but how often do we think about what it takes to make those experiences safe and comfortable 	1
1212094525340082179	32476610	[CLS] ve ##n ac ##a but i just said i don ##t go out l ##ma ##o 	2
1212094198553481219	32476610	[CLS] i don ##t like to go out on holidays 	2
1212083748562444288	188623548	[CLS] are you open for lunch today i have to go out to li but i ’ m starving and would like to watch the rest of the game 	1
1212082649730297856	134519695	[CLS] looking back on all of the things that i done . from graduating high school , going to college , to pursuing my dreams , becoming an known photographer , campaigns that i shot , people that i shot , places i ’ ve traveled , people that i ’ ve met and finally coming out to family i carried 	0
1212076117139566596	177636420	[CLS] i ’ m going to work tomorrow that 0 . 0 sounding good 	1
1212076036294369280	203686271	[CLS] guys like who go out of their way to publicly lavish praise on trump are so embarrassing . 	1
1212072509379620866	1195424726677626882	[CLS] going out of 0 with a bang or more likely the slight ding of an bell [unk] 	1
1212071081076559872	2551768909	[CLS] i was a , “ 0 ##x a week at church , ” girl until i went to college . choir . dance . purity ring . all of that . now i don ’ t go to church much not even on purpose , i miss singing , and i ’ m more sexually liberated . also , i feel god closer and more freely than ever before . [unk] 	2
1211808353711788032	10500412	[CLS] i ’ m in my mid 0 ##s and went to a public elementary school in los angeles . beginning in about the 0 ##th grade , i and virtually all the kids in my neighborhood walked and or bike ##d to school most days . 	2
1212068903448391680	2636386906	[CLS] going out is more your thing , than mine 	0
1212066479497269249	23619610	[CLS] i don ’ t believe that is going to work . moose and maggie are the only fresh act . espn ##s lineup is better . 	1
1212064310610018305	2170293297	[CLS] going out alone for ny ##e … this will be interesting ##gg ##g 	1
1212063914801946624	231164029	[CLS] guess im not going out for lunch today 	2
1212055269947183104	4744552306	[CLS] you not getting what i ’ m telling u though . i ’ m not going out on ny ##e period . lo ##l id ##c how relaxing it sounds i could care less 	1
1212054943395393539	4744552306	[CLS] nah , bro i ’ m staying home id ##c what ’ s happening . i ’ m not changing my original plans for nobody this year . i don ’ t even like going out on ny ##e . it ’ s always a shit show sm ##h 	1
1212053433898983424	172841478	[CLS] i remember driving to school this always ##ss ##s came on . bass was crazy . 	1
1212050120931512322	450781545	[CLS] only way i ’ m going out tonight is if it ’ s a vision board party . 	1
1212039503839449088	545676468	[CLS] can ’ t believe i ’ m going to work right now l ##ma ##o 	2
1212035879222611968	28168140	[CLS] 0 going out with a bang literally [unk] 	0
1212035416553132033	114842961	[CLS] last one before 0 ends , if wants to go out for drinks or even take me to the new year ’ s eve party he attends . . i ’ m definitely down lo ##l 	2
1212034986431467520	2203926219	[CLS] tonight is the last night i ’ m going out til summer 	1
1212032362076364800	834642495510368257	[CLS] i didn ’ t realize today was new years eve , and even if i could go out tonight i really don ’ t feel it . 0 decided to end on the shit ##ties ##t note but now i have to do more in 0 . i don ’ t have a choice . i have to be successful or on my road to it soon . 	2
1212031366130544640	2774279513	[CLS] to go out and work tonight or stay in and cry hmm ##m [unk] 	1
1212030412350001153	3232488282	[CLS] as much as i don t wanna go out tonight , fuck it we outside tonight [unk] 	2
1212029374268104704	786548791394594816	[CLS] as 0 closes , just another shout ##out to the 0 players who have committed to college programs since june 0 of our 0 ##s , and already 0 of our 0 ##s . congratulations to all of these players 	1
1212028240820396034	111654807	[CLS] going out 0 grateful , and sure i ll do even better in 0 	0
1212027760601960449	822963542693445632	[CLS] the older i get the harder it is to find down ass bitch ##es to go out with 	1
1212026393212674048	222106950	[CLS] i ’ m guessing i should go to the liquor store before i go to work tonight 	2
1212024978893365252	2251143144	[CLS] this past decade , we really went from being children to adulthood . we graduated elementary school , middle , high school and went to college all in the same decade . im feeling nos ##tal ##gic [unk] the 0 ’ s have been a w ##hir ##l ##wind with so many highs and low ##s . 	2
1212024579033460736	1113092004	[CLS] classic lines that never go out of style [unk] … 	0
1212023206141419525	35951574	[CLS] 0 , that ’ s a wrap [unk] ny ##e — my favorite night of the entire year [unk] which person are you vote [unk] [unk] staying home , ringing in ny ##e with friends family [unk] going out [unk] throwing my own … 	1
1212021768178872323	2719096396	[CLS] paid these bills now i can go out tonight [unk] 	1
1212020965938475009	19956795	[CLS] i find that very tack ##y . if you were to just mention to him the reason for not being able to go out and if he offers than that would be great but i would not ask him 	1
1212020206110937090	47834858	[CLS] fun fact the shortest flight in the network goes from ia ##h to college station 	0
1212016235837362176	463465053	[CLS] dan ##g i want a bag ##el but it ’ s too cold to go out 	2
1212015992756428800	2185376111	[CLS] plan bs about to be going out like water today 	2
1212013247387320321	362153706	[CLS] in this decade went to college in 0 ##was a groom ##sman twice 0 ##go ##t partnered on 0 ##go ##t mental condition diagnosed 0 ##lea ##rned that i can still succeed in what i want to ##fi ##rst girlfriend ever at age 0 ##to most people this list sucks to me it s progress . 	1
1212003899667865600	1180745161267187713	[CLS] i would wait until ny ##e to say i want to go out on ny ##e 	2
1212000749368033280	311062000	[CLS] don ’ t want to go out tonight , want to sleep 	2
1211999388454793218	746377300225064960	[CLS] new study on college rankings it ’ s not where you go to school it ’ s what you do when you get there 	0
1211996434733686785	26942132	[CLS] i ’ ll just have to take a long nap before going out later [unk] 	1
1211996011444555776	1169527549866795008	[CLS] he stretched and opened his eyes . dull sunlight streamed through the window . she tip ##to ##ed from the bathroom , shoes and jacket in hand . “ oh , hi . i , um , have to go to work . ” “ come back tonight for an ” he raised an eyebrow , grinned . “ oh , um . . . no . definitely no . ” 	2
1211995781290430465	561849030	[CLS] as we cross into 0 , i want to tell you something you are more than ready to go and discover that moment . yes , you are already capable . very soon , 0 would be history and 0 offers a promise to go out there and make it happen . 	0
1211958745695162368	2715085498	[CLS] i can ’ t m ##fs went to school wit me and dead ass ain ’ t like me like have you seen me 	2
1211954108774723584	2183491896	[CLS] who trying to go to work for me i wanna sleep 	2
1211933176857333762	262948804	[CLS] been there . i have company tonight so feeling more human . made a promise to myself to go out to a lot more . i need to get out more . 	2
1211922912522969088	93564703	[CLS] ye ##a going out in this cold is for the birds . 	1
1211921754194612224	1325788501	[CLS] i am so worried about what ’ s happening there . please continue to post thank you for doing so i ’ m thinking of my dear friends and everyone in we are thinking of you all so much — our hearts go out to you . [unk] 	0
1211910370232864769	1115949774082138113	[CLS] i hate smoking papers [unk] if this blunt go out one more time ##ee ##ee 	2
1211898874232803328	1365646003	[CLS] i ’ m not mentally prepared to get lit tomorrow [unk] oh my who told my ass to go out this past weekend 	2
1211878405018402816	25821754	[CLS] absurd hill ##bill ##y ignorance . we have fk ##g red lights and green lights . everyone has to go to school . and no you can t marry your daughter at 0 . government rules 	2
1211877562110099456	2680204754	[CLS] word . that the bare minimum we expect for a college gr ##ad who probably only recently figured out what they want to professionally . it s like you needed to have figured when applying to college that you were going to work for x company to have a chance in hell of meeting that . 	1
1211870880361570306	2965251335	[CLS] listen either you go out and fight or run miss lion club . 	1
1211869444714221569	257662759	[CLS] o ##oo ##hh ##h “ i hope my kid isn ’ t still sick they are def ##ini ##tly going back to school ” and its sequel “ your kid is throwing up , is that my fault ” are both great 	1
1211862992867987463	132492355	[CLS] thanks for your comment indeed is a powerful tool which is not going to work on its own . and , agree we need to do a better job providing our patients with support pre and post 	1
1211861771427991552	93564703	[CLS] going out tonight because i ’ m staying in tomorrow [unk] 	0
1211860662965735424	26889053	[CLS] things i ’ m excited for this upcoming year 0 . top surgery 0 . testosterone progress ##0 . returning back to school 0 . road trip to nashville 0 . cabin mansion birthday 	1
1211860547513257986	22093585	[CLS] all i did was sleep go to work i was too sick to workout [unk] 	2
1211858326788673536	86607170	[CLS] you know for someone who went to school for music it took me for fucking ever to be able to remember the name of o fort ##una from car ##mina burn ##ana 	0
1211857281236815872	2858554627	[CLS] i wan ##a go to college den . . 	2
1211857086868545542	2858554627	[CLS] wit i had to go to college to keep ha ##vin friends a some . . 	1
1211856670663598080	550995115	[CLS] not sure if spectacular or delightful is the better word to describe this film , so i ’ ll use both go out and see . . it deserves all of the credit it is receiving and more 	1
1211856427477852160	144577821	[CLS] i ate roughly 0 dried apr ##ico ##ts before going out for drinks 	2
1211854870791278592	1039921056293838848	[CLS] yes . . . something is coming on jan . 0 ##nd . . . my first day back to school [unk] but something even better is being announced from stay tuned 	1
1211846945129607168	340659718	[CLS] the flyers are like if you get a girlfriend a few months before christmas you just go out and buy a lil somethin 	0
1211844583501565952	935644738694340608	[CLS] i hate when i go out to buy food and i end up leaving the city buying 0 new outfits 	2
1211843202757668864	1130909048767954945	[CLS] it was pretty fucking cool to write a bill that will impact lives from my own personal experience , and if you ’ re a state legislator that follows me , i ’ ll definitely be trying to get a meeting with you before i go back to school 	1
1211834892662771713	38548566	[CLS] l ##m ##fa ##o , you need to school kevin hart ’ s “ rib ” 	0
1211823649340186626	909414290750365696	[CLS] gonna party like it s 0 [unk] how are you celebrating staying home and feeling asleep watching the ball drop [unk] or going out and party ##ing like it st ##he last year of the decade pretty sure all babies will be … 	0
1211817387873488897	462440570	[CLS] better go out and handle this depleted minnesota team 	0
1211816945114333185	6073352	[CLS] dear lights , please go out . love , z ##zy ##z ##x . 	0
1211808872790478848	1563782390	[CLS] talk what talk he literally did the opposite , he said you ’ re a fool and i ’ m not gonna argue with you . he ain ’ t say i ’ m bout to go out there and show y ’ all i ’ m better than ab . you ’ re literally apart of the reason ab like this , fans supporting everything that man says or does 	0
1212190516198154240	1696766834	[CLS] why t ##f did i agree to go to work tomorrow i don ’ t even like my job like that 	2
1212522477261393920	19500152	[CLS] hello 0 [unk] the one good thing about not going out last night is that i didn ’ t wake up with a hang ##over on the first day of the year . that felt good . [unk] on another note , i ’ ve got a poll on stories right now about … 	2
1212516506438897664	28402232	[CLS] the jones example is good , because we now know that when d ##g likes a player , he ##s not afraid to go out and get him . no matter what the media or others may think . i like that in a gm . will he always be right probably not , but he will take his shots 	1
1212514844697600001	204659840	[CLS] 0 year challenge give me a reason to go out dressed like a fucking flap ##per . but , seriously , please . 	1
1212511059090825216	63363339	[CLS] my friends are making me go out to eat dinner so i gotta pause for now 	2
1212504137876815875	40059793	[CLS] david . you add so much to college f ##b . keep up the good work 	0
1212503311036928001	113390987	[CLS] ok . i work in manhattan tho so that ’ s closer to you . just text me . lo ##l . i be all over . but if you going out showing out , give me a day ##um heads up [unk] 	1
1212497886614839297	882668294184083456	[CLS] i wish me my friends could go out without screaming aye ##ee ##e in all our videos [unk] 	2
1212497605625876480	14883320	[CLS] wait “ completing ” phd what does that mean did u complete it because if not , you just are going to school . 	1
1212493030101602305	3398717277	[CLS] damn it hit me that i literally go back to school in a few [unk] 	2
1212491805943574529	53152319	[CLS] sc ##ort ##ching hot take right here , give this man some respect for going out on a limb and pro ##claiming the consensus number 0 receiver the “ best wr in college ” 	0
1212489719696592897	1107661872	[CLS] i miss going to school in park slope . new adventure everyday [unk] 	2
1212486080114638849	42984972	[CLS] the announcer ##s are still trying to rational ##ize first round picks going back to school . the reality is if you ’ re getting picked in the top three rounds leave and don ’ t look back . 	2
1212485655282028545	57980068	[CLS] w ##he ##w , gotta go to work tomorrow [unk] 	2
1212483428718927873	30699049	[CLS] my thoughts and prayers go out to his loved ones [unk] 	1
1212482243668652033	1186752470690729985	[CLS] shit like this make you not go out for two weeks 	1
1212480586050396160	56037328	[CLS] wow that was the nba my whole childhood whether you liked the man or not . my prayers go out to him and his family . [unk] 	1
1212465107608850432	29856228	[CLS] happy new year put the energy where it s going to invest back into you i need only who will be all they can be the money team [unk] no desk fees come to my office and be hands on , best learning … 	1
1212464581790044160	633949590	[CLS] i really go back to school on monday 	2
1212463003813236737	1144694948350046210	[CLS] i need to go out to miami for like a week 	2
1212452789630185474	938254591690461185	[CLS] i ’ m angry bc the first song i heard in 0 was fucking des ##pac ##ito . i ’ m never going out on new year ’ s eve again . 	2
1212452368803155969	1189288932359442433	[CLS] i ’ m not the single type at all , i really hate this shit l ##ma ##o but i would never go out with someone just to go out with someone 	2
1212450484730187777	1009904024	[CLS] back to school work reality in 0 days [unk] 	2
1212449201512210432	1174367090645581825	[CLS] my job should be thankful im even going to work today . 	2
1212443403989987328	39358229	[CLS] post less , go out more 	1
1212435968256565254	1010566832	[CLS] i don ’ t even have a hang over i don ’ t want to go to work [unk] 	2
1212431937660436483	71950034	[CLS] i ’ m not doing anything today because i gotta go to work tomorrow 	2
1212431411975729152	820518837552607232	[CLS] haven ’ t been the greatest couple of weeks bc of health going out out dressed up and all was out the picture but i had a blast at our friends place last night in jeans and a hood ##ie 	2
1212429793775489024	1716879368	[CLS] i love my club , , and our players going out every match day with heads held high . it ’ s easy to come onto social media and critic ##ize , but none of us are out there week in out trying to make it happen for our club . not the best s ##z ##n but we building , trust frank 	1
1212428794818170881	1127407976552251394	[CLS] he put me on to the streaming scene since i played video games all the time and i couldn t be happier . 0 will be my bitch and i can t wait till these kids go back to school [unk] 	1
1212428578488553476	160429758	[CLS] did u really go out and have fun if u didn ’ t bust your phone screen 	1
1212426534331523072	2474396035	[CLS] wow took you to school re iran . bt ##w , you re sp ##ook rude . pro ##lly interrupt ##s . take an e ##ffin chill pill . let guests finish their thoughts , especially important ones like 	0
1212424441864577024	317406778	[CLS] i have to go to work tomorrow . how ghetto . 	2
1212418455758094337	69590636	[CLS] my prayers go out to them to feel 0 better . 	2
1212410033289486338	3318139654	[CLS] stop with this “ create culture ” nonsense . it ’ s about talent go out and get some talented players that ’ s what it ’ s about 	1
1212395020868890625	2521282467	[CLS] the da ##wg go out like a man and just know a it that 	0
1212386819146428416	128375648	[CLS] i had eli ’ s in mata ##wan deliver it . i was in no shape to go out and drive this morning . [unk] 	2
1212386439897501696	831358364	[CLS] no ##oo ##oo ##oo ##o i can ’ t go to work today no no no no 	2
1212382476187901952	137634237	[CLS] i don ’ t understand what ’ s going on but i believe that god is going to work it out [unk] 	2
1212382095835877376	48815641	[CLS] read these now , publicly thank me later . ’ s permanent record . ’ s the enemy of the people . ’ s american carnage . ’ s catch and kill . ’ s home ##gr ##own . ’ s inside the empire . ’ s before the lights go out . 	0
1212368973024694274	43388088	[CLS] here ##s to 0 and starting it with in ny and of course we go out in a bang with some action from the early 0 ##s new york expo center 	0
1212368385754959873	23123041	[CLS] rise and shine folks , go out and get it this year . 	0
1212364563913543680	413513766	[CLS] late again late late why can ’ t trains come on time all your apps are wrong and the train is again late i have to go to work today it ’ s bad enough then sub ##par service again what is the reason 	2
1212362203497676807	579493693	[CLS] i have to go to work tomorrow [unk] 	2
1212280529409720320	141210357	[CLS] i wanted to write something profound for new year , but then i realized that ’ s what everyone has been doing instead , i ’ d just like to say , go out and have fun , you ’ ll make memories that last a lifetime 	2
1212280198701428736	2787469615	[CLS] i need to get back to school i can ’ t be alone with my thoughts for too long 	2
1212273185414090752	993917262590562305	[CLS] 0 me i like your style , we should go out for tea and talking . . . . 0 me on base you should ’ ve asked me out last year when i really wanted to be a girlfriend 	1
1212270661881622528	2524342804	[CLS] throw ##back new year ’ s eve photo and this year . time flies i remember wearing a jacket over that dress at church and then going out . union ##dale , new york 	1
1212263244741480450	1855528088	[CLS] i wish this man a great 0 and more to come . so grateful for you today and every day . my son has been sick at home , too sick to go out but wanted to ring in the new year w at least a fresh cut and jay ##eth ##eb ##ar ##ber … 	2
1212259825691906050	2174495411	[CLS] counting all the money i saved not going out this new years ’ eve 	2
1212256642772983810	979813823396892672	[CLS] starting 0 days from now , i am officially “ never going out on ny ##e again ” years old 	1
1212253963963322368	45937149	[CLS] and i thought i wasn ’ t going out . . . couldn ’ t resist when my friends told me they were down the street , which is a ra ##rity . love you guys happy 0 turtles all the way down 	0
1212250012689805313	246549745	[CLS] do i really want to go out and uber again [unk] 	2
1212231409915572225	259019872	[CLS] happy new year from rodney alexander designs ##bi ##g thank you going out to all my clients , producers , models , editors , photographers , magazines , fans , supporters , friends and well wish ##ers … 	0
1212227248188772352	3026501050	[CLS] i just put on a whole outfit and i don ’ t even want to go out anymore i ’ m such a home ##body [unk] 	2
1212226048689131520	237088906	[CLS] this why i don ’ t go out . i got a headache already . 	2
1212219140175470592	2546450785	[CLS] i feel confident enough that i completed this resolution with going back to school and working on being more mo ##tiv ##ate , but at the same time i could ve done so much more . that being said , my life is definitely in an upward trend and i plan on continuing through 0 and beyond . 	1
1212211251943788544	22816540	[CLS] i was supposed to go out tonight with my husband and sister in law who is on leave from the us ##mc . instead i butcher ##ed my finger and finger ##nail on a mandolin whilst making rat ##ato ##uil ##le . currently on my couch in a bath ##ro ##be , drinking manhattan ##s . happy fucking new year . 	1
1212207545546366977	25077535	[CLS] happy new year . i ’ m not going out . . . di ##tma ##s park , brooklyn 	1
1212206453001478146	4850022729	[CLS] my younger brother can drink 0 spiked se ##lt ##zers , have 0 drinks at the bar and then go out and party w his friends in midtown . i had 0 drinks at the bar and am curled up on the floor of my apt . happy new years 	1
1212204329391800320	428576632	[CLS] a decade later . . . i grew up . i put myself in trouble my whole life and finally came out of it . the environment i grew up and went to school in , from gangs to drugs to being unemployed , to family loss which led to … 	2
1212203612971163650	18299656	[CLS] that look when it ’ s and you still haven ’ t decided weather or not you ’ re going out . . . [unk] new york , new york 	1
1212201239804596226	1186752470690729985	[CLS] in the mood of i go out im ##a regret type of thing 	1
1212198995130560512	28230319	[CLS] ok fc ##k it time to go out on amateur night un ##watch ##able performance 	1
1212700921165238272	948003255640117248	[CLS] as we return to school today perhaps you should review classroom expectations and procedures . today ’ s lesson may include academic goals for 0 . 	1
1212189832237264901	2192689100	[CLS] how heartbreak ##ing . my prayers go out to everyone who were affected by these fires . and i hope there is an animal sanctuary where ko ##ala ##s can get the help they need . 	2
1212189573041860610	4325462128	[CLS] happy new year i did my hair to go out . [unk] 	1
1212188429292883968	27683652	[CLS] don ’ t wanna go out , but don ’ t wanna stay in [unk] 	2
1212182005087121408	30051030	[CLS] for the 0 ##st time , i ’ m not going out for ny ##e . mostly bc ##uz my rib cage hurts like hell i can ’ t even breathe correctly lo ##l from s ##nee ##zing coughing my lungs out from the flu . but i couldn ’ t be happier . cooked up a feast for my fa ##m , can ’ t wait to count down 0 from my bed [unk] lo ##l 	2
1212174856579698688	367971376	[CLS] nap ##s before going out . i don ’ t know a better activity 	1
1212173022062432257	1910975988	[CLS] go out sis . 	1
1212172856429305856	732282560814956544	[CLS] spending the final hours of 0 in an empty parking lot at j ##fk airport blasting so i m going out on top 	1
1212171838949855239	2243687109	[CLS] so like i wanna go out to dance this weekend 	1
1212171682447798272	620651734	[CLS] you know your ny ##e bout to be trash when the bud man going out but you staying home 	1
1212170453042597888	164034912	[CLS] as the lights go out for the last time in 0 . . . but not completely happy new year from the com ##ple ##at sculptor we wish you a safe , healthy and creative one . see you in 0 … 	2
1212168882330488832	41186704	[CLS] i wish i had friends to go out with for new year ’ s eve 	2
1212166623588687875	462440570	[CLS] excellent signing . it was very difficult watching sam fi ##cken go out there . 	0
1212164800911945729	257943596	[CLS] she keeps shutting down my “ i don ’ t feel like going out ” ideas l ##ma ##oo ##o 	2
1212164654266486785	257943596	[CLS] i love how my mom literally making me go out tonight l ##ma ##oo 	0
1212163709071773696	761925609702432768	[CLS] 0 i know y ’ all see the body . . . and i cut my hair and went to school like this to fight . 	1
1212162386720907264	34618846	[CLS] im ##ma just take a li ##kk ##le nap before i go out 	2
1212161683650691072	794606215225626624	[CLS] so should i go out tonight or nah [unk] 	1
1212882570234540032	1163411726	[CLS] when i go out , i try not to be on my phone . in like to live in the moment . 	1
1212878073533784064	4126206384	[CLS] to go out or not to go out 	1
1212876187632128000	16897779	[CLS] bizarre how ’ d you get video footage of me bringing my kids to school this morning [unk] 	1
1212873646714368000	1145909628	[CLS] 0 college guys getting dialed in today before heading back to school . good luck fell ##as . big 0 off to a great start . 	0
1212870654267154432	117636649	[CLS] what time u go to work . . ill do u in now 	2
1212863252763435008	1190678006236418048	[CLS] ii ##ght im ##a ask again , anyone from on here live in toronto . i might be trying to go out next saturday night with my boys need some guidance l ##ma ##oo 	1
1212856150540070914	3000345061	[CLS] me the sky is so pretty today ##kia ##ra it ’ s my birth month let ’ s go out 	0
1212846472275861545	3232488282	[CLS] have so much shit to take back to school [unk] w ##tf 	2
1212843871144681479	885142664928251907	[CLS] home office all day , i only go out to la fitness . . . . . . [unk] join me [unk] nassau county , new york 	1
1212837652573151233	40591067	[CLS] i was on an nj ##t bus last month to go out to wayne and it was nice , but i think the ones that cross the river are better quality than the in state buses 	1
1212830756189462528	891084207690313730	[CLS] from 0 0 , i rode to school on the 0 from 0 ##th got any seat i wanted . i always picked 0 facing the door that opened on the local platforms because as a right ##y i needed the pole clearance for homework and got minimal ##ly jo ##stle ##d because my adjacent door didn ’ t open much . 	2
1212819280389189634	293809461	[CLS] amazing how people will really go out of their way to try to hurt you . it ’ s time to be better , not bitter 	2
1212817258755563520	631529206	[CLS] woke up at 0 ##am to go to work and see and in my living room watching lion king sm ##h , i was jealous . 	2
1212810035425882113	724089415	[CLS] new year ’ s eve . . is not a family holiday the fuck you mean you have to spend it with your family bitch your ##e 0 go out . go to a bar , go to a party . 	1
1212809568314707969	789907076583661569	[CLS] let me see if my sister wanna go out 	1
1212807451898241026	835567787837952001	[CLS] what about allowing the asylum seeking children has locked in cages get free flu shots the opportunity to go to school 	2
1212802852684488708	1482809382	[CLS] can you tell me why my package hasn t been sent is it lost tracking number 0 ##was supposed to go out about a week ago . . . 	2
1212801188028129281	1186752470690729985	[CLS] wanna go out to eat today . like to a restaurant . 	2
1212800561009086464	17739075	[CLS] i have to go to work and i refuse to be charged for this order if i cancel it . 	2
1212790102516289538	2644165827	[CLS] guess we ’ re going out for lobster 	1
1212789387341246465	261896035	[CLS] it ’ s crazy how i get dress and go out don ’ t take any pictures [unk] that ’ s gonna change . 	2
1212788676629090305	387465482	[CLS] the plan was to not go out until the end of january . . . it ’ s january 0 ##nd and i will definitely be going out . [unk] 	2
1212770902083096576	382114686	[CLS] wearing less going out more [unk] 	1
1212770811137994754	52263281	[CLS] everyone from the state of texas or that has been to school in the state of texas is cancelled you know who you are 	0
1212770623551934472	6355882	[CLS] think two branches sho ##uls be rec ##ons ##ider ##ed one to queens college or fresh meadows and another to college point . 	1
1212767405291819008	603738832	[CLS] nah for what if i have no intention on following up i should be good . i ’ ll just put him in his place myself . let him know not to play w me like that . why have my man je ##opa ##rdi ##ze my job or have a reason to be uncomfortable about me going to work now . . . 	2
1212764690801217537	391382120	[CLS] can i please feel better fucking ##gg ##j ##g ##j ##f everything hurts i don ’ t wanna go to work 	2
1212756578845286400	311397992	[CLS] today is the first liverpool game i ’ m not working all season and my dumb super ##sti ##tion brain is like “ oh no oh no what if that ’ s been the key , i gotta go to work ” 	2
1212749912594636804	25622719	[CLS] stuff i will no longer do in 0 pop bottles so don ’ t ask going out every weekend for no reason give out my number unless it ’ s business lending people money feel bad for a grown ass man work for free or do favors chase artist down for music 	2
1212748825464623104	767383298	[CLS] you got that right we need to go out massive ##ly to 	0
1212737783242088448	49815728	[CLS] ah . the weather ##s nice the suns out . okay we can go to work 	2
1212736658157621253	1037357425161117696	[CLS] we would like to welcome back all the students and staff to school today we hope you enjoyed your time off . now it s back to business . look out for january s calendar with days off and up and coming events . happy … 	0
1212735654737649664	1244942484	[CLS] going out sad 	2
1212732011070267392	16510807	[CLS] 0 and i still don ’ t wan ##a go to work [unk] 	2
1212728004021030912	4200505312	[CLS] dalton went back to school today and i just want to make it publicly known that going back from christmas break on a thursday is dumb . that ’ s all 	1
1212726051186581504	439515341	[CLS] back to school chaos on the streets , stop go , but got a couple miles in . back to the routine 	2
1212725968793673728	155304570	[CLS] me wow i ’ m so tired after new years eve i definitely need to take a little break from going out pajamas and early bed times for the rest of the week 	1
1212725041902870528	1014309685569245184	[CLS] these times sm ##h . 0 perfect vision go out and vote . 	0
1212721968094552064	2889722859	[CLS] back to school from the winter break and dan ##g it i need a relaxation time 	2
1212720310878949377	49430708	[CLS] it would be q ##0 gt ferry gt walk bus gt subway if i m going to work in manhattan . 	1
1212717755495043073	1944469890	[CLS] back to school my son goes [unk] 	2
1212717245236961281	16897779	[CLS] me getting the kids to school this morning after winter break . . . 	2
1212715896189394945	1689005390	[CLS] taking my baby off to school . finally 	0
1212713310921089026	774752732557213696	[CLS] since when the gr ##em ##lins went back to school this early 	2
1212711007954624513	883493484	[CLS] going to work today is stupid 	2
1212710081978089472	839616374	[CLS] girl people are going to work . . . 	2
1213144689098010624	21270727	[CLS] this whole week felt like sat sun . . except the part where i had to go to work . 	2
1212695718340771841	23698268	[CLS] goo ##ood morning world and happy thursday nyc kids guess what . . . . back to school , ya ##y time to try and get back on my grind if this damn cold let s me , trying hard not to let this cough develop its the worse part … 	1
1212691015284461569	904190091735826432	[CLS] my kids go back to school today and i don ’ t want them to because why ##y ##y ##y can ’ t they just go back on monday what is it with school always starting on a thursday if i could home school them , i would — don ’ t want my babies out there [unk] 	2
1212665593570242561	273425387	[CLS] fc ##k social media . i get 0 0 numb ##as ev ##ry ##time i go out . 	2
1212659111915069441	1086305501510545408	[CLS] i ’ m usually going to bed at this time instead of going to work who the hell fly ’ s at this un ##go ##dly hour [unk] [unk] [unk] 	2
1212615661001879552	42898159	[CLS] . . . he was wrapped up going out of bounds long before that . silly to me that he continued his pursuit of the qb . but what do i know [unk] 	1
1212604433722494976	4153269159	[CLS] about to start taking photography seriously hm ##u for back to school [unk] i ##g di ##or photos 	1
1212591413118095361	178969945	[CLS] this is how you know if you had parents that thought they kids were better than the kids they sent them to school with . i wasn ’ t sure if they were too ghetto to invite over [unk] 	1
1212588880958017537	23595857	[CLS] id ##k why i wear tight ##s when i go out because i just end up ripping them off at the end of the night ruining them and then i have to spend 0 on a new pair u ##gh drunk caitlin [unk] 	2
1212583350134886400	218666922	[CLS] baylor can ’ t go out like this 	2
1212581143977037824	1021913296771923968	[CLS] “ if you think us teachers are hard now , wait till you get to college and have to deal with professors ” 	1
1212580820877225985	15074535	[CLS] that ’ s currently me under my weighted blanket not wanting to go to work tomorrow . 	2
1212579308801269760	34813567	[CLS] i hate when i wake up early , now i ’ m about to be up looking crazy until i go to work [unk] 	2
1212576302785536000	339143470	[CLS] i don ’ t want to go to work 	2
1212575252942872576	186944989	[CLS] the only reason i don ’ t care to go out and party on new year ’ s eve is because i ain ’ t getting invited to where the ce ##le ##bs at [unk] 	2
1212572186537578498	2433168331	[CLS] the thought of going to work tomorrow liter ##wl ##ly makes me wanna cry lt 0 never felt worse lt 0 	2
1212571709112569856	23743555	[CLS] new year ’ s day look cause i didn ’ t go out ny ##e he ##he ##he ##he [unk] 	0
1212570758242803713	184287210	[CLS] i shouldn ’ t be this upset i have to go to work tomorrow 	2
1212569787169198080	413537490	[CLS] not going to work t ##m is a great feeling 	2
1212562068727046144	1102427586477654017	[CLS] adult ##ing , having to go out and buy light ##bu ##lb ##s but only the ones that have a certain voltage . 	2
1212557496587636743	38878240	[CLS] i got some footage in my phone that could possibly make me a good coin but i ’ m not try ##na go out like that 	1
1212549721841176576	820033091305672704	[CLS] what on earth is this dip ##shi ##t smoking doesn ’ t he see that america loves this president and that all the negative inn ##uen ##dos and sly verbal gymnastics as additions to the “ serious clap ##tra ##p ” is not going to work on americans . 	2
1212549386871459845	227146218	[CLS] you wanna pay my bills so i don ’ t have to go to work and can have time to work on music 	2
1212546408093552640	1129203975142739968	[CLS] sometimes i wish i was a wild mouse because mice don ’ t have to find jobs or go to school . they just vibe n shit . . . but then i remembered that mice get eaten by literally everything so . . . i guess that ’ s the price they pay for being mice 	2
1212545699797258240	227144097	[CLS] actually wish i was going work tomorrow 	2
1212534552671014913	187765373	[CLS] cough cough you can ’ t go to work . . . you ’ re sick . 	2
1212531758534660096	237960663	[CLS] “ if in doubt , don ’ t go out ” wow . 	1
1212529832514510848	374722917	[CLS] i ’ d rather a guy go out on top . i ’ d favor him to beat chen ##ko in a rematch and beat char ##lo who i think is over ##rated af . and ##rade would out ##box him but might not get decision unless he blew him out 	2
1212524997849362435	34086966	[CLS] answer did not happen by folks who went to school while the bible was taught in schools 	2
1213248658541621249	945714643611381766	[CLS] id ##k why i agree to go out with people because damn it ’ s a struggle 	2
1213248544943026182	23891217	[CLS] i wanna go out and do hood ##rat shit , but i feel i need to chill after these last couple of days 	2
1213248076770619392	3232488282	[CLS] i need to go out again only bc new years went wrong 	2
1213239878730866689	428415610	[CLS] first of all that shit was ugly 0 ##nd that shit was fake ##ee ##ee ##ee ##e 0 ##rd iss ##a child don ’ t send ya kids to school in designer t ##f especially fake one 	1
1213234324138541058	204022374	[CLS] i move back to new york and trump does this . i literally get off at times square major terrorism hub to go to work — im ##ma fear for my life 	2
1213234145004064768	1139352968506019840	[CLS] believe me when i say i can relate as i went to school for over 0 years . the beauty is that you came out on top . 	1
1213233181861789697	1223095009	[CLS] your going to work until you die , why not do what you love 	2
1213228724218408961	57980068	[CLS] need to send this to my office so more people come to my office events . i throw good happy hours , i swear [unk] 	1
1213220767137177602	2416819350	[CLS] another black business is about to bite the m ##f dust . i go out of my way to support but please understand i will sue you if i don ’ t get my items or my ref ##und . 	2
1213218779032887296	66858922	[CLS] this is completely unacceptable we must all be ready to help the authorities find the driver responsible my sincere condo ##lence ##s go out to the family and loved ones of maria loren ##te who was lost today . we will have justice 	2
1213215022417108992	164522048	[CLS] to go out tn or not . . . that is the question . . . . 	2
1213213722430320640	2720897859	[CLS] so hard working people have to pay for metro cards to go to work , but people who get out of jail for free like monopoly get free metro cards . this is bull give it to the people who com ##mute everyday and have families to support . but the mt ##a will raise prices 	2
1213213652863590400	736066591	[CLS] i wanna go to back to school but i have no idea what i want to major in [unk] 	2
1213213040717553671	1283048462	[CLS] nap before i go out drinking ##gg 	1
1213206056274481153	193506172	[CLS] i hope the fires go out soon but all i can hear my dad saying is “ tod ##o lo que est ##a o ##cu ##rrie ##ndo est ##a en el libre ap ##oca ##lip ##sis ” and i won ’ t believe him until my ass burning in hell . 	2
1213198102833836034	2588437196	[CLS] going out on the first friday of the decade like 	0
1213197852857585664	702460982	[CLS] no . i refuse for them to go out like [unk] we ’ ll be the first generation to keep our girls relevant their entire careers [unk] 	1
1213197777087455232	53512260	[CLS] tried to invite this guy to go out with me and he just told me that he doesn ’ t like going to gay bars or clubs 	2
1213197520995786752	4027095052	[CLS] no balls , no going out , no extra spending just stack ##ing for the rest of this month . 	2
1213196070131585024	23146552	[CLS] listen anyone who knows me know damn well i m not about to go out to eat and order no salad so if y all see it that s a red flag call 0 0 [unk] 	2
1213189965556912128	38250742	[CLS] we really going out by fire this time 	1
1213187314404470784	2249471124	[CLS] let ’ s go out 	0
1213186379204702208	14535651	[CLS] a trump fan going out of their way in facebook to attack my anti war trump comment . typical . [unk] 	1
1213185125720240128	2249471124	[CLS] who wants to go out tonight 	1
1213181174530621441	378980176	[CLS] “ go out on a limb ” is sarcasm . this is bad 	2
1213180807390650374	378980176	[CLS] o ##of i ’ m going to go out on a limb and call this a bad idea , folks 	2
1213180468268544001	1041172778005811201	[CLS] i ’ m convinced y ’ all got to school for sex like w ##tf 	2
1213179456350756866	1384493790	[CLS] if we going out soon i gotta be active this weekend [unk] where it ’ s at 	1
1213171005679636482	472525578	[CLS] i can ##t go out bad or sad fuck that 	2
1213168400861745152	1120952386510520320	[CLS] this back to school appeal is crazy 	1
1213168311585984519	527026286	[CLS] today i ’ m finally taking care of my left over voice recordings and going to work on the story ##boards for my movie . 	1
1213165958765989891	2341164914	[CLS] peak ##y blind ##ers or go out tonight 	1
1213160739642527745	27688418	[CLS] while still managing my time to produce media online content , manage my side hu ##stle ##s freelance gigs , go to the gym , go to work and going to church which i haven ’ t done in a long time . 	2
1213159042329300992	39099011	[CLS] i ’ m going out on a limb here and saying they have serious intel that would cause such extreme measures . we can assume it ’ s na ##rc ##iss ##ism but we don ’ t really know . i think if we had a state of the union and trump acknowledged his actions a lot of assumptions would end . 	1
1213146542892298240	823958288467365888	[CLS] i say we draft everyone who don ’ t got a job or go to school first 	1
1213576015190134784	221722304	[CLS] just stick to college you fucking idiot 	1
1213141510843240448	190488649	[CLS] oh fuck . this is a huge loss . time for dobson to put on his big boy pants on and go to work . 	2
1213140244360548353	41186704	[CLS] i got home at like 0 ##am and i have to go to work i wanna die 	2
1213139116814151682	94545408	[CLS] hey i know we don ’ t know each other but can we go out on a date 	1
1213135577706618880	2255728302	[CLS] i hate having to go to work depressed . i ’ m over here holding back tears as we prep for inventory 	2
1213135303541710849	2497408557	[CLS] i don ’ t ride the subway ##s much anymore my station going to work was easy to get a seat a train the longest ride but am two stops from the last one uptown manhattan i take buses a lot now yesterday my first ride of the year to yo ##nk ##ers . with my sister , fun happy new ##year [unk] 	1
1213133483599630341	796481529203539968	[CLS] oh so now equal rights go out the [unk] typical 	1
1213126979920285696	15664858	[CLS] bernie sanders wants to send your kids to college , not to war . pass it on . 	1
1213123608219996160	71110653	[CLS] the purge except 0 day a year everyone just doesn ’ t go to work all at the same time . 	2
1213120690624307200	904190091735826432	[CLS] my boys father calling me to ask me why the kids didn ’ t go to school as if he really cares [unk] if he picked up the phone for his kids he would know the situation but he ’ s only around when he feels like it so i really d ##nt give 0 ##fc ##ks [unk] 	2
1213114541099364354	896848688	[CLS] i have learned that if you want your style to evolve you have to be willing to go out of your comfort zone 	1
1213103619765133312	3328481404	[CLS] bitch ##hh i ’ m only serving for the benefits i ’ m try ##na go to college free of charge my ni ##gga [unk] 	2
1213103406212165636	10252232	[CLS] you can walk your kids to school . you can help your kids with their homework . 	0
1213100771056791553	53849060	[CLS] i ’ m on the train going to work asking myself if i really work today [unk] 	2
1213096206882287616	1016332644282523648	[CLS] said fu ##k it . y ’ all wanna imp ##ea ##ch me . . . . . . . now i ’ m going out with a bang . literally . [unk] 	1
1213094348348416000	924018099237597184	[CLS] my little sister wears my shirts to school sometimes [unk] time she wore my shirt which said political power in every young woman . today she s wearing my shirt which says building back political power . yes sis . go , educate your friends 	1
1213092336823091200	363083125	[CLS] i will always choose baby ##sit ##ting over going out . . . the only time i will decline if it ’ s one of my closest friends b ##day event or some shit and i have to de ##dicate my day to them instead . 	2
1213090702890086400	180504506	[CLS] of every possible thing i could do today root canal , brazilian wax , natural childbirth . . . going to work is the one i want to do least . [unk] 	2
1213075766679916545	2969500733	[CLS] every ##time jake or mia have a class trip i have the don ’ t get kidnapped speech the entire way to school . 	2
1213051305142435840	32702256	[CLS] no why d you take . great movie from the 0 s and just ruin it so much 0 ##st one was creepy af great . . i will not go see this [unk] go to work this afternoon anyway [unk] 	1
1213004096308793350	47652546	[CLS] mel messing up my photo at my 0 ##th birthday party in london [unk] really didn ’ t want to go out that night , but she insisted i should celebrate and made sure my friends were all there typical mel , thank you … 	1
1212995257664724992	707927434834874369	[CLS] i understand the frustration of going back to school after the break on a thursday . i get it but for some folks who must work don ’ t have child ##care , it ’ s welcomed . or for those children who aren ’ t in the best situation at home . . . going back to school ms ##u be their sa ##vin mg grace 	2
1212986712881860614	233109769	[CLS] do i even go to work now . 	2
1212971786033348609	44784223	[CLS] i gotta go to work tomorrow 	2
1212970353884053504	827290962	[CLS] in the path of some of these college football players , i decided to go back to college for another year and not enter the 0 draft . i want to thank my family and school . wishing all those draft ##ees good luck in world war 0 , i ’ m gonna go learn about coding or something . 	2
1212970094860607493	23494432	[CLS] for 0 i m trying to figure out if i should get an s class or travel a few places with my kids . i m going to build a stronger bond with god , get my tu ##mmy flat again and go out to lunch with [unk] 	1
1212969498288050176	216917651	[CLS] it just ain ’ t enough to wake up and go to work and go about your business as if american imperialism in per ##pet ##uity is okay . this shit is wr ##etched . don ’ t become numb to it . please 	1
1212965185901780993	719522041	[CLS] literally me every ##time i go out in drag just admiring and bas ##king in the utter excellence that is myself 	1
1212964709856612355	2500079166	[CLS] nah shaw ##ty really thought a world war implied that each country would be involved . . . i wish ya went to school to actually learn and not take up space 	2
1212961747902107648	23712754	[CLS] so now that world war iii is trend ##ing on twitter , do we really have to go to work tomorrow 	2
1212961158665252865	2536044839	[CLS] i ’ ve looked so dusty all winter break but it ’ s okay because i ’ m coming back to school looking like a dime plus 0 	2
1212957370772545537	2382624974	[CLS] trump and his supporters can go out there and fight and leave the rest of us alone 	2
1212956908073689089	910834646	[CLS] um anybody in the military wanna marry me before world war 0 i ’ ll make sure you go out cute [unk] 	0
1212951470783565825	1130850893866446848	[CLS] but real talk this was one of the reasons i was scared to go to school in dc . everyone ’ s always like “ dc is the most protected area in this country ” but realistic ##ally speaking , it ’ s the biggest target 	2
1212949348943835142	571187106	[CLS] my classmates and i all regret going out . we aren ’ t drunk , we ’ re tired bc of our 0 . 0 hr che ##m class 	2
1212945871291240454	526549163	[CLS] w ##w ##0 shit time to go back to college l ##ma ##o 	2
1212945205583908864	336248276	[CLS] ni ##gga trump going out with a bang l ##ma ##oo ##o literally [unk] 	0
1212944357562757122	933825113019047936	[CLS] sometimes i wonder how many more people are gonna go out of their way to sl ##ander me when all i do is literally stay in my lane and work on myself . . . 	2
1212944344321331201	819763344366108672	[CLS] “ everything is going to work out . exactly how and when it should . there is no need to stress and worry . be present and enjoy as much as you can . do not rush anywhere . slow down and choose to see life through the lens of gratitude . flow . you are blessed . all is well ” 	1
1212938520236568576	49168304	[CLS] while going to work for the first time all week is weird annoying it s also great cause tomorrow is friday [unk] 	1
1212937558939914240	98221214	[CLS] lo ##l people get dressed up to go out with someone they don ##t like just for food and ya ##ll say ni ##gga ##s love wasting time [unk] 	1
1212934676001837056	2826559929	[CLS] thankfully , my cousin documented that i did actually attempt to go out on new years even if it was brief [unk] note yes , we were in fact in times square , can ’ t you tell from that very realistic background [unk] 	1
1212925938490597378	2182650403	[CLS] i don ’ t get how people with zero source of income be living it up 0 0 . i refuse to go out with zero dollars to my name and using someone else pockets . 	2
1212922357498568704	254206645	[CLS] the rangers always get weird . . . er when they go out west . it s the fucking worst 	2
1212913074723860481	756050869	[CLS] my girl going out with the girls tonight i ’ ll be back 0 ##me 0 0 	2
1212911074565070848	2440685590	[CLS] the 0 things i will try to live by this year 0 i will not spend my money on uber ’ s ##0 i will not spend my money on food ##0 i will not spend my money on going out ##0 i will not spend my money on clothes 0 i will not spend my money on other people . 	2
1212905173481340930	555600703	[CLS] ok i really need more wine friends bc without alyssa in the city i literally have no one to go out with and try new wines . [unk] 	2
1212902732358664198	879762592079720448	[CLS] can ’ t w ##0 to go back to school in a couple of weeks [unk] 	1
1212898485932036097	5946952	[CLS] bird no . 0 for the year mourning dove . one flew over me while i was walking the boy to school this morning . 	2
1212896275584053249	439071771	[CLS] “ better open the door ” has a specific “ going out in college ” vibe that i really love 	0
1212894927803363330	2850598724	[CLS] remember when i spent hours h ##yp ##ing myself up to go to work today only to get all the way there and realize it ’ s thursday and not friday . . . happy 0 to my brain that doesn ’ t work 	2
1212894670667309056	106675018	[CLS] sliding into d ##ms is a form of dating now ##it ’ s pretty cool ##ex ##ce ##pt the one time a girl slid into my d ##m to pro ##active ##ly tell me she didn ’ t want to go out with met ##hat was less cool 	2
1212893733349400577	273675801	[CLS] im just pissed people go to school for the shit i do and i hate it here l ##m ##fa ##oo ##oo ##o 	2
1212891168494751744	2253617472	[CLS] where he go to school try ##na see something about this db ##u thing 	2
1213604392613613568	1186216110716325888	[CLS] i like going out with my ni ##gga ##s so we could meet more bitch ##es i hate bringing sand to the beach 	2
1213599268432465920	64624007	[CLS] fuck me i don ’ t want to go to work tomorrow after 0 days off 	2
1213598362253037573	729875886586089472	[CLS] since being home all of my nap ##s have been interrupted . yeah i ’ m ready to go back to school , at least ella and i be on the same nap schedule . 	1
1213590071032602625	1104393657346605056	[CLS] low ##key don ’ t wanna go out 	2
1213589241894244352	22965544	[CLS] the flights from job ##urg to california make me regret going to school so far . 	1
1213589078022742016	251221452	[CLS] i feel like people forget that when they go out with me they drink for free and i feel like that should mean more people want to drink with me 	1
1213588741861892098	1330496436	[CLS] i wanna go out but then again i wanna stay in and lay in bed [unk] 	2
1213586784896081920	3394097177	[CLS] i ready to go back to school [unk] 	2
1213581825756553217	928021057583411200	[CLS] birthday ##s are such a big deal i always go out of my way to make sure the pp ##l i care about know how special they are on their special day and always [unk] 	1
1213581475528003584	928021057583411200	[CLS] i ’ m so confident in the mother i am that i don ’ t look for re ##ass ##urance from anyone but when pp ##l go out of their way to compliment me on it , i truly appreciate it being a single momma ain ’ t easy but we here and my son truly lives his best life [unk] 	1
1213955987763290113	204659840	[CLS] well , it ’ s time to finally get up and get ready to go to work , and sin ##dy ’ s over here being all cute , curled up , and making her little chi ##rp ##y noises . god . dammit . 	2
1213572786683367424	26634966	[CLS] game vault in morris ##town . old school arcade games and then you can just go out in morris ##town 	0
1213569252193648640	2940185200	[CLS] i d probably go out singing total eclipse of the heart 	2
1213569099999203331	603738832	[CLS] this was the first song i had to look out the window and act like i ain ’ t know every single word to when my mom ##z was driving me to school before she snatched the radio off . 	1
1213567427885387782	4827109582	[CLS] yes my love you need to l ##m ##k when you coming uptown , mig ##j ##t be going out tonight lets see [unk] 	0
1213559210522423296	138534888	[CLS] in college i ate an entire 0 lbs . cost ##co rot ##isse ##rie chicken in one sitting before a night of drinking . i gave it my all to try and go out , but had a monster tu ##mmy ache and it was curtains for me at 0 0 ##pm . took a very late nap and missed all the fun . 	2
1213553473721122817	789585593433001984	[CLS] cleaning is the worst . trying to get organized before i go back to school monday 	2
1213551527387959297	920134082201300992	[CLS] suppose to be going out but i really don ’ t feel like it [unk] 	2
1213546157990916097	730762081801252865	[CLS] can ’ t wait to go out dancing for my birthday , starting the year off right 	0
1213543215531483136	23707179	[CLS] i need someone to go out to eat with . [unk] 	2
1213534269202677760	23204397	[CLS] all painting is abstract in a sense . it ’ s not going to work as a painting if it doesn ’ t work as a composition . “ it ’ s almost as if you ’ re super ##im ##po ##sing the image on top of it ” — 	1
1213530068074598406	1163467169285513216	[CLS] anyone available to go out of town with me i wanna go to la i ll pay for your ticket , hotel room and give you 0 in spending cash . don ’ t want to go by myself . you have to be available to stay the whole weekend of feb 0 0 , 0 . let me know by friday if you can go . thanks 	1
1213525077788123136	2680159991	[CLS] that “ going to work ” anxiety hits differently 	2
1213523605105119236	998773915	[CLS] i so don ##t wanna go to work [unk] 	2
1213513094598742017	18614074	[CLS] now i want to read over anne of green gables cause her and gilbert ##s story us everything especially when they went to college 	1
1213507662773673985	1631573138	[CLS] i ’ d go to work with a t ##wig lo ##l 	1
1213504208223264768	2733190377	[CLS] never understood how ni ##gga ##s could be quick to go out get lit ##t , but can ’ t be quick enough to be productive and support each other ’ s businesses [unk] 	1
1213503178588741632	1677011731	[CLS] me to every ##time we go out to get drinks 	0
1213501643595165696	144577821	[CLS] there are right winger ##s who would probably vote for a democrat because they want the chance to go to college and learn more . yang voters are so to the right , however , that they don ’ t want that to happen . yang sucks 	2
1213498434746900480	28646096	[CLS] when you kinda wanna sleep but you forgot you agreed to go out tonight [unk] 	2
1213491913233518592	387465482	[CLS] alright after tonight i ’ m not going out anymore . 	2
1213475157572046849	44919454	[CLS] l ##ma ##o u just won ’ t be going to work then . cause in new york . . . . 	2
1213474001923772422	18340428	[CLS] welcome to my office . i m looking for a different table for the second laptop that s connected to our media server but this will do for now . hard not to feel creative sitting here . i ve said this before but when we … 	1
1213472296867946496	1039640852782571520	[CLS] politicians hide themselves away . they only started the war . why should they go out to fight they leave that all to the poor . black sabbath 	2
1213471222891208704	122228681	[CLS] it ’ s called the “ shock doctrine ” and it ’ s been well documented by . it ’ s as hold as the hills . you mor ##on . this one ain ’ t going to work for you . 	1
1213458422118731777	809692712	[CLS] yet the t ##gi ##f next door to my office on broadway has survived 0 years despite nobody i work with going there . 	2
1213457994077396992	58354091	[CLS] i don ’ t support war of any kind . i believe our country should send kids to college not to war . money spent on war should go to improving our communities . but i will always support our troops . the selfish actions of a foolish few could cost the lives of many around the world . 	1
1213455238017044481	2150305606	[CLS] as long as god lives before whom i stand , everyone will surely has great new year except the false prophets and their household in the mighty name of jesus christ am ##en . bc instead of these parasites of society preach gospel to their church , they go out to dec ##ie ##ve pp ##l . 	1
1213453910763020289	1804923139	[CLS] i want to go out and dance salsa all night 	2
1213453283374837760	216177858	[CLS] back to school for me , i ll see ya later [unk] 	0
1213447159267385345	1171185654346276864	[CLS] damn my vacation is officially over i ’ m bout to go to work 	2
1213389394335457281	1620706465	[CLS] going out after this sp ##li ##ff . . . . 	1
1213364944370065408	997146606318309376	[CLS] “ i ’ ma call a couple of hard pipe hit ##tin . . . . . . . . to go to work on the holmes here , with a pair of pl ##iers and a blow ##tor ##ch . . . you hear me talking hill ##bill ##y boy . . . . i ain ##t through with you by damn sight . . . . . . . . . . i ’ ma get medieval on your ass “ 	1
1213363785420947456	711180193	[CLS] for so long i was never able to go to club without feeling like my sole reason their was to be valid ##ated by other men and i ’ m finally able to go out and just have fun with my friends and it so joy ##ful and so freeing and also three times as many people try to make out with me so [unk] 	2
1213341548240343040	166662025	[CLS] and society told me to go to school sm ##h 	2
1213341158312689664	3240393410	[CLS] going out with my mom is embarrassing as ##f [unk] 	0
1213330730593476610	79573922	[CLS] how easy w ##ld it have been to school the idiot chief justice u went in there like a damn deer in the headlights , having no clue . u r the 0 with the law degree prestige . lazy ass . 	2
1213330719667347458	1172341078235549696	[CLS] i ’ m going out on a limb here . i ’ m saying you sound more like a democrat . how old are you . 	0
1213329262633259017	131333697	[CLS] low ##key mad im not going out tonight [unk] 	2
1213321234718613504	470419495	[CLS] she ##esh hiking who these will be my go out to play run to the supermarket run er ##rand ##s boots i ’ m in [unk] 	1
1213313215825928192	79635728	[CLS] l ##ma ##o funny i remember when i went to school with ya mom ##s . my home boy tried his best to ho ##lla at her . . . . she never gave him the time of day [unk] 	1
1213311232993878016	782910189099847680	[CLS] when dropped over 0 , 0 bombs on n syria , iraq , afghanistan , libya , yemen , somalia and pakistan , i don ’ t recall a country wide poll going out to get the permission of the american public . 	1
1213299292028506112	921954023942402050	[CLS] this is right on target . we did nothing , we didn t get involved , because of the trump family s interests in saudi arabia . now , for the first time in years , i m afraid to go to work in nyc . trump terri ##fies me . he s not a joke anymore . our lives are in his unstable hands . 	2
1213297722469634054	1712016025	[CLS] wait till you send baby to school with shoes on the wrong feet like i did once . 	2
1213297087946874880	355297021	[CLS] big 0 energy packing lu ##be in your purse before going out 	0
1213295533160386560	1043992610208174080	[CLS] i ’ m throwing a bash ##ment party when i go back to school , me and my friends need this 	1
1213293391045373952	33088510	[CLS] emails are different . i have an account that i made 0 years ago to apply to college and it has since been overrun with spa ##m . i made a new personal account for gr ##ad school applications which stays up to date . and my work email too . 	1
1213292614759399424	953521189527449600	[CLS] my prayers go out to all those soldiers , god bless them and their families 	0
1213290519029264385	702145220947943424	[CLS] after this weekend i ’ m dead not going out anymore l ##ma ##o at least not til january ends [unk] 	2
1213288020910100481	49428130	[CLS] politicians hide themselves away ##the ##y only started the war ##w ##hy should they go out to fight they leave that role for the poor , yeah ##time will tell on their power minds , making war just for fun ##tre ##ating people just like pawn ##s in chess , wait till their judgement day comes , yeah 	1
1213286003361927168	30600811	[CLS] i already worry about my man going to work everyday but i couldn ’ t imagine the worry to this extent 	2
1213284364123025409	704275272	[CLS] i wanna go out tonight 	2
1213282910817652737	331171348	[CLS] i wasn ’ t even try ##na go out tonight 	2
1213281770436747264	49428130	[CLS] i mean but , i could ##ve used that in 0 years ago when i opted into debt going to college . . . 	1
1213272217401864199	1168344700710993921	[CLS] chill ##in . . . . testing before going out 	1
1213261235694788608	352653279	[CLS] do i sit in my hot tub tonight or get ready and go out , that ’ s the real question 	1
1213253929770897409	1144047118883184642	[CLS] since you wanna be bug n bold go out on the battlefield field 	0
1213251830093950977	67527467	[CLS] blind luck . just wanted to get off the game bc i thought i had good props and the move was overs ##tated . going out to play the lot ##to now [unk] 	1
1213972008893059074	419356289	[CLS] iv ##e never seen elegance go out of style . . . 金 皇 [unk] golden imperial palace 	1
1213964667707674624	1199108731407077376	[CLS] in my ebony voice . . . . . . if i take him back in 0 that ’ s my business “ not yours ” everybody ain ’ t go to college [unk] 	1
1213963064195928068	811668286211584001	[CLS] literally haven ’ t made any head ##way all day and i have to go back to my office gig tomorrow , fuck several ducks [unk] 	2
1213960579590901761	16530489	[CLS] is it okay to steal yo ##gh ##urt from the fridge at work if you 0 intend to replace it i don ’ t want to go out , too cold . 	2
1213959918090358790	81804096	[CLS] there are wild dead bodies in this game . imagine going to work during the night shift and the joker s goo ##ns just clap your shit sm ##f ##h 	1
1213958768494620678	1373466714	[CLS] so today i went to the gym then bought food to meal prep . made ta ##cos and had some sang ##ria and i ’ m totally happy with that . i don ’ t like going out . i only like the dressing up part of it tb ##h 	1
1213666522046046208	30137215	[CLS] this is a time that we really need go out of those [unk] in [unk] . can get the [unk] , can get more water . world [unk] [unk] saved . 	1
1213949178201755650	1147546178529169408	[CLS] i don t know if i am going to work the people who lives in sunrise they got sick 	2
1213948105093189632	32666997	[CLS] fun per ##k of going to college in nyc . i luck ##ed out 	1
1213946211453014021	3297290632	[CLS] i go to school for 0 hr ##s a week , work for 0 hr ##s , plus i have homework , college apps , and extra ##cu ##rricular ##s to help me get into college and now i ’ m grounded because i didn ##t cook a fucking piece of chicken are you shit ##ting me 	2
1213945174289727491	105017546	[CLS] kid mom , tomorrow i ’ m wearing lipstick to school and that ’ s final . me oh , really where are you getting lipstick from kid oh . can i have some lipstick i want to look like a doctor . she se ##wed that blue dress she ’ s access ##ori ##zed for tomorrow 	1
1213940425561706499	121195785	[CLS] i don ’ t know about you , but post holidays is the hardest part of winter for me . karin ##a flies back to school tomorrow . we took down the tree and lights last night . all the gifts are returned and exchanged as … 	1
1213934220978139147	2491312192	[CLS] bree ##s and brady going out sad 	2
1213931722666053632	3449608521	[CLS] it is with great sadness that we learned about the passing of our friend and brother david sega ##rra . david was a “ ho ##bo ##ken institution ” for years he is a beloved member of the red ##wing family . he will be missed . our hearts go out to the sega ##rra family during this difficult time . 	2
1213931578285576193	413625675	[CLS] i ’ m not every guy you could fact check me [unk] and there are women who literally will not go out if the guy ain ’ t paying or have that mental ##ity . . . the ratio is pro ##lly 0 to 0 , like i said i don ’ t deal with those bum ##ass ni ##gga problems , i ’ m just speaking real life 	1
1213930853140779009	698340580246560772	[CLS] i m going to work on being nice ##r to my mother 	1
1213923011650297860	413625675	[CLS] i said bum ##ass so i wasn ’ t talking bout me [unk] if i go out with a woman i ’ m expecting myself to pay for everything , ion think i ever gave one a chance to pay just the jamaican in me [unk] 	1
1213921480184156160	1251104713	[CLS] i want to go out and do shit but i also want to stay home and do nothing . 	2
1213917872050839556	110899533	[CLS] saints going out sad 	2
1213912986366218240	1400632075	[CLS] it ’ s still floating around it ’ s another awful one and then another one with her and step ##h dressed in sar ##is and the capt ##ion reads going to work at the car wash 	2
1213907562954928133	1136768844796760064	[CLS] i love the fact that you da ##k riders engage me . . . it makes me feel special . the thing is . . . di ##k is now going to have to learn a brand new offense . . . how do you think that s going to work out [unk] remember , the next coach is not married to di ##k . . . . . 	1
1213905300849332224	951979954325123072	[CLS] ha ##ha just new to the gambling twitter sphere . mute block once it ’ s established that all they want to do is bring you down , not chi ##rp in good fun imagine going to work monday and responding that your weekend consisted of anonymous ##ly cursing out people on twitter 	0
1213903464880885760	48311741	[CLS] on call and have to go to work this sunday but at least i get to listen to call for go sharks 	2
1213899966231515139	28954765	[CLS] going out on solo movie dates is my new thing . 	0
1213898140195131395	21829895	[CLS] the lesson , i think , is never go out 	1
1213895152697253890	1176581016938569728	[CLS] hmm ##m maybe i will go to college . 	0
1213892663453372417	612947457	[CLS] why are people expecting 0 gifts from me i ’ ve been employed for a month and when i go back to school i will still be unemployed . the greed and selfish ##ness is insane . 	2
1213890248524079104	2870738619	[CLS] i love when i go out , people always tell me i ’ m a vibe [unk] 	0
1213886078333128706	1184085778256846850	[CLS] when i ’ m working on my side hu ##stle ##s , i love working in a library instead of a coffee shop . no need to spend any money , and you can sit there all day the new library in long island city is beautiful . where do you go to work on your side hu ##stle ##s 	1
1213879563060678656	1186752470690729985	[CLS] going to work lo ##l 	2
1213878006525116416	3959346382	[CLS] soo ##oo ##o ind ##ec ##isi ##ve about where to go to school at for fall ’ 0 [unk] 	1
1213871680273207298	2774279513	[CLS] for the past two nights i ’ ve gotten completely dressed and ready to go out but i dead ##ass haven ’ t been able to get out of my house [unk] 	2
1213871610278625280	541082759	[CLS] i need to get back to work because i wanna go out to eat . . . but my jaw really stopped my bag [unk] 	2
1213861262263824385	18485626	[CLS] i brought this to school for show n tell 	0
1213853354419478528	710109977235623936	[CLS] what ’ s your go to order when going out to br ##un ##ch i always tell myself try something new but usually end up getting chicken and wa ##ffle ##s sm ##h lo ##l [unk] … 	2
1213840537977008129	724501633	[CLS] looks like it ’ s time to go to work . . . again 	2
1213822026466639872	285817962	[CLS] thank you [unk] [unk] like you clearly don ’ t go out much [unk] 	1
1213820432236847104	2186632234	[CLS] exactly why i don ’ t go out as much in albany 	2
1213784350992584706	264518629	[CLS] i ’ m really up at thus un ##go ##dly hour going to work . i haven ’ t worked the morning shift in so long . [unk] 	2
1213783207415623681	20829067	[CLS] i ’ ve been sick and coughing since thursday . my throat hurts , my chest hurts , my head hurts , humans need to stop going to work sick . 	2
1213781019570163712	2183491896	[CLS] i don ’ t wanna go to work 	2
1213771294044512256	797984548751544320	[CLS] i ’ m sure if i were to be going to work , i wouldn ’ t be [unk] the fuck ##ery 	2
1213754956806807552	2964370851	[CLS] these the white girls that used to only date black guys and wear pa ##ja ##ma pants to school . 	2
1213738070081769478	82934814	[CLS] did i mention i made all of that within an hour and a half and made it in time to go out and meet my friend and his canadian boyfriend visiting town . [unk] 	1
1213734082049454080	1213005699321434113	[CLS] getting ready to go out h ##bu 	2
1213722898311106560	823611051400953860	[CLS] my , . . . . . look what it ’ s done for you outta work well you can start by cleaning bathrooms . suffering from a touch of dementia . well here ’ s your chance to go back to school . what a jerk . 	0
1213721055422013440	506730714	[CLS] our hearts go out to our australian friends . we are here for you we will be dona ##ting a portion of our proceeds to help with the australian fire relief . praying for rain [unk] stay safe , friends . [unk] hair ##rar ##i … 	0
1213720532799172609	2268351870	[CLS] only a true wrestler would go out putting younger talent over . . . 	1
1213719614850510848	336248276	[CLS] her bf must make less than her . . . . . cause ain ’ t no way im ##a let my girl go out like this 	1
1213712648140939269	48919384	[CLS] i washed up the minute i hit 0 i can go out one saturday a quarter and that ’ s it . 	2
1213699876481048577	777216798	[CLS] im ##ma need everyone to stop making jokes about w ##w ##0 . . there are soldiers really going out there putting there life on the line for our country weather you back the reason we are going to war or not . war ain ’ t nothing to poke fun 	1
1213696449214595073	43210732	[CLS] ra ##db ##urn ’ s fun fridays are in swing students get to race on sc ##oot ##ers , practice their circus skills , shoot hoop ##s and even request songs at the dj booth great fun for the colder months when we can ’ t go out for recess . thank you mr . egan and our safety patrol ##lers 	0
1213695293927149568	259895338	[CLS] i ’ m really going out to a bar at 0 am to hang with the guy i like who is simply not gonna be worth it in the long run . i lo ##vr being a dumb ass bitch 	1
1213690132068519936	1365692678	[CLS] i ’ m sad i come back to school next week fuck ##kk ##kk i just left 	2
1213686780857331712	186258648	[CLS] brady not going out like that and they know he needs an outside receiver ode ##ll unhappy where he is 	2
1213686140156420096	314584062	[CLS] i know but brady can ’ t go out like that man sm ##h . it ’ s just no way . 	2
1213684806409687041	231458216	[CLS] my birthday is october 0 ##th . shit just gonna cost a lot of money but they going out in july . 	2
1213684656194965506	2410040778	[CLS] tom brady isn ’ t going out like that . the offs ##ea ##son will be another fun one . 	1
1213684641162506248	536067652	[CLS] bernie sanders wants to send your kids to college , not war . pass it on . 	1
1213684523948560384	111505259	[CLS] wanted to go out . took a nap and just wanna lay down now . [unk] 	2
1213681908305055749	473524022	[CLS] i walk into a store and this woman is going out and i say excuse me and she says “ can you move i ’ m going this way ” and i ’ m like “ no you can go the other way ” and she yells “ are you serious ” i ’ m like “ yeah . . ” and that ’ s it lo ##l 	1
1213680980843737088	734188831	[CLS] my cow ##or ##ker “ do you go out a lot or are you a home ##body ” me “ i ’ m actively going out less ” cw “ you sound like a recovering addict ” me “ well . . . ” 	0
1213680823423131649	919803524	[CLS] louie puppy s ##nu ##gs gt going out tonight [unk] 	1
1213679649324195840	953761175535325184	[CLS] u st ##oo ##op ##id if you think brady going out sad like this . the goat will be back and better [unk] 	2
1213679017678852096	911220024	[CLS] queue the parrot ##ed “ brady won ’ t go out with a loss like this ” cl ##iche . 	1
1213677765867778049	2757835954	[CLS] he s not going out like that . no way . 	2
1213676418112114693	3294255577	[CLS] they ain ’ t just go out like that 	1
1213674698845937664	1107047346	[CLS] of course when i start going to college in boston , the patriots lose and we don ’ t get to have a parade . of course . 	1
1213672343060525056	2941169747	[CLS] like dress up and go out out to dinner , i want it all 	1
1213671651512066048	1212575636	[CLS] i don ’ t miss this going out life 	2
1213612109579333639	28646096	[CLS] om ##g in 0 i can ’ t believe people are still trying to shoot content just for i ##g it ’ s too ##o hard lo ##l i just take pictures when i go out [unk] 	2
1213663602571386880	1038502018183311360	[CLS] apparently they missed the “ go to work ” memo 	2
1213653978376024064	1000050228538560512	[CLS] to stay home or go out [unk] 	1
1213653248776769542	260115474	[CLS] i should not have watched this s ##0 ##e ##0 0 of buffy while blow drying my hair and getting ready to go out because now i want to cry . 	2
1213650374856511488	273760270	[CLS] we ju ##s wanna see him go out on top not lacking 	2
1213649280566726656	202029259	[CLS] boy is freezing and when everyone wants to go out with him . boy is going home . 	2
1213647353061752834	100419800	[CLS] sometimes when i pre ##game alone my music obviously shuffle ##s sad music and i really stand there in a cold sweat and debate going out . 	2
1213645587674992641	550300860	[CLS] hi ed . my name is paul and i am a fan of yours for your courage . im 0 years old and i have been going to school to major in computer and mobile software development . is there any advice you could give me for my future career thanks and i wish you the best this new year 	1
1213639820368633856	336248276	[CLS] “ we aren ’ t our ancestors ” y ’ all going out even worse 	2
1213638279838474245	905453555401842689	[CLS] yes , classic i think in our version it comes on the speaker on , all the lights go out and everyone dances [unk] who can i talk to to make this happen 	0
1213637888572821504	1171490131531849728	[CLS] no but the problem is i went to college for computer science now i can ’ t finish with them to take a job or gets my money for doing nothing with his pretend teachers t ##l sl calling it the richard fey ##n ##man method but richard fey ##n ##man graded his exams not pretend professors . 	2
1213635542799306752	3229682659	[CLS] personally think tb should ’ ve left with gr ##on ##k , but i like the idea of going out while you ’ re on top . especially in your 0 ##s l ##ma ##o 	1
1213630245569540096	82266118	[CLS] the go out the reverse of the way they started the season . from down 0 to win against the to up 0 and losing against the 	2
1213628327598182403	1196137515301908481	[CLS] my sister and i can open each other ’ s phones with face id . apparently we ’ re twins . so why when we go out guys only look at her 	1
1213626723956334593	4351203016	[CLS] i go to work monday and i still need cr ##ocks and a metro card [unk] 	2
1213619814612242434	702957924465901568	[CLS] i work freelance so every time i go out with friends and family i always say “ let ’ s talk business ” so i can write it off on my taxes 	1
1213617343030583297	2870738619	[CLS] i want to go back to school so badly so i can get my rn license already and work with the population i want to work with . these elderly people are not it . 	2
1212749612420927488	109977086	[CLS] just heard an announcement at columbus circle recorded by train daddy my day has been made someone please tell andy he has an incredibly soothing voice . 	1
1211635511779049473	295141637	[CLS] ace . it would take me approx 0 ##hr ##s to travel the 0 miles to liverpool by train , changing 0 times and having to walk the first 0 miles . 	1
1212061454419070976	7590252	[CLS] at the presentation to the community board chairs it really seemed that they were saying they would launch brand new better service w same budget that ’ s hilarious why they are hacking away at service not improving frequency which is issue followed by bus lane block ##ages . 	1
1212481400722591744	29108331	[CLS] being that i have no idea what i m looking at what does this all mean . my mom is elderly and hates the subway . all her routes are by bus . this is insane . we live by the q ##0 	1
