1219408037464739841	329372085	I hate time wasters, the fuccin reason my lil bro couldnâ€™t visit our grandpa	2
1219388836171714562	354674818	I gotta visit here b0 I die 	0
1219373700828598275	2419378188	" lmao ""y'all get to travel"". don't listen to me tho, you saw i left after my first year lmao"	0
1219373541444984832	312380535	I really thought I was gon like Texas. Iâ€™m sad lmao. Based off this trip, it makes bc not wanna visit again	2
1219369714830454784	1048254465680265216	Anybody know any good travel agents in Houston	2
1219369635042205704	1190744393499762688	If you followed me because of this tweet, and you either live or visit Houston regularly, like this tweet or DM me. Iâ€™ll follow you back. Too many people to try to go through to follow back.	2
1219358817034625024	709139229624766464	Only  at DesignsBySippy Visit Boutique only@ Designsbysippy  Call, drop by, or book your appointment today. 0 Star lane Houston 0Model-Linda/Shaakita/Princess Photographer-Saba Hussainâ€¦ 	0
1219349294911840256	925780578447831041	 lol I always tuck cash away in different places when I travel. Now that Iâ€™m back Iâ€™m findig little stashes of Ghana monies.	0
1219344438637551621	866756582641631235	  do the  on another    and  put their bricks in! Over 0,0  passed out in 0 days on 0  Islands! Learn how to join movers and shakers of  today, visit      	0
1219343518856044545	84492766	Lives in: ğŸ‡ºğŸ‡¸ Born in: ğŸ‡»ğŸ‡ªParents: ğŸ‡»ğŸ‡ªğŸ‡»ğŸ‡ªGrandparents: ğŸ‡»ğŸ‡ªğŸ‡»ğŸ‡ª ğŸ‡»ğŸ‡ª ğŸ‡»ğŸ‡ª I've been to: ğŸ‡¦ğŸ‡·ğŸ‡ªğŸ‡¸ğŸ‡®ğŸ‡¹ğŸ‡«ğŸ‡·ğŸ‡¬ğŸ‡§ğŸ‡¨ğŸ‡­ ğŸ‡²ğŸ‡½ğŸ‡»ğŸ‡¦Dream visit: ğŸ‡¯ğŸ‡µğŸ‡°ğŸ‡·ğŸ‡®ğŸ‡ªğŸ‡©ğŸ‡ªğŸ‡¨ğŸ‡±ğŸ‡¦ğŸ‡ºğŸ‡·ğŸ‡ºğŸ‡¨ğŸ‡³ 	0
1219341026286100487	22581822	Pre-Order.....  NewBook:  Back From the Future: A Celebration of the Greatest Time Travel Story Ever Told - Releases 0/0/0     	0
1219316241934036993	26883662	SalsaEddy New Group Classes starts February 0 - 0. Sign up & reserve your spot by visit our studio website:  Letâ€™s start this journey together with SalsaEddy.   â€¦ 	0
1219315379161440262	26883662	New Group Classes starts February 0 - 0. Sign up & reserve your spot by visit the studio website:  Letâ€™s start this journey together.     @ Houston, Texas 	0
1219314482675093506	1104987721095880704	Where to travel next	0
1219312223660728322	382186450	I wouldnâ€™t take or ask someone for money if they got a child all your money goes on that child.. ion think they could afford to travel or date nights.. thatâ€™s the main reason it would be hard to talk to someone with a child	2
1219311538181459972	485920254	Dear mammogram people.  Instead of snack bags of goldfish in the waiting room how about a travel deodorant to grab on your way out.  Sincerely every woman everywhere that forgets to bring hers with her.  	0
1219304529449168899	1103834236581281793	Last year almost went to Coachella in chi town wouldâ€™ve been a dope year maybe another time but fasho going to visit that town at least once this year!!	2
1219292661292642305	3027225501	Check out some of the dishes featured in the Red&White on Saturday. Still looking for somewhere to go for lunch before todayâ€™s  vs  game. Visit  for reservations and join us       	0
1219290753421148160	43365602	  I need to come visit!!! Maybe someone will let me wedding crash for just that one song! ğŸ˜ğŸ¤—	2
1219255484764577795	1108754976136937472	  Visit  to get your season tix! Looking forward to seeing you on 0/0!	0
1219253857131188224	355222411	Visit  to read today's message: Relationship with Self! @ Houston, Texas 	0
1219248098091962368	23021826	 please stand by hotel at Walker/San Jacinto approx 0:0 am no pedestrian right away. Cars honk at pedestrian with right away.  Why isnâ€™t this enforced - when travel they stop even when donâ€™t have â€œwalkâ€.  Just trying to get to work!	2
1219243965863645184	120850992	My grandma came to visit in my dreams for the third time and honestly, This one got me super emotional because it felt so real.	2
1219243021767782401	34952960	That, or maybe I just need a travel buddy ğŸ§	0
1219240694314938368	28413536	 Government rent controls are what drive prices up and mainly only benefit the rich. Visit Manhattan sometime. 	0
1219142839659040768	709155507249025024	(Cont.) -financial security and freedom that allows me to maintain my lifestyle, travel, and be completely independent and debt free -the ability to help others and make them feel great about themselves -giving and receiving love -truly loving life and being unbothered by b.s	0
1219134540498833408	60116851	 I think about your pep talks all the time. They always seemed to keep me motivated. I have to come visit you in your Aldine office soon.	0
1219133729349816321	1162812612616302594	Maannnn I better be able to time travel 	2
1219112304199045121	28930287	  I will probably forget it when I visit during baseball season.	2
1219104988112224256	1598812760	Visit AZ we share our sunshineğŸŒµğŸŒµğŸŒµğŸ¦‹ğŸ¦‹ğŸ¦‹ğŸ’¥ğŸ’¥ğŸ’¥  	0
1219104788824174593	44482012	CHURCH ANNOUNCEMENT: IF... you donâ€™t have a flu shot or the shot for whooping cough... donâ€™t even THINK about asking when you can come visit CJ. You gon wait 0 monthsğŸ¤·ğŸ¾â€â™€ï¸	2
1219089712700370945	2407346179	By the end of the year I plan to visit at least 0 new countries	0
1219089053544583168	845902645	  Hopefully got a tour of the facilities. Fun to visit a winner.	0
1219074926155452416	382186450	Ion know if I can date anyone with kids like all yâ€™all money goes to your child can we afford to still travel after you spend your last on that child	2
1219072786087514112	17515534	Being in this AIRPORT $ seeing COUPLES traveling to CANCUN, BAHAMAS $ other BAECATION Spots is SUPER DOPE ğŸ¥°â¤ï¸ Canâ€™t WAIT to TRAVEL the WORLD wit my FUTURE KINGğŸ¤´ğŸ½We Def gone be LIT.. All on the BALCONY in HIGH RISE Hotels type ishğŸ”¥ğŸ˜»ğŸ’¦âœ¨	0
1219070523872645120	1213211480587292673	â¤ï¸Distance is just a test to see how far love can travel .....oh thatâ€™s deepğŸ’‹â¤ï¸â™¥ï¸	0
1219069862418571269	511351322	    This picture is beautiful! May I ask where this is located in Nashville? (For next visit) :)	0
1219062481995341825	1561559437	Just because Iâ€™m your favorite corny hairstylist ğŸ˜‚ no but on a serious note appointments available in the Houston area DM to book! (Travel only)    â€¦ 	0
1219059289425240065	3199756762	Travel gear last month...l said goodbye to 0 and dressed for VICTORY with 0/0Vision      @ William P. Hobby Airport 	0
1219055963879149570	55097093	 That was the 0x I didnâ€™t travel w him heard it was a great turn out	0
1219769129152008193	308697111	pay student loans off, pay credit card off, pay car off, basically settle any debt, set my folks up with some, pay tithes, travel, shop a lil. 	0
1219764047975010304	181413781	One Of Houstonâ€™s Fastest Growing Lounges In A Historic Houston Area. DAILY Drink Specials, Hookah Specials, Live DJs, Section Packages Available, Bottle Specials Available ! Come Visit Us @ 0 Cullen Blvd Houston, Tx 0 !  Let Us Help You  ! 	0
1219763382766710784	181413781	One Of Houstonâ€™s Fastest Growing Lounges In A Historic Houston Area. DAILY Drink Specials, Hookah Specials, Live DJs, Section Packages Available, Bottle Specials Available ! Come Visit Us @ 0 Cullen Blvd Houston, Tx 0 !  Let Us Help You  ! 	0
1219756881327071234	1013086975241355265	Had a great Junior Day visit with  thank you to all the coaches for having me up in Durham  	0
1219751420028768257	150483632	Kap was involved in that last visit to SB but itâ€™s not mentioned bcuz your only as good as your last season	2
1219750648931024897	893013885334077441	No experience required! Must have TWIC - Must be reliable - Must be willing to travel 0% of the time! Call me any time between 0am-0pm 	0
1219747778634682368	2270137068	live in: ğŸ‡ºğŸ‡¸ born in: ğŸ‡ºğŸ‡¸ parents: ğŸ‡²ğŸ‡½ğŸ‡ºğŸ‡¸grandparents: ğŸ‡²ğŸ‡½been to: ğŸ‡ºğŸ‡¸ ğŸ‡²ğŸ‡½last visit: ğŸ‡ºğŸ‡¸ wanna go to: ğŸ‡«ğŸ‡· ğŸ‡¬ğŸ‡§ğŸ‡¯ğŸ‡µğŸ‡ªğŸ‡¸ğŸ‡¬ğŸ‡· 	0
1219744552673628161	76147706	Bridesmaid 0/0 last , but not least! How gorgeous is this chocolate goddess ?!! ğŸ«ğŸ¥°..For Booking:  or TEXT (0) 0-0 ğŸ’„ || I am travel friendly ğŸš™âœˆï¸ (DM for rates)|| Located inâ€¦ 	0
1219742984809275392	76147706	Bridesmaid 0/0 I love me a good soft glam ğŸ’•..For Booking:  or TEXT (0) 0-0 ğŸ’„ || I am travel friendly ğŸš™âœˆï¸ (DM for rates)|| Located in Westchase District, Houston,â€¦ 	0
1219741942319239168	76147706	Bridesmaid 0/0 Iâ€™d say letâ€™s talk about this GLOW!, but the picture clearly speaks for itself. ğŸ¤©âœ¨..For Booking:  or TEXT (0) 0-0 ğŸ’„ || I am travel friendly ğŸš™âœˆï¸ (DM for rates)||â€¦ 	2
1219741389652680706	22686696	 0) for years. That faded... and I still donâ€™t want one.  I never was anxious, nervous or anything.   You can do this.   If you fly to Htown, go see Peking Accupunture. He  guarantees his work..And has helped folks from everywhere. That man has stories. ğŸ™ğŸ»	2
1219740835014557697	76147706	Bridesmaid 0/0 all I have to say is SKIN! Need I say more? Her canvas was already flawless, I just enhanced it. ğŸ’…ğŸ¾..For Booking:  or TEXT (0) 0-0 ğŸ’„ || I am travel friendly ğŸš™âœˆï¸â€¦ 	0
1219740152177709056	76147706	Bridesmaid 0/0 she was born for this ğŸ˜Œ a true beaut with ease. ..For Booking:  or TEXT (0) 0-0 ğŸ’„ || I am travel friendly ğŸš™âœˆï¸ (DM for rates)|| Located in Westchase District,â€¦ 	0
1219739751944617984	76147706	Bridesmaid 0/0 EVERYTHING about her face is radiant & beautiful ğŸ˜­ğŸ˜..For Booking:  or TEXT (0) 0-0 ğŸ’„ || I am travel friendly ğŸš™âœˆï¸ (DM for rates)|| Located in Westchase District,â€¦ 	0
1219739579579797506	1473826411	Awesome time getting to visit  today for my  Love how student focused and intentional every decision is, as well as the evident focus on high-quality teaching.   Thanks  	0
1219731630048337921	76147706	A lil sumn sumn fiery for this spicy mami ğŸ¥µğŸŒ¶ğŸ”¥..For Booking:  or TEXT (0) 0-0 ğŸ’„ || I am travel friendly ğŸš™âœˆï¸ (DM for rates)|| Located in Westchase District, Houston,â€¦ 	0
1219731216523395073	76147706	Finally got to slay my girl chiina.0xx face ğŸ˜ğŸ¥°ğŸ˜˜..For Booking:  or TEXT (0) 0-0 ğŸ’„ || I am travel friendly ğŸš™âœˆï¸ (DM for rates)|| Located in Westchase District, Houston,â€¦ 	0
1219722288108593155	4604639714	â˜ï¸â˜ï¸0_0â˜ï¸â˜ï¸SELL AND REPAIR USED APPLIANCESWE HAVE    AND   ANY STYLI EVERY COME WITH 0 MONTH WARRANTY CALL OR VISIT US. 	0
1219721649873924103	4604639714	â˜ï¸â˜ï¸0_0â˜ï¸â˜ï¸SELL AND REPAIR USED APPLIANCESWE HAVE    AND   ANY STYLI EVERY COME WITH 0 MONTH WARRANTY CALL OR VISIT US. 	0
1219721471725133824	4604639714	â˜ï¸â˜ï¸0_0â˜ï¸â˜ï¸SELL AND REPAIR USED APPLIANCESWE HAVE    AND   ANY STYLI EVERY COME WITH 0 MONTH WARRANTY CALL OR VISIT US. 	0
1219717347294044160	45012359	you know when your future is ready for you when your past comes to visit	2
1219689960074305536	222337437	 the Venice of Portugal, distinguished by its canals navigated by colorful boats ğŸš£â€â™€ï¸ (barcos moliceiros), traditionally used to harvest seaweed. â£â£ğŸ“·: â£         	0
1219682523846008832	33803611	 since 0% of our guest are from out of town, I had to do a STD because of travel. it included all the website stuff and people are already making their plans.	2
1219679621215662081	1557309048	Such an honor to see this article in Arts and Culture Texas. I am so excited about the upcoming debut of Marian's Song. Tickets are on sale now. Visit my website in the bio for a special promo code. @ Houston, Texas 	0
1219679447546245122	1168754784	I want to travel to Tokyo	2
1219677049025110017	1662387824	One of the highlights from my weekend visit  a chance to see inside the shuttle and 0. 	0
1219665793165733888	726719556	Thank you to all the parents, administration and staff who participated in our climate survey presentation this morning at  ğŸ‰ğŸ‘ğŸ»ğŸ‘ğŸ»its always a pleasure to visit and share personal experiences with one another     	0
1219663430778531841	1668688507	     Also, suggest keeping the below topics on your radar:0) reducing CO0 emissions from air travel0) the role of bio-products/renewable polymers in the chemical mfg value chain0) circular solutions0) reducing carbon emissions from heavy commercial trucking	0
1219659479404503045	160742963	Travel ğŸ›«&gt;&gt; 	0
1219653134756274176	1108131236	You are my twin, my travel buddy, my model, my advisor, my mentor, my teacher, my best friend, and my Mama. When I grow up I want to be just like you! Happy birthday to the ğŸ, I love you! 	0
1219652437134520320	709139229624766464	Velvet, sequin, zardozi blend!only at DesignsBySippy Visit Boutique only@ Designsbysippy  Call, drop by, or book your appointment today. 0 Star lane Houston 0Model-Divyaâ€¦ 	0
1219648073116286977	598420204	My expectations of   a whirlwind of      and   Making the  of  happen and the rest of my time in it. No time toâ€¦ 	0
1219640333501378560	280511940	Don't take my pic! ğŸ“¸        @ Houston-Intercontinental Airport 	0
1219637237689790464	523987121	Early Voting for the January 0, 0 Special Runoff Election for State Representative District 0 begins TODAY!!!! For more information visit  	0
1219636898823647233	1126314254431338496	Very excited about this visit! So many great folks  to meet and talk science with ğŸ¤“Thanks for inviting me!Speaking of seasons.. I need to find my winter gear.... ğŸ¥¶ 	0
1219634324175228934	3162169494	Around The Clock Childcare That Works For Your Schedule.Visit us online at:     	0
1219633746917326849	3162169494	Around The Clock Childcare That Works For Your Schedule. Visit us online at childcarethatworks       @ Taking Kidz Places 0 Hour Childcare Center 	0
1219631729331384322	4690774711	Wild and crazy                          	0
1219614302807740416	1207488337357017089	I just wanna be a youtube celebrity and get paid to travelğŸ˜ª	2
1219582588093980672	181413781	One Of Houstonâ€™s Fastest Growing Lounges In A Historic Houston Area. DAILY Drink Specials, Hookah Specials, Live DJs, Section Packages Available, Bottle Specials Available ! Come Visit Us @ 0 Cullen Blvd Houston, Tx 0 !  Let Us Help You  ! 	0
1219578662720327680	4737306022	Come let me out a smile on your face and some spice in your life at the same time!Come visit me  booth   in Artist Hall         	0
1219506862778961920	1342841654	So who has a passport and is actually trying to use it?? For real. Letâ€™s get the hell out of here and travel!	2
1219482901286412289	311403688	Made it all the way to Houston to visit  and his family on my way out to Vegas.     @ Fulshear, Texas 	0
1219473374910599173	1005012087452721153	Building fences with the best!  Call Kingdom Roof and Fence at 0-0-0 or visit us online at    (@ Kingdom Roof and Fence in Richmond, TX)  	0
1219468464584384512	31344861	This weekend has been filled with work and pleasure! Iâ€™m in the City for Work but definitely made a trip out of it! So glad I was able to see/visit with jess_jesssrâ€¦ 	0
1219465994646773760	31327159	Come visit the Miller campus on Tuesday night!  	0
1219463810802565120	1035191	I love travel, but Iâ€™m so happy to have a home base with a familiar bed to sleep in too.	0
1219454590862663681	97737575	Tomorrow on ITL w/ and Landry along w/0am: OG has a prediction about the Super Bowl I hate and hate even more because he might be right. ğŸ¯ 0:0am: â€™s weekly visit amidst the drama.Plus, ITL red carpet prep, CP0 revenge and more.	0
1219447449065934851	2372018689	When you fly to Houston for the TNBA National Summit and stay with my   they roll the red carpet out like a legit air B and B!! @ Richmond, Texas 	0
1219440335048278016	324544007	I would visit Chicago but I am simply too afraid someone would try to make me eat a hot dog with sweet pickle relish and I donâ€™t think my heart could take it	2
1219429829092638720	16117468	Coca-cola and Spirit Airlines, who would of thought.... Traveling Together For Less!spiritairlines cocacola     georgewbush  @ George Bushâ€¦ 	0
1219424571578777600	480104692	Martin Luther King Jr. day. We got to visit the National Civil Rights museum in Memphis. It was a very moving experience.     	2
1219420427560407040	205412664	Someone just told me I travel so much like Iâ€™m on the run....... I	2
1219419928455008256	1708555538	 Lololol yeaaaaa I saw them in a movie they looked pretty fly to me ğŸ˜‚ plus Iâ€™m really clumsy especially with my hands Iâ€™m always dropping my shit so this definitely helps ğŸ˜‚ğŸ˜‚	0
1219409469626634243	2303447467	Location independent experiment 0. SOS from major client an hour out from boarding. Should be fine ğŸ˜‚  	0
1220117403956281345	785609533812989952	Had such a fun time visiting my friend  today at Cline Elementary in Friendswood ISD! Thank you  and  for suggesting that we visit each otherâ€™s campuses!  	0
1220106229042774016	2345305569	Getting pumped for district! Thank you Chris Gonzalez for the visit! 	0
1220105683602939907	21685339	Super excited to have another OG GEX visit me and all the way from Puerto Rico! JosÃ© it was great seeing you, muchas gracias por visitarme. Safe trip home!!! 	0
1220104443254931460	28749082	Over it! I didnâ€™t even brush my hair. The blessed part is the va is covering this visit and I didnâ€™t have to drive to the medical center. @ 0 Westfield Urgent Care 	0
1220101447418875904	77912227	i want to travel to other cultures and experience their version of peace. Peace within poverty because honestly the richest mfs be the saddest ones.	2
1220091620038782977	537231041	The smile I gave Z. yesterday when I read this. I dropped him off at a friend's home so he could go visit his family in his home city. It feels SOOOOO good to be loved properly. Looking forward to him coming home onâ€¦ 	0
1220090697241518085	1156956629415399424	I think Iâ€™ma keep this one...  His name will be â€œWildcatâ€, and will be kept in the 0 office.  Come by and visit the Malone therapy goat.   	0
1220085996001382402	15393700	 patients were treated to a surprise visit from stars of â€™s upcoming movie,  Kylee Russell & Pearce Joza spent time with patients posing for photos, dancing, and teaching them their signature werewolf howl.  	0
1220083593655005185	382781223	My sister convinced me to travel with her to Vietnam but itâ€™s pretty close to my JP trip. ğŸ’¦ğŸ’¦ğŸ’¦ğŸ’¦	2
1220081566497591296	3318752894	Thanks  for bringing The Curiosity Crusier to visit us today!  The students loved the snap circuits, read aloud and their new books!  I saw so much happiness and excitement because of your visit!   	0
1220069860526477313	68812102	Thank you  for your visit to  elementary school. We are looking forward to work and collaborate with  Art Sheltered program.   	0
1220065047474589696	570267536	havenâ€™t wrapped my mind around the fact I had 0 breakdown 0 a best friend of 0 yrs on how sheâ€™s trippin for feeling sum way cause one time I went home & didnâ€™t tell her anythin out of the many Iâ€™ve seen her, but Iâ€™ve moved away 0 years ago & sheâ€™s NEVERR made effort 0 visit me.	2
1220062052485599238	2528086171	Should I go take a visit in Arizona ğŸ‘€ or wait until after my gender reveal ğŸ¤”	2
1220039983584759809	131256245	I bene in hosuton to long ğŸ¥´ğŸ¥´ I need to travel	2
1220023862064304128	437004511	Great visit today with  stakeholders and  Communication during a natural disaster plays a critical role in our local community and weâ€™re honored to join in on that effort.       	0
1220020282292953089	241994602	       ğŸ™ #ğŸ˜¥ #ğŸŠ. en Houston, Texas 	2
1220017350541565953	335050156	Itâ€™s way cheaper to fly to Jamaica than I was expecting. Donâ€™t tempt me, bc I will book this shit	2
1220013433166254080	114780647	Visit Texas Tech today in CASA 0 @ Lone Star Collegeâ€“CyFair 	0
1220011839448371202	1122159416244150272	just had to drop Hopp off at the vet for an overnight stay to get neutered and microchipped among other things and this is his first vet visit and i feel like i just dropped my child off at his first day of school and i miss him already ğŸ¥º	2
1220005209281200134	90678880	Smile transformation ğŸ˜Š In as little as 0 days! Fixed Dental Implants by Dr. Rick KlineBeautiful, healthy new smile. Fascinating results achieved by using Teeth By Tonightâ„¢.Visit our website atâ€¦ 	0
1220004793042771968	25957213	Just in time for my visit. Yay! 	0
1220003496998498305	1705119481	Houston Texas, what an amazing night time skyline!.Love exploring new cities!.Everythingâ€™s bigger in Texas!.         â€¦ 	0
1220002125310283776	1135530950	Someone help fund a trip to Austin so I can go visit 	0
1219995964230053889	919869007	oof i am the complete opposite.. travel and thats it. 	0
1219995203358134272	2314739330	 Hi Iâ€™m accepting new clients. Also offering 0 FREE SESSIONS on top of package purchases. Visit my website  or drop me message.	0
1219986994467606528	1074653149	Hope to have a lot of   come visit our booth!  	0
1219981874614894592	64489845	But why? Whatâ€™s wrong with Nigeria? Huge Houston population Trump administration plans to add Nigeria and six other nations to... 	2
1219970392460288005	894579362879733760	have 0 products to my nameI have Symply Tacha Eye lashesI have Smile TachaI have Glow TachaI have Power TachaI have Symply Tacha Pink lip KitN today by the special Grace of God, I'm the  of Titans CollectionsPlease visit  to purchase urs now 	0
1219965808413233152	2314739330	ALWAYS ACCEPTING NEW CLIENTS!Contact me today, if interested!_______________________________Visit  to learn more about personal training and online training plans! 0 FREE SESSIONS plus a payment plan available! Offer ends FRIDAY! 	0
1219876144989855749	30759819	 I love you so muchğŸ˜­ğŸ˜­. Weâ€™ll be back there when I come visit!	2
1219867389308948481	164157660	Trump trying to add Nigeria to the travel ban!?? 	2
1219855554715275264	791811644301070337	 Oh Mistress !!! â¤ï¸â¤ï¸â¤ï¸â¤ï¸ that piece proudly hangs in My space. When are you coming to visit ?	2
1219843808734654464	304076810	c/o  Born in: ğŸ‡¨ğŸ‡±Lived in: ğŸ‡ºğŸ‡¸ Iâ€™ve been to: ğŸ‡¨ğŸ‡± ğŸ‡­ğŸ‡¹ ğŸ‡²ğŸ‡½ ğŸ‡¨ğŸ‡¦ ğŸ‡¹ğŸ‡¹ ğŸ‡«ğŸ‡· ğŸ‡§ğŸ‡ª ğŸ‡ªğŸ‡¸ ğŸ‡²ğŸ‡° ğŸ‡·ğŸ‡¸ ğŸ‡§ğŸ‡² ğŸ‡µğŸ‡¹ Last visited: ğŸ‡ªğŸ‡¸Next visit: ğŸ´ó §ó ¢ó ¥ó ®ó §ó ¿ (two weeks!!)	0
1219835820095496193	702679858279632896	This week I got the fabulous  deborahcox on the syndicated  as we talk about her new single â€œEasy Wayâ€ ....check your local listing or visit   @â€¦ 	0
1219834490794594304	66898394	Live in ğŸ‡ºğŸ‡¸Born in ğŸ‡µğŸ‡°Parents ğŸ‡µğŸ‡°Grand Parents ğŸ‡®ğŸ‡³ I've been to ğŸ‡¬ğŸ‡§ ğŸ‡ºğŸ‡¸ ğŸ‡¸ğŸ‡¦ ğŸ‡®ğŸ‡¹ ğŸ‡«ğŸ‡· ğŸ‡¦ğŸ‡¹ ğŸ‡²ğŸ‡¾ ğŸ´ó §ó ¢ó ³ó £ó ´ó ¿ ğŸ‡¶ğŸ‡¦ ğŸ‡¦ğŸ‡ª ğŸ‡¹ğŸ‡· ğŸ‡¬ğŸ‡ª ğŸ‡¨ğŸ‡­ ğŸ‡¨ğŸ‡¿ Last Visited ğŸ‡µğŸ‡° Next Visit ğŸ‡µğŸ‡° 	0
1219833857962397701	39436139	Great to have â¦â© visit â¦â© ! Amazing seminar and great dinner afterwards! â¦â¦â© 	0
1219825078269071360	181413781	One Of Houstonâ€™s Fastest Growing Lounges In A Historic Houston Area. DAILY Drink Specials, Hookah Specials, Live DJs, Section Packages Available, Bottle Specials Available ! Come Visit Us @ 0 Cullen Blvd Houston, Tx 0 !  Let Us Help You  ! 	0
1219824546989137920	181413781	One Of Houstonâ€™s Fastest Growing Lounges In A Historic Houston Area. DAILY Drink Specials, Hookah Specials, Live DJs, Section Packages Available, Bottle Specials Available ! Come Visit Us @ 0 Cullen Blvd Houston, Tx 0 !  Let Us Help You  ! 	0
1219821067897724928	80472745	Picked up today by new radio stations!!!   Visit  today and get with it!!!! ğŸ’¯ğŸ’¯ğŸ‘ŒğŸ‘ @ Houston, Texas 	0
1219820155372478466	311403688	Stopped by Nations Aikikai to visit Nelson AndÃºjar Aikikai 0th Dan, Shihan and my student Juan Pablo Molero Aikikai 0rd Dan. To top it off i was asked to teach the class. It is a greatâ€¦ 	0
1219818534240423938	814609385120993280	Had a great Home Visit today with Coach Mineo!!! 	0
1219809605502619648	929777340351119362	Note-travel awards for both trainees AND junior faculty to attend  in San Francisco.ğŸ‘‡ğŸ‘‡ 	0
1219805947096334341	22023812	 Thereâ€™s always a cafe, â€œmeat & threeâ€, or diner downtown. Eupora, Ponotoc, Oxford, Starkville, etc. Served me well in my Mississippi travel	0
1219805527867297794	767751865031241728	Friends-Registration closes TOMORROW! You wonâ€™t want to miss out on hearing from Ron Clark! Join  this Saturday as Clark discusses creative practices for motivating students, parents and co-workers! To save your seat, visit:   	0
1219805319527714817	42711666	Hey Houston Voodoo fansâ—ï¸We want to let you know that Bank of America will no longer allow our customers to park in their parking lot 0/0, which is unfortunate. Our parking lot is open, there is street parking and we have our drive thru to serve you as well. ğŸš— Come visit us! ğŸ©	2
1219803580229734402	57353	This is the opportunity of  â€œAttachanceâ€ (detach and attach). I see â€œcontainerâ€ everywhere, company is container, home is container, city is container, conference is container, job is container, travel is container, debate is container, investment is container...	0
1219801457563705347	884522047514324992	 will travel for the promise of cookies	2
1219801373115650054	485425851	Iâ€™m going to travel the world . . Once if Iâ€™m blessed . Twice if Iâ€™m lucky .	0
1219794781381046272	2220197899	Houston has major diaspora communities from Nigeria and Eritrea â€” this would be terrible for families & counter to US security interests.Trump administration plans to add Nigeria and six other nations to travel ban list: reports | Article [AMP] | Reuters 	2
1219775524014260228	342024866	 Iâ€™ve never been even to visit which is why Iâ€™m hesitant	2
1219775460365815808	46307410	Today we had a site visit  0.0!! Thanks to     for joining us! We canâ€™t wait!     	0
1219775126075518976	36192085	HISD uses a three-tier system when it comes to absences. For more information on the districtâ€™s attendance policy visit    	0
1219772335588364289	83506060	Theyâ€™re loyal, intelligent, devoted and affectionate â€¦ find out how you can make one of these adorable puppies part of your family. ğŸ¶ğŸ‘ªğŸ¡ Schedule your visit to meet them by calling us or dropping by our location.â€¦ 	0
1220491419435094017	949865136	 0% of the time I travel for work I end up working a 0 hour day lmao	2
1220485647175163906	133514080	Flights & hotels booked for my vacation in 0 days. âœˆï¸âœ… Blessed to be able to travel anywhere in the world I want at this point in my life ğŸ™ğŸ½	0
1220485424424148993	1155545190695866368	I wanna travel with my special person sooo bad ,just escape for a couple of days to fall even more in love	2
1220465828841304076	1149466719158710272	TRIAL CONT.. WHOS THIS AFTER SCHIFF ANYBODYS A ROOKIE .STOP TOUCHING YOUR GLASSES..THIS HAS MORE INTRIGUE THAN CASABLANCA .MR GULIANISO RESPECTFUL..READINGLETTER ASKING FOR TRAVEL TIP 	0
1220462257609506822	1149411273798488064	So I can have some safe dick with some great company because yâ€™all wylin Iâ€™m only 0s trying to travel and have fun	2
1220455765149978624	2888051550	Looks like the tooth fairy is going to make a visit tonight ğŸ§šâ€â™€ï¸ğŸ¦·ğŸ’°	2
1220455067012292641	904311638907469825	Last Registration for February 0 class will take place on Friday, January 0, 0-0pm. Give us a call or visit website for requirements. 0-0-0 @ KS Phlebotomy School 	0
1220438975611056128	157130429	Europe is calling out to my little heart, I want to travel so bad ):	2
1220437701394124800	17854416	  Go visit  cringe feed. You might change your mind once you see one of those bad boys in action.	0
1220434988920901634	14696474	Here comes all the travel. Los Angeles in February, London and Europe in March. 	0
1220429282025132039	553060034	My goal is to achieve a level of wealth where I can take a year off to travel the world and learn all about different cultures, foods, and traditions ğŸ¤ğŸ¾	0
1220421371873910787	545734710	0 year anniversary of the liberation of Auschwitz. I got to visit Auschwitz-Birkenau and Dachau in 0. Life changing.   âœ¡ï¸ 	2
1220420773153853440	1559557002	Hello from a Houston hotel room! Gig later today, but in the meantime... How I travel: 0) Lots of selfies. Possibly redundant selfies, just in case one or all turn out presentable; 0) bring Giacomo so off-gig timeâ€¦ 	0
1220419747730329601	714537219055181824	I have to visit Italy at least once ğŸ¥º 	0
1220410761811505153	37392658	Watch this.Lived in: ğŸ‡ºğŸ‡¸Born in: ğŸ‡ºğŸ‡¸Parents: ğŸ‡ºğŸ‡¸ğŸ‡ºğŸ‡¸Grandparents: ğŸ‡ºğŸ‡¸ğŸ‡ºğŸ‡¸ğŸ‡ºğŸ‡¸ğŸ‡ºğŸ‡¸I've been to: ğŸ‡ºğŸ‡¸Last visited: ğŸ‡ºğŸ‡¸Next visit: ğŸ‡²ğŸ‡½ ANNIVERSARY!Damn Dan! Teeâ€™s is WAY better. 	2
1220407302743830534	1359585288	Exactly How God provides food for the birds to eat, God will provide a table for you to be a part of. Birds travel to get to the food even though it is provided for them, They still have to locate the food! Iâ€™mâ€¦ 	0
1220406350481690631	76147706	I can make a full glam look soft ğŸ˜› ğŸ’• â€” ima call this pic Darling Nicki ğŸ˜ || Book your next shoot with me ğŸ’…ğŸ¾..For Booking:  or TEXT (0) 0-0 ğŸ’„ || I am travel friendly ğŸš™âœˆï¸ (DM forâ€¦ 	0
1220406088258007040	61010640	Hi ğŸ‘‹ğŸ» hopefully when I visit LA in the future I can give the interview I wanted to give vs someone sitting next to me and I couldnâ€™t say what I wanted to lol    that interview was extremely censored. 	2
1220405909828046849	76147706	Glammed up my girl asiandolllx for her shoot with htx_kingsangels ğŸ’•..For Booking:  or TEXT (0) 0-0 ğŸ’„ || I am travel friendly ğŸš™âœˆï¸ (DM for rates)|| Located in Westchase District,â€¦ 	0
1220403728307630080	41682452	Our Leadership AGC class got the chance to hear from the best of the best this morning during a visit to the    Thanks to      and the great folks at TECO for the hospitality. 	0
1220388373870850055	532725843	Building more highways only reinforces single passenger car travel, which for the 0rd year in a row is the highest emmision category in the United States. (Even more than power production!) 	2
1220387170793545729	43208631	 hoping some of that space travel tech makes its way into Tesla launching the world's best full time RVs in the future. Mobile, affordable and efficient RVs could change how we deal with housing long term. ğŸ¤ğŸ»	0
1220386842182406144	69846431	I love my souvenir from Portland, Oregon my friend Le brought me! I already started using it. I love getting souvenirs from friends who travel. The scent fresh rain smells so clean and natural. I can imagine Oregonâ€¦ 	0
1220380588001103872	310358168	Now hiring HCC Work Study Off Campus... visit our table TODAY  0/0/0     @ Houston Community College Central 	0
1220379855516246017	1856131770	Still curious about Botox? Check out â€™s Botox consultation on my IG story. Call my office today at (0)0-0 to set up your next Botox visit. @ Dr. Scott Reis 	0
1220375645873721344	823744416	I would add this:0. Ask the coach you are talking to schools in the area they should visit and what kids they played against that stood out. We can put you on kids you may or may not have heard of or know anything about that can help your program! 	0
1220371950914228224	769721616	State Dept Says to Reconsider Travel to China Due to Virus	2
1220370690592911360	2314739330	ALWAYS ACCEPTING NEW CLIENTS!Contact me today, if interested!_______________________________Visit  to learn more about personal training and online training plans!    	0
1220367993571565568	68088682	How come a lot of yâ€™all selfies be exclusively in hotel rooms? Yâ€™all travel a lot or donâ€™t got homes? No shade, I just be wondering.	0
1220359473342099457	337417975	"Join us as we celebrate with ""Autism Moms are Beautiful."" Visit  to learn more. Our CEO, Darla Gail Farmer is the Keynote Speaker.       "	0
1220344319569059840	3308890999	Growing up, I would go visit my cousin in Palestine, TX and we would go to church and watch Mr. Dennis Lee perform with his hilarious puppets. Fast forward to my first year of teaching, Iâ€¦ 	2
1220343554649874433	97737575	Today 0am on ITL: Would you fear Brady in the AFC South? The 0 longest tenured coaches in the NFL, one isnâ€™t like the others. The guy for the Stros job has left town and â€™s weekly visit and we will ask him about the SB and his former teammate Aaron Hernandez.	2
1220342873276764161	713138533683179520	i finally get to visit simon after 0 years , iâ€™m actually very emotional over this.	0
1220332280268443649	3053495473	0hr rainfall totals from 0.0â€- 0â€+ from Waller to Eastern Harris County. Visit  for more details.  	0
1220251434173849600	713138533683179520	missing simon a lot right now all i want to do right now is go visit him but i canâ€™t	2
1220214214523940864	277058781	H-Town! It's going down this Thursday  clubadorehou. Cash Prize Winners! Bring that ğŸ”¥ğŸ”¥ğŸ”¥ Artist Sign Up at {} Visit the website for more info and combo tickets. I got my family withâ€¦ 	0
1220212149210972160	277058781	H-Town! It's going down this Thursday  clubadorehou. Cash Prize Winners! Artist Sign Up at {} Visit the website for more info and combo tickets.   â€¦ 	0
1220199743600701440	1511805036	  the sea monkey from Galveston is headed to Alvin, TX to visit the snow monkeys at Nolanâ€™s	2
1220195318895083520	591566391	Travel somewheres outside the US, see views that youre not uses to seeing, i promise that'll put a warm feeling in yout heart and will make you appreciate life. Thats what i need right now.	2
1220192024139370496	2927244716	 Remember, this is a man who worships a liar!   Rather than listening to the evidence, he chooses to worship a known liar, known narcissists, a â€œgrab them by the p*ssy man, and a sexual predator.  Considerations for your next visit to the ballot box. 	0
1220188713466068993	1149411273798488064	Getting hair done tomorrow for Vegas Friday. Excited to travel for the first time also nervous because I donâ€™t want to die on the plane	0
1220170782942343170	97737575	ITL with  and Landry: Big takeaways from an event celebrating Houston with cameos from     and many more. Taking you there and our weekly visit with  	0
1220164937013743616	46570340	  - this would put gas in the car which I need for an on-site visit tomorrow, which I have to pay the gas for. It's 0 miles round trip! Lol. Anyway, thx for the chance and for all u do. âœŒï¸	2
1220152793421557760	1153465192208044032	Hey  - do you think itâ€™s a good idea to promote travel from the source of the latest  to literally ANYWHERE?     	0
1220141983219535873	115573425	 You guys should visit Oaxaca the place where the album cover of Everything not saved will be lost part 0  was created, you guys will love it there.	2
1220140706007781376	36218302	Itâ€™s so simple to show love ğŸ’• & support your family & friends with small businesses! Looking for an experienced  whoâ€™s loves to travel and share her experiences? Follow me      ğŸ’• 	0
1220857166250119168	3071596895	I travel too much	2
1220852200211189760	603498835	The kids were super excited to the  Store. ğŸ¤‘   	0
1220843177235619847	363252030	My goal this year visit 0 different countries ğŸŒ	0
1220840749102718978	940318330992451584	TWO MORE HOURS TO EARLY VOTE! Have questions about voting? Please visit  to find your nearest polling location or call 0-TX-VOTES	0
1220836662588080131	557386306	 Me if you visit Houston ;)	0
1220827136212242432	247141533	Great visit with you this morning 	0
1220826926530617344	216533136	Stop by  booth 0 and visit with       	0
1220816031440166912	262908478	Museum staff members are busy putting finishing touches on our new exhibitions! â€œStitched: Contemporary Quilt Art from the International Quilt Festival Collectionâ€ opens in our Main Gallery on Feb 0. Visit  for details!   	0
1220815867702927361	222337437	No, itâ€™s not a painting ğŸ–¼. Itâ€™s Alfama in Lisbon ğŸ˜. Letâ€™s go see it! â£â£ğŸ“·: â£          	0
1220808480639971329	72948763	 Hi, Joe. I'm available most of next week, but I fly to KC on business Thrusday. Let me know.	0
1220797975632523265	1158872079296581635	Today Ms. Wesleyâ€™s readers got a visit from none other than  and our principal  Iâ€™m so proud of all the fabulous progress these first graders are making.     	0
1220788319321313282	320437679	Lmfao I canâ€™t wait to visit 	0
1220786223956008960	822617509	 Iâ€™m coming to visit next week I expect the same amazing deal	0
1220782606779932674	344850624	The last contract I quit for travel is now under investigation and scrutiny for racial discrimination and my agency is offering me new contracts ..I politely declined cuz I ainâ€™t traveling right now but look at GOD...stay true to yourself always stay solid youâ€™ll win in the end	2
1220771275116892161	2832415539	Love this group.  I will be there soon. Just travelling right now !!! 	0
1220756364894621696	1539820861	i miss the bay area i think itâ€™s time for a cali visit â¤ï¸	2
1220752226437804032	39881855	Dallas friends like this if youâ€™re willing to travel to Houston feb 0nd for my birthday party. I need to start getting an idea of how many ppl are coming.	0
1220752066265657350	878008959269044224	  Crane should keep his day job and stay out running the baseball team, the travel to the new location is bad enough, but the move to Texas would be crazy!!	2
1220744770487750657	1057469000341434369	  De nada, it was great to see you and visit Ann Arbor. Adelante boricua	0
1220744738434740224	274758036	Me and Samâ€™s credit card debt x0 = paidMy student loan debt = paid All in 0 months! Thanks travel nursing âœŒğŸ»	0
1220734830914174976	36601164	0nd coronavirus case confirmed in US	2
1220729611719454721	114848628	You missed it?!.No worries....We got your back..Visit our FB page  to get caught up on our video series about the underwriting process..This week we discussed week 0 in the 0 week underwritingâ€¦ 	0
1220721587818844160	940318330992451584	Have questions about voting? Please visit  to find your nearest polling location or call 0-TX-VOTES	0
1220720802095607810	50532115	Two more days!!! We are striving to be awarded Top 0 Insurance Agencies in Houston by The Chronicle. 0. Visit: 0. Scroll down to Insurance Agent0. Start Typing Rafail Insuranceâ€¦ 	0
1220716544486973446	38287822	 Thatâ€™s good! I did give you a heads up! I canâ€™t wait to visit you now. We going on 0/0-0/0	0
1220714050159566850	984997216183037952	  Watched you today on  from home in  Well done, great piece. Like you, was fancinated by space and found a gig in underwater robotics. You will inspire a lot of people with your enthusiasm, great stuff. If you have time for a cup of tea, pop in and visit the family.	0
1220707037371420672	181866650	When Are Y'all Coming to Visit Me ?	2
1220702329919418369	635534855	That doesn't include living and travel expenses, it's way more than that. If done gave you a salary to do whatever and then paid for you to go back and forth to work, solace to live when you get there money. It's crazy. That's why ppl are politicians for a career. 	0
1220641851344130048	479262057	When I go visit my mom & pops 	2
1220581203906088961	30573272	My brother called and told me its bout time to visit NC	2
1220571692885532673	182654502	 We have vogue sessions on Tuesdays and Mini ballrooms once ina while ... Kiki balls are popular tho ! But for bigger balls we travel to Dallas !	0
1220567698838577152	2175220235	I just want to travel the world man	2
1220566057158496258	42666895	Weekly New Arrivals perfect for any and all occasions and great for travelâ£ï¸      @ Melodrama Boutique 	0
1220565626244206594	3016134609	 Not a travel	2
1220563794058973188	471623424	0 year-old me going to school full time and working 0 jobs also never thought Iâ€™d travel to as many countries as I have with the loml before finishing college. When you get caught in that 0-0 with no benefits/time off, you NEVER think youâ€™re getting out of the rut.. but patience	0
1220563672881188864	709139229624766464	In style!Visit Boutique only@ Designsbysippy  Call, drop by, or book your appointment today. 0 Star lane Houston 0Model-linda/Shaakita/DivyaPhotographer-Saba Hussain  â€¦ 	0
1220558418244775941	357574451	Deliberations on  likely during â€™s  visit next month.   	0
1220556402881712129	344850624	I love when I visit my grandma in her skilled nursing facility her hair be braided and all edges be lit lol when she let them do her hair lol	0
1220549328495960065	807338388	 Time travel, starless sea	0
1220547452941537286	1124452429393797120	Thanks to  from  for stopping by to visit    	0
1220545365805539329	730904084056707072	Tears are like prayers too, they travel to God when we cannot speak!	2
1220532180809437185	1193876275	Thanks  for the great visit today! We enjoyed all of the performances and our 0th graders are pumped about next year!    	0
1220521316450807808	39473881	Went to the dentist for a routine visit and walked out with a root canelğŸ˜–ğŸ˜«Work tomorrow is gonna be fun.	2
1220510905563258880	924798887864487936	 It is but for when i travel & for when winter comes back around lol	0
1220505500497793024	2548880413	So my man getting a new grill the weekend I fly to Orlando?? Yep, he cheating smh	2
1221216304121683969	42884875	Time for 0 weeks of work travel and very little opportunity to game. Gonna stay in touch with you guys via twitter. Hit me up with them memes and Iâ€™ll do the same!  	0
1221214269825482754	1537701738	Reason  why you must by travel insurance. 	2
1221195963563421697	816953327833509889	Sitting here thinking ğŸ¤”. All of my close friends got a girlfriend, wife, or fiancÃ©.   Here I am canâ€™t get a visit, text, call, email, nothing. Sheesh itâ€™s hard for me out here ğŸ˜©ğŸ¤¦ğŸ¾â€â™‚ï¸..... Yea thatâ€™s a bet let me see something âœğŸ¾âœğŸ¾âœğŸ¾âœğŸ¾âœğŸ¾.	2
1221193966646972417	547894545	Excited to be a part of the LARGEST  Meet-Up on the East Coast!! This event will include panels, meet & greets with Tesla content creators, a large-scale Cybertruck art installation. To learn more and RSVP, visit: 	0
1221173390989516801	1072219780831240192	Over 0 Agencies here from health partners to the library! Come visit! 	0
1221172771885068290	2745494286	Got to visit my amazing teaching partner and her sweet bundle of joy this morning. So happy for her and her precious family. I will miss her while she soaks up every minute with that handsome little man!   	0
1221161435843174401	893845785355440128	ğŸ¥°Adriana & Irene remembered me from previous years. They told their parents they want to say ğŸ‘‹ hi again to me. â¤ï¸    Canâ€™t wait to visit you at career day for your school! Enjoy the cultural show!  	0
1221159959636910086	3318319033	          l-fest ... travelling around the world with friends and family. Italy ğŸ‡®ğŸ‡¹ , Venezuela ğŸ‡»ğŸ‡ª, China ğŸ‡¨ğŸ‡³, Egypt ğŸ‡ªğŸ‡¬, Texas ğŸ‡ºğŸ‡¸, Belize ğŸ‡§ğŸ‡¿, Samoa ğŸ‡¼ğŸ‡¸ 	0
1221159310413221889	3318319033	          l-fest ... travelling around the world with friends and family. Italy ğŸ‡®ğŸ‡¹ , Venezuela ğŸ‡»ğŸ‡ª, China ğŸ‡¨ğŸ‡³, Egypt ğŸ‡ªğŸ‡¬, Texas ğŸ‡ºğŸ‡¸, Belize ğŸ‡§ğŸ‡¿, Samoa ğŸ‡¼ğŸ‡¸ 	0
1221155305033170945	862398235	I truly miss working with mickey. I would always love to be assigned in the OR he would work in, just because we had such a great relationship. I really need to visit him in the medical center ğŸ¤§	2
1221149551186391045	1026853723782500355	Visit ErmaRose today to drink, eat, and relax. Live music starts at 0pm tonight. @ ErmaRose Winery 	0
1221146477264764928	3162169494	"Ask about our ""Night Owls Program"" For parents work late nights.""We give a ""HOOT"" about your kids.Visit:      @ Shadow Creek Ranch, Houston, Texas "	0
1221133979174285312	270620361	Eddie Guerrero would have loved to visit Minute Maid Park. We Lie, We Cheat, We Steal!!!!             	0
1221133704065699841	789176173943062529	Having major baby fever . Time to go visit my nephew ğŸ‘¶ğŸ»	0
1221122227636142080	3654490475	Hereâ€™s my first close up visit to blast site. I spent yesterday in the neighborhoods. Today, a few kind HPD, ATF investigators let us get close to ground zero.   	2
1221116730963046400	2319248738	I wish we could visit people in heaven	2
1221110997173391360	959095559264112641	Valentine treats are here ğŸ’— DM me if youâ€™d like to place an order Visit my ig page-  Contact me- 0.0.0 A RT could really help me out. 	0
1221108281323728911	768449173	Great day to visit  Really sad about the moon leaving though w/  	2
1221106485482135555	158581152	Visited my favorite book store this morning to pick up our next teacher book club book in preparation for our author visit by  next month! 	0
1221060672068497409	800567925266464768	The Unboxing Of Lion Hearted Brand's New Gear!!! You Can Follow Him On Instagram  or Visit His Website (Lionhearted ğŸ‘‚ You Won't Be Disappointed ğŸ˜Š Solemnly Swear âœğŸ¾ Signed    	0
1221060306136391680	800567925266464768	The Unboxing Of Lion Hearted Brand's New Gear!!! You Can Follow Him On Instagram  or Visit His Website (Lionhearted ğŸ‘‚ You Won't Be Disappointed ğŸ˜Š Solemnly Swear âœğŸ¾ Signed    	0
1221054375566675969	26626063	Would it be weird to travel with personal toilet paper? Asking for a friend.	0
1221052248018575361	1116973327883603968	Wake up civil aviation and all airport services on flight and monitoring of those who are originating from china and travelling indirect to  has landed in Multan while many more could. We should stop all flights into Pakistan from china as precaution.	2
1220974881535295488	27135566	Lived in: ğŸ‡¯ğŸ‡² Born in:ğŸ‡¯ğŸ‡²Parents: ğŸ‡¯ğŸ‡² + ğŸ‡²ğŸ‡¸ Grandparents: ğŸ‡¯ğŸ‡² + ğŸ‡²ğŸ‡¸ Been to:  ğŸ‡¯ğŸ‡²  ğŸ‡¦ğŸ‡¬ ğŸ‡ºğŸ‡¸ ğŸ‡«ğŸ‡· ğŸ‡®ğŸ‡¹ ğŸ‡ªğŸ‡¸ Last Visit: ğŸ‡ºğŸ‡¸ Next visit: hopefully ğŸ‡¯ğŸ‡µğŸ¤ğŸ¾ 	0
1220931429787410432	94018485	I just realized I have a $0 a year outta pocket deductible on my health insurance and my co-pay is $0 a visit so if my math adds up I only need to have my prostrate checked 0 more times this year before itâ€™s free. Goodbye tiddie bar, hello waiting room	0
1220919435072020480	967871878298660865	Making videos all night! Might get on cam or whatevers. Visit  for all of my info 	0
1220911913846165504	3385107974	I just wanna travel and see what this world offers	2
1220902832733224960	44382606	  do your sharks travel to the US to play hockey? Asking for a friend	2
1220890128702459904	1173441375607672832	Great campus visit with Ronald Clark and his family. Look forward to him being part of the Stallion Family   	0
1220888008603422722	17587250	First visit to Elliotâ€™s Table in Cottage Grove & it wonâ€™t be my last! Great little neighborhood bistro. 	0
1220868042743341057	421706342	 you're the man. Cant to visit you brother! Any trips to Houston planned?	0
1220867574474387456	2349479912	            Jen, I mustâ€™ve missed it, just wondering how Dr visit went?  Wild & crazy Friday night with chamomile & grapes! Cheers Mates â˜•ï¸â˜•ï¸ğŸ‡ğŸ‡	0
1220866202869944321	129980785	  Well that was defiantly a travel	0
1221556740694716416	2349479912	            Vacuum cleaner dynamics, all my fault!  Fuji apple with chamomile on the back porch, we had a short visit into the 0â€™s, as the sunbeam was separated one of the crystals hanging in our bathroom, shone brightly onto our cake topper, magical ğŸ§™â€â™€ï¸ğŸ§™â€â™€ï¸ 	0
1221550540494135301	713138533683179520	i finally went to visit simon today after 0 years and i miss him so much 	2
1221548310433017857	51481236	 was in travel taking his 0 year old daughter (his older daughter) to a basketball game. She inherited his passion for the game.	0
1221541965034070017	52722518	ESPN REPORTING: Kobe Bryant was on his way to a travel basketball game with his daughter Gianna when the helicopter crashed. Those aboard the helicopter also included another player and parent. 	2
1221530839504146437	703496637079908352	Can we restart today and give Kobe the sign to not travel by helicopter?! Because this is just...... ğŸ™ğŸ¾ğŸ™ğŸ¾ğŸ™ğŸ¾	2
1221525612902248449	156158532	First flight of 0. Time to get back into it. âœˆï¸âœˆï¸               @â€¦ 	0
1221516234778431489	2577469364	OPEN HOUSE TODAY 0-0PM COME VISIT US  FOOD, CAKE, DRINKS, ETC.. @ The Gates on Main St. 	0
1221514824368168961	3315150126	The glory of foreign travel! Get out and see the world!!  	0
1221511343553028097	496000129	Chinese towns are barricading themselves. A travel ban from China would make sense. No travel ban now and it sure to hit us. 	2
1221507249396441089	71000486	 I bought a ticket in section 0, can me and my son come visit the firefly funhouse?!	0
1221492646830575616	133716374	This nigga has been waiting for the main pastor to travel so he can attempt to shine on the pulpit ğŸ˜‘	2
1221480378147442688	62279216	On Our first visit to Honolulu in 0 we stayed at  for a week, with Airline discount it was $0 a night ! 	0
1221479153570058241	208748879	Hopefully i get to visit ATL this year	2
1221477612683436033	921500317744758784	0-Star TX WR , Randy Masters  (Shadow Creek ) is set to visit Tx A&M today with FAST 0v0Masters has elite speed and acceleration. And is a potential offer for  the  in the near future . 	0
1221477111652868096	1048046585232465920	I spy some of my former students from Deady and Edison! I remember encouraging one student when he was in the 0th grade to join the Milby Swim team after their visit at Deady. Now heâ€™s a Senior!!! 	0
1221457044731023360	250656516	Iâ€™d like to  and  more.	2
1221454600148070400	3308594619	I want to thank all my future coaches and teammates for a great visit yesterday. Iâ€™m excited to start this journey and Iâ€™m ready to compete. 	0
1221451326728503296	709139229624766464	Jeweled Art @ DesignsBySippy!Visit Boutique only@ Designsbysippy  Call, drop by, or book your appointment today. 0 Star lane Houston 0Photographer-Saba Hussain  â€¦ 	0
1221446916090867712	761334598924177409	 Use Southern savers app, get coupons from  and the Sunday paper and stretch every dollar.  The southern savers will tell you what are the best deals at each store in your area, each best deal has an acorn by it.  You visit more than one store, plan ahead	0
1221440039462281216	1488583788	 Come for a visit!!!	0
1221428842348404743	771913682	ğŸ’™Had the pleasure to visit bgchouston in Houston yesterday to chat with such a MATURE AMAZING GROUP OF STUDENTS... I was amazed by their knowledge and how much they opened up to me & asked me some very amazingâ€¦ 	0
1221386759851991041	862299258	Canâ€™t wait to have someone to travel with ğŸ˜­	0
1221368713506709505	192225137	 My travel buddy!  So pretty	0
1221331011679805440	823048678155886592	I am available now in Houston, Texas, United States! To contact me, visit 	0
1221318292666798081	3011699288	I work everyday next week EXCEPT one and I might just be delusional the whole time. Someone come visit me at work next week	2
1221317145256251392	14170095	Another tool I have been utilizing to handicap NFL/NBA games is  Please follow  and visit his website to access an awesome database to run queries for information to help you become a better bettor!  Here was my breakdown w/some SQDL for todayâ€™s Mavs/Jazz game 	0
1221310201703403523	54670153	 He was lucky. My son is currently in China.  He is a music teacher in Shanghai.  Heâ€™s currently in Beijing visiting a friend and is due to come home for a visit the first week of February.  Iâ€™m worried he wonâ€™t be able to travel home.	2
1221308682853634048	865718947823398912	 factoring in his travel time to other locations i feel like a week is close	2
1221304624814137344	1616004078	This shi definitely effected my travel ğŸ¤§ 	2
1221304623274897408	1624384285	 Iâ€™m in Houston for the weekend! What do you recommend someone to visit?	0
1221297159728959489	840601166	John Bolton, Trumpâ€™s former national security adviser, tweeted on Sunday. â€œThe only negotiations we should have with Maduro are what he wants for lunch on the plane that will take him to permanent exile in Cuba or Russia. Viva Venezuela libre.â€	2
1221292483792994305	125564809	When visiting a rival Texas City, let bygones be bygones and visit their local  	0
1221289922931445761	577935867	paid Brenham Humane Services a visit today. everyone, say hi to Linus. 0 months and already 0 lbs of soul. part great dane / lab / buttered noodle. all cuddles. a very good boi ğŸ–¤ @ South Houston, Texas 	0
1221274198385086465	1117571571558776833	 Girl, you donâ€™t know what youâ€™re missing. I have to fly some to my friends in Miami when I visit. My whole luggage smelled like onion rings once.... ONLY once ğŸ˜‚	2
1221262916072222720	351356546	I want to go sailing again. Could be good for next SD visit	2
1221253168182562817	36495274	Dinner tonight! Checked out Marcusâ€™ new spot downtown. This fish was so good! Yâ€™all visit   Itâ€™s good! ğŸ˜‹ 	0
1221244894062292993	1373323472	I see the  are heavy in Lubbock right now...Smh...Canâ€™t get dudes to visit a  a minute they gonna think....Nevermind	2
1221222486215446530	1668688507	 Hah! One time my now wife asked me to bring her a plague mask back from SFTook some work but found one :).When will you be in SF? I will be there Feb 0-0? Maybe time for a coffee if travel lines up?	0
