32255422	2020-09-21T23:21:33.000Z	1308184620530237441	   I donâ€™t know if youâ€™ve ever been poor, I was on my own at 0, I graduated high school early went to college and law school but Iâ€™m the exception because the system is not set up for every person to successful.  There needs to be a lot of changes from both sides. .	{'place_id': '01a9a39529b27f36'}
56572553	2020-09-21T22:50:51.000Z	1308176896312606720	I went and brought groceries yesterday and yet I want to go out to eat ... why am I like this?	{'place_id': '011add077f4d2da3'}
2243687109	2020-09-21T22:38:28.000Z	1308173780116742146	 fr and if i do go out itâ€™s never around yonkers ğŸ˜­ğŸ˜­	{'place_id': 'b87b05856ab8dbd8'}
29866683	2020-09-21T21:37:12.000Z	1308158362366943232	 Went to college next to Delaware Park, been there a ton, and I always bounced before the Arabians but apparently I was missing all the fun ğŸ¤£ğŸ¤£	{'place_id': 'fa3435044b52ecc7'}
1662925963	2020-09-21T21:35:50.000Z	1308158018337607690	i hope i get to go back to college next semester ğŸ™ğŸ™ thatâ€™s all i care about rn	{'place_id': '002e24c6736f069d'}
1277726141688827905	2020-09-21T21:15:48.000Z	1308152974368223233	 I lived briefly in Urmston (near Manchester?) when I was 0/0, and went to School (0th Form) in Cambridge at 0...& my closest Sister will be returning to a western London neighborhood for a year & a half, with her husband and youngest daughter (0)! (Our Dad is an Oxford Alum)	{'place_id': 'c76d79c902d9ffbd'}
15289724	2020-09-21T21:04:21.000Z	1308150094785544202	Ok for real you mean to te me some poor weeb kid took that GRAPHIC NOVEL to school just cuz the tittle said  HE GOT SUSPENDED ğŸ¤£ğŸ¤£ğŸ¤£ 	{'place_id': '00c39537733fa112'}
264478693	2020-09-21T20:43:26.000Z	1308144829956845568	"  Just like that baggage store in NYC that keeps advertising that they are ""going out of business""ğŸ¤£ğŸ¤£ğŸ¤£"	{'place_id': '00c55f041e27dc51'}
1141879713314615296	2020-09-21T19:57:01.000Z	1308133150606884864	Orders going out today âœˆï¸ Saturday and Sundayâ€™s orders will go out tomorrow ğŸ¤	{'place_id': '01a9a39529b27f36'}
1183634317244850176	2020-09-21T19:47:09.000Z	1308130665075007488	this online shit is not for me, thatâ€™s why I took this semester off.. I lowkey donâ€™t even wanna go back to school at all ğŸ˜•	{'place_id': '00c55f041e27dc51'}
66858922	2020-09-21T19:22:30.000Z	1308124463133790208	I would like to give a special shout-out to the staff at PS. 0 for making sure that all health protocols were met and our students & their families felt safe today returning to school.   	{'place_id': '01a9a39529b27f36'}
3075845932	2020-09-21T19:04:50.000Z	1308120016894734339	My impression is: People want someone who will go out and fight for it â€” and not wait for it to fall in his lap. Trump is definitely fighting for it. Can the same be said of Biden? Trump, obviously, will not coast. Coasters coast at their peril, in this environment.	{'place_id': '01a9a39529b27f36'}
831282290940637185	2020-09-21T18:22:56.000Z	1308109472842289152	  If the feds want to withhold funding to us we should withhold our funding from them (and thereâ€™s more going out than coming in). Fair is fair.	{'place_id': '01a9a39529b27f36'}
31973154	2020-09-21T17:39:16.000Z	1308098485657403392	If I fuck with you we going out out to eat, nothing basic when Iâ€™m interested	{'place_id': '01a9a39529b27f36'}
587383223	2020-09-21T17:26:29.000Z	1308095265996451842	Kids need to go back to school before I lose my shit !!! I canâ€™t w then home 0/0	{'place_id': 'dfa88de1ece1a505'}
207228898	2020-09-21T16:44:14.000Z	1308084635650400256	 Yeah shit was pricey but everything still came out cheaper than if we were to go out on a date and itâ€™s 0 times more fun because itâ€™s something we do together	{'place_id': '011add077f4d2da3'}
628784749	2020-09-21T16:41:25.000Z	1308083925370183684	I live in New York City. I go to work in Manhattan every day. There is no anarchism here. If anything, things are way too normal.Trump and his cronies just lie and lie and lie...	{'place_id': '01a9a39529b27f36'}
2600492695	2020-09-21T16:08:49.000Z	1308075720820879360	The CAB outreach div partnered with  YCOs to host a back to school event in union square. YCOs from many precincts were invited to bring theirs kids. ThanksÂ David Heskiel, Â Whole Foods, Isaac Ash, ICNA Relief, Reaching Out Ministries and Staples for help and efforts! 	{'place_id': '01a9a39529b27f36'}
89265946	2020-09-21T16:08:29.000Z	1308075636586618884	Hey  Check out our ambassadors preparing these amazing backpacks filled with supplies to be distributed to school children in our community.               	{'place_id': 'fa3435044b52ecc7'}
35898323	2020-09-21T16:02:31.000Z	1308074137110360065	My kid would NOT be going to school. School was very unsanitary growing up and not much has changed ğŸ¥´	{'place_id': '96ddfc4bf2f1a80c'}
22784447	2020-09-21T14:56:28.000Z	1308057514139963392	Hey  everything is going to work out!  The world is getting better! ğŸ˜­ğŸ˜ 	{'place_id': '01a9a39529b27f36'}
540962338	2020-09-21T14:50:42.000Z	1308056061245616131	Am I going to wear my new leather pants just to go out and run errands today? Yes.	{'place_id': '00c55f041e27dc51'}
171544574	2020-09-21T14:46:45.000Z	1308055068655136773	Since last week was really orientation I didn't do the back-to-school board but today is the FIRST OFFICIAL DAY of school with classwork and everything! Have fun Tay! @ Downtown Brooklyn 	{'coordinates': {'type': 'Point', 'coordinates': [-73.985196, 40.694391]}, 'place_id': '011add077f4d2da3'}
283830150	2020-09-21T14:05:12.000Z	1308044612867588096	And DOE for the first time is acknowledging students will show up to school on their remote learning days & will be placed in â€œnon-instructional room.â€ Unclear how schools with severe staff shortages will handle these additional responsibilities while adhering to safety guidance. 	{'place_id': '011add077f4d2da3'}
246460039	2020-09-21T13:49:43.000Z	1308040717105795072	Going out this week made me so stuffy ğŸ˜­	{'place_id': '23a06e5cc6d83009'}
18590012	2020-09-21T13:40:40.000Z	1308038439468765184	Thrilled to be at the Mickey Mantle School in the UWS to welcome families back to school with â€œCOVID Kitsâ€ that include masks & hand sanitizers. Thank you to all the incredible teachers & administrators in D0 & beyond for making sure kids are safe this year!  	{'place_id': '01a9a39529b27f36'}
935932688	2020-09-21T13:33:12.000Z	1308036557803335681	Dropped my 0 year old off to school today and the kid didnâ€™t even say bye to me ğŸ¥º I was ready for a whole tantrum ğŸ¥´ 	{'place_id': '00c55f041e27dc51'}
243247427	2020-09-21T13:25:07.000Z	1308034523008032769	If her ass donâ€™t go to work ima be fcking pissed ğŸ˜’ Iâ€™m tryna eat lunch there and get ate ğŸ˜‚ğŸ¤£ğŸ¤£ğŸ¤£ğŸ¤£	{'place_id': 'fa3435044b52ecc7'}
3022730283	2020-09-21T13:19:33.000Z	1308033125981749249	Coaches Poll top 0: Ohio State at No. 0 as Big Ten returns to college football rankings - 	{'place_id': '011add077f4d2da3'}
1002236606642884608	2020-09-21T13:03:48.000Z	1308029162322571264	I wish I could debate if I should go to work or stay in, cus I canâ€™t even debate something like that ğŸ˜…	{'place_id': '23a06e5cc6d83009'}
92639420	2020-09-21T12:59:50.000Z	1308028163067387906	Best way to start my morning is taking my little Savannah to school. I hope everyone has an awesome week 	{'place_id': '01a9a39529b27f36'}
39399394	2020-09-21T12:57:37.000Z	1308027605375954944	Going into work at 0 instead of 0 today. Second week of OT. I knew trying to work 0 hours a week with only two other managers wasn't going to work.	{'place_id': 'ad87de7d13d41fa3'}
209089648	2020-09-21T12:38:25.000Z	1308022773810368517	Lemme go wash my ass & go to work. ğŸ˜ª	{'place_id': '858cec499f8adba6'}
15057179	2020-09-21T12:25:39.000Z	1308019558725423104	And of course  Internet has to go out first thing in the morning.  Time for them to be kicked out of NYC.  ENOUGH!!!! Iâ€™m tired of this.	{'place_id': '01a9a39529b27f36'}
23783058	2020-09-21T11:19:45.000Z	1308002976804544515	Wishing you all a lovely morning. ğŸ™ğŸ½May you arise with gratitude for the blessing of another day of life. Now go out and make amazing things happen! ğŸ’ªğŸ½	{'place_id': '002e24c6736f069d'}
352580700	2020-09-21T11:04:57.000Z	1307999250962427906	I know I have to go out and do things...but BEFORE the pandemic I STRUGGLED WITH PERSONAL SPACE..this has been literally something that requires effort on so many ends on my behalf..but I do it. My kids need it, my family does	{'place_id': '01a9a39529b27f36'}
352580700	2020-09-21T11:04:57.000Z	1307999250115067904	There is no social distancing in New York City...just vectors running around..yâ€™all can call me everything but everytime I go out...everything is covered. From my head to my feet. My hands , my arms, my face. I live in the most densely populated area on the city..	{'place_id': '01a9a39529b27f36'}
352580700	2020-09-21T10:56:26.000Z	1307997106481901569	So HOW THE FUCK THey getting to SCHOOL?!! 	{'place_id': '01a9a39529b27f36'}
1141348878085709825	2020-09-21T10:00:43.000Z	1307983085275938820	Ran out of weed last night and was too high to go out and get some more	{'place_id': 'fa3435044b52ecc7'}
145222852	2020-09-21T09:07:37.000Z	1307969724035338242	NYC Back to School starts today, September 0	{'place_id': '01a9a39529b27f36'}
374722917	2020-09-21T06:50:55.000Z	1307935321468932097	  The popcorn chicken is ite... But i donâ€™t go out of my way to eat it. I rarely eat fast food but itâ€™s... in no particular order: Burger KingShake ShackFive GuysChipotleTaco Bell (love it but very rarely go, none in my neighborhood)Nathanâ€™sSonic	{'place_id': '011add077f4d2da3'}
66496935	2020-09-21T05:44:48.000Z	1307918683830980608	Need to work on setting boundaries for ppl â€œventingâ€ to me. Ppl will dead sit there and eat up all your time and drain all your energy just to feel better in that moment and go back to bullshittin. If I go out my way to help and you donâ€™t apply any of it, major slap to the face.	{'place_id': '011add077f4d2da3'}
387548091	2020-09-21T04:44:03.000Z	1307903394691067904	Raina ainâ€™t deserve to go out like that smh	{'place_id': '002e24c6736f069d'}
636007915	2020-09-21T04:13:47.000Z	1307895778799685633	 yo why is this shit always going out	{'place_id': '00c39537733fa112'}
1153045267714891776	2020-09-21T03:35:05.000Z	1307886038078164994	   They go out and socialize without masks anyway.	{'place_id': '011add077f4d2da3'}
1328071008	2020-09-21T02:58:16.000Z	1307876772155883520	Very important! And donâ€™t forget to go out and vote!!!! 	{'place_id': '01a9a39529b27f36'}
33824716	2020-09-21T02:54:14.000Z	1307875756211605505	   This makes me want to go to work ğŸ˜¬ in my line of work you need to know regulations. Itâ€™s exciting.... still donâ€™t trust Lindsey but Iâ€™m patient. 	{'place_id': '27485069891a7938'}
39430945	2020-09-21T02:34:21.000Z	1307870752075591680	I had no intentions of going out today but Asha home so we around lol	{'place_id': '002e24c6736f069d'}
1191079116549824519	2020-09-21T01:59:57.000Z	1307862096621834240	I go back to college these week to get another degree and dive deeper into debt wooooooo	{'place_id': '011add077f4d2da3'}
2865503706	2020-09-21T01:39:03.000Z	1307856835886624769	if mfs gon cheat at least cheat wit a pretty bitchğŸ˜­ğŸ˜­ğŸ˜­ğŸ˜­ğŸ˜­ğŸ˜­ğŸ˜­ğŸ˜­ğŸ˜­ğŸ˜­ğŸ˜­ yall be going out super sad	{'place_id': '0102611f55c5f14b'}
851267262191357953	2020-09-21T00:36:02.000Z	1307840980553531393	My thoughts and prayers go out to James White. I know how hard it is to lose a loved one and itâ€™s not easy. I hope his mother recovers from the accident	{'place_id': '00c39537733fa112'}
633913421	2020-09-21T00:25:28.000Z	1307838317606600704	 I could have said NYCFC, but we go out in the first two rounds, even come the apocalypse	{'place_id': '00c55f041e27dc51'}
1241757672	2020-09-21T00:16:33.000Z	1307836077655425024	cant wait for next year, hopefully weâ€™re living in different circumstances in a place where we can go out and have fun and be safe.	{'place_id': '00c39537733fa112'}
55499052	2020-09-22T23:46:52.000Z	1308553379665379334	Your  please go out and vote,  &  need it	{'place_id': '011add077f4d2da3'}
163341939	2020-09-22T23:31:36.000Z	1308549539209584641	There is still time to donate to our back to school fundraiser! Visit  for more information. 	{'place_id': '011add077f4d2da3'}
1061281091099729920	2020-09-22T23:19:45.000Z	1308546557713809408	This  see if you're  before NY's deadline on 0/0ğŸ—³ First time voter?ğŸ—³ Haven't voted in a while?ğŸ—³ Went off to school?ğŸ—³ Changed your name?If any apply, update your registration ASAPVisit  to learn more 	{'place_id': '27485069891a7938'}
1241616994857861120	2020-09-22T23:16:08.000Z	1308545647746973696	im still mad they took coraline off of netflix.. gotta go out my way to watch it on a websiteğŸ™„	{'place_id': 'fa3435044b52ecc7'}
8411032	2020-09-22T23:14:43.000Z	1308545292409753600	 Or donâ€™t go out. Period.	{'place_id': '01a9a39529b27f36'}
371481473	2020-09-22T22:06:53.000Z	1308528219780460544	Didnâ€™t they go out of business like 0 years ago? 	{'place_id': '3c6a77e80605a98e'}
351560614	2020-09-22T21:58:30.000Z	1308526107923288074	Lmaooo most moms ... cause mine wasnâ€™t even around so I couldnâ€™t out bc she wouldnâ€™t Iâ€™d go out ğŸ˜‚ 	{'place_id': '002e24c6736f069d'}
443416069	2020-09-22T21:47:44.000Z	1308523398658748419	My roommate: â€œcan you go out with a guy and have him break your heart so you can get depressed and enter your manic cleaning re-organizing the apartment phase bc thatâ€™d be helpful to meâ€	{'place_id': '44453d2ae8e47fd5'}
709904688079106051	2020-09-22T21:42:35.000Z	1308522104476884992	Hey  Is it possible you guys go out there and punch somebody in the mouth?Alot of big names on Defense but I ain't hearing no noise	{'place_id': '00c39537733fa112'}
1241759331055480835	2020-09-22T21:33:27.000Z	1308519804219912192	I barely have time to breathe or relax. I barely go out, if I do is out really quick because my life is so hectic. I donâ€™t need extra bullshit bothering me. I barely get sleep	{'place_id': '23a06e5cc6d83009'}
2595325100	2020-09-22T21:29:03.000Z	1308518697603158016	Back to school.	{'place_id': '002e24c6736f069d'}
71752070	2020-09-22T21:20:15.000Z	1308516483107098625	 Oh I quit my job (which was a sinking ship tbh) to make sure I dedicate everything to school. GI bill pays you, etc.So I've been living off that and I'm super stressed cause I don't want to fail a class and have to pay back that money for the class ğŸ˜¥.No shade here dude, nvr	{'place_id': 'd5140ca0d08eadc7'}
2725204026	2020-09-22T21:15:19.000Z	1308515243035942913	I hate when people tell me â€œyou look tiredâ€, well no shit thatâ€™s what happens when you go to school and work full time and smoke throughout the day, Iâ€™m fully aware that I have bags under my eyes but thx for pointing it out ?????	{'place_id': 'dfa88de1ece1a505'}
575886874	2020-09-22T20:54:22.000Z	1308509969738760195	 Sheâ€™s someone I want to go out with to a pub	{'place_id': '01a9a39529b27f36'}
766759944431497217	2020-09-22T20:54:11.000Z	1308509922267664390	Canâ€™t make ends meat? He said he wants to finish higher school and go to college but the stress and pain of seeing his mother stressed is weighing on him heavy. We need help for our youth and low income black and brown families.	{'place_id': '01a9a39529b27f36'}
142267469	2020-09-22T20:53:45.000Z	1308509814163738632	And how much for America ? Will they all go to work in the E.U. ? 	{'place_id': '01a9a39529b27f36'}
5621032	2020-09-22T20:47:13.000Z	1308508171401678848	How CEOs Get Behind â€˜Back to Schoolâ€™	{'place_id': '01a9a39529b27f36', 'coordinates': {'type': 'Point', 'coordinates': [-74.0100931, 40.7086765]}}
288448427	2020-09-22T20:44:15.000Z	1308507424840708097	Damn BK going out sad like that?? 	{'place_id': '3d3c56338b6a3b4a'}
31176410	2020-09-22T20:39:23.000Z	1308506200741498884	Remind me to stop going out with dudes that are strapped for cash. Should be posting on  instead of  	{'place_id': '01a9a39529b27f36'}
102507603	2020-09-22T20:38:16.000Z	1308505919840542723	    Hayley, did you have to write an excused absence note to school for Ms. Dempsey today? ğŸ™ƒğŸ¤ª	{'place_id': '001fe4010762701b'}
17226357	2020-09-22T20:18:14.000Z	1308500878840786945	Popular votes cannot win the presidency. Please everyone go out and vote or make sure you mail in your ballots.    	{'place_id': '3d3c56338b6a3b4a'}
977254486711459841	2020-09-22T20:12:01.000Z	1308499312368902147	Calling all  customers! For a limited time get the all new   Tab A ON USwith a qualifying plan! Right in time for back to school so come check us out  to get your tablet today!     	{'place_id': '10203b816b169001'}
1197191743344656385	2020-09-22T19:06:39.000Z	1308482861020991488	Bro this virus is still alive and well Iâ€™ve had family member passed from this friends family pass from it but no go ahead go out snort your ketamine and your Coke and have fun dumb ass ! stop being selfish!!! Fuck 	{'place_id': 'cdc37bae2a45fc33'}
1098851134213685250	2020-09-22T18:43:01.000Z	1308476913648893954	On the plus side at least we get to go out to nice restaurants to celebrate 	{'place_id': '00c55f041e27dc51'}
22313547	2020-09-22T18:20:24.000Z	1308471224524312576	He followed her to school one day, school one day.... 	{'place_id': 'dc4ad595a56393ac'}
352580700	2020-09-22T18:19:09.000Z	1308470908399636480	My in person friends have for at this  point decades always encouraged me to at the very least go out during special times my closest friends in real life know the things that Iâ€™ve been through and why I am an absolute isolated person	{'place_id': '01a9a39529b27f36'}
26160273	2020-09-22T18:10:33.000Z	1308468744075620352	Them : you want to go out for a drink?                 Me: Sure just one 0ï¸âƒ£  ğŸ¤·ğŸ½â€â™‚ï¸ whats the biggest glass you have lmao @ Salsa Bembe Bar and Grill 	{'place_id': 'b87b05856ab8dbd8', 'coordinates': {'type': 'Point', 'coordinates': [-73.87209, 40.90686]}}
965938326338457600	2020-09-22T18:04:35.000Z	1308467243081256962	 If you wake up everyday go to work, give back/contribute to society, and donâ€™t leech off the government then you have a right to be/talk about being tired. Adult responsibilities arenâ€™t easy for anyone.. itâ€™s ok to be tired even with an â€œeasyâ€ schedule, I promise	{'place_id': '00c55f041e27dc51'}
5968412	2020-09-22T17:57:34.000Z	1308465477065281537	Back To School Drive @ Throggs Neck Realty 	{'place_id': '002e24c6736f069d', 'coordinates': {'type': 'Point', 'coordinates': [-73.81421619, 40.84389601]}}
217493128	2020-09-22T17:39:05.000Z	1308460824453959680	     Breaking: Anonymous commenter who claims to school actual New Yorkers about their city without proof is voting for Trump. Shocking!	{'place_id': '01a9a39529b27f36'}
1101529623349874688	2020-09-22T17:18:38.000Z	1308455679624187904	Hey folx so I really want to send out home made personalized thank you cards to folx who helped in the back to school event, soif you donated even a pencil PLEASE DM me your address ğŸ¥°Im super grateful for all the help but target registry won't show me addresses ğŸ™ƒ just names	{'place_id': '00c39537733fa112'}
39399394	2020-09-22T16:50:25.000Z	1308448576922628101	I now have MSNBC and CNN on my Fire Stick. Streaming last night's Cuomo Prime Time long enough to watch Amy Klobuchar before I go to work.	{'place_id': 'ad87de7d13d41fa3'}
2526182442	2020-09-22T16:23:47.000Z	1308441876475842560	I miss dressing up to go out ğŸ˜”	{'place_id': '011add077f4d2da3'}
1053111960148082688	2020-09-22T16:14:20.000Z	1308439498464915460	Yeah, itâ€™s a recipe for failure. They need to run back and get help because this is not going to work out..     	{'place_id': '00c39537733fa112'}
26939901	2020-09-22T16:12:20.000Z	1308438993722380288	   They all went to college together	{'place_id': '011add077f4d2da3'}
40357095	2020-09-22T16:00:28.000Z	1308436005922443264	Do what I do. After they fall behind 0 or 0-0 in the first quarter, go out and do something else. Once that happens, you know they will give up anyway, so why shouldn't we? I refuse to sit there watching crap wasting my weekends anymore. 	{'place_id': '00c39537733fa112'}
486982005	2020-09-22T15:59:09.000Z	1308435678426996738	        Me too Kim cause I'm going out of my mind without them ğŸ˜­ I'm so used to seeing them 0-0 weekly and the last 0 months have been hell ğŸ’”	{'place_id': '011add077f4d2da3'}
2707880323	2020-09-22T15:53:31.000Z	1308434257908502529	Thank You  &  for this encouraging IG Live Event this morning! Now letâ€™s all go out and vote!!!     	{'place_id': '00c39537733fa112'}
40085651	2020-09-22T15:44:02.000Z	1308431871408246784	King move not going out last weekend to save money and then spending $0 at the mall (with unemployment check)	{'place_id': 'b046074b1030a44d'}
20522707	2020-09-22T15:05:15.000Z	1308422112189841410	Today, after working from home for six months, I went back to my office in Manhattan. It wasnâ€™t easy, I mean just look at the hellscape of anarchy I had to walk though just to get there... 	{'place_id': '01a9a39529b27f36'}
1044030129134063616	2020-09-22T14:46:14.000Z	1308417326275088384	 My thoughts and prayers go out to you and your family.	{'place_id': '01a9a39529b27f36'}
772587304036753408	2020-09-22T14:05:31.000Z	1308407079967875075	 No surprise here . Expected . Mitt is looking for qualification and sort center right judge. This only give the voters the energy to vote out those lying GOP senators like Lindsay, Mitch, Perdue, Grassley and others. Simple go out and vote!	{'place_id': '00ca6959663f6d44'}
321502536	2020-09-22T14:04:32.000Z	1308406831950299141	 still carrying on like we're in april.. Children fear going to school thinking she'll be reporting outside with her creepy mask..ğŸ˜ Enuff! Smh.      	{'place_id': '011add077f4d2da3'}
227011627	2020-09-22T13:54:48.000Z	1308404382640332801	  I went to school with twins that did that.	{'place_id': '011add077f4d2da3'}
1520773206	2020-09-22T13:52:02.000Z	1308403688390656005	bitches go out sad behind a nigga every single time.	{'place_id': '01a9a39529b27f36'}
912172143885955073	2020-09-22T13:34:08.000Z	1308399181401387010	I hope my next girl doesnâ€™t have twitter. I donâ€™t want you birds going out your way to follow her lmaooo	{'place_id': '27485069891a7938'}
1293708731885199362	2020-09-22T13:27:43.000Z	1308397568653754371	Protesting isnâ€™t just enough anymore. Not that itâ€™s not effective because it is, but as we move into more restrictive seasons, in terms of weather; there has to be more effective ways of directly helping our communities. Itâ€™s not enough to just go out and get arrested over night	{'place_id': '011add077f4d2da3'}
7590252	2020-09-22T13:26:12.000Z	1308397184518443010	Due to school schedules   programs will move to the afternoon. They will be start 0pm. Today is Salsa. Our   conversation group will now meet at 0:0pm.    	{'place_id': '00c39537733fa112'}
143703683	2020-09-22T13:07:55.000Z	1308392582653845505	Starbucks is too crowded. When did everyone start going to work again	{'place_id': '01a9a39529b27f36'}
10951922	2020-09-22T12:45:24.000Z	1308386917633929218	. you would think that you had a few months to get ready for an online back to school....    	{'place_id': '011add077f4d2da3'}
571144969	2020-09-22T12:15:47.000Z	1308379465517592576	Kind of contradicts sending them to school.... 	{'place_id': '01a9a39529b27f36'}
800580451748323328	2020-09-23T23:55:42.000Z	1308917993913581570	" You forgot ""if you don't vote for me you ain't blackAnd when he said "" they're gonna put you all back in chains He was in favor of segregation cause he didn't want his kids going to school in a jungle.He spoke at the funeral of senator KKK Byrd........oh wait"	{'place_id': '8279f00eacbd9f3b'}
14535651	2020-09-23T23:42:55.000Z	1308914777037643776	 Well, Iâ€™m not a hot..but Iâ€™d go out with you! â˜ºï¸	{'place_id': 'b45ae2b5def8048f'}
227622905	2020-09-23T23:39:19.000Z	1308913868337545222	Ari is going out sad between the dinner footage + the shooting.	{'place_id': '01a9a39529b27f36'}
1042270455615430657	2020-09-23T23:07:32.000Z	1308905869233586184	  They went to school?	{'place_id': '01a9a39529b27f36'}
1044695311229349888	2020-09-23T23:04:56.000Z	1308905214905327618	Thank you to the wonderful families of 0-0 and 0-0 and our enthusiastic faculty for two successful â€œBack-to-Schoolâ€ Night events!         	{'place_id': '07d9dc669d083000'}
2842326411	2020-09-23T22:41:11.000Z	1308899238546464771	 Getting $0/day to go to school with as young as 0th grade ğŸ¥º	{'place_id': '44453d2ae8e47fd5'}
574935622	2020-09-23T22:11:30.000Z	1308891767719301124	Iâ€™ve been contemplating making food for the past hour now ğŸ˜­ I want to go out I need a food buddy	{'place_id': '8279f00eacbd9f3b'}
1293708731885199362	2020-09-23T20:59:59.000Z	1308873772573884420	Taking pictures tonight at the Barclays gathering for Breonna Taylor. Everyone be safe if youâ€™re going out.	{'place_id': 'fa3435044b52ecc7'}
21643324	2020-09-23T20:21:43.000Z	1308864140606406662	 Imagine going out of your way to discredit your own people. You don't have a shred of shame	{'place_id': 'b8d145028b2571ac'}
1117798660744589314	2020-09-23T20:20:00.000Z	1308863711298420736	  I mean yeah whatâ€™s needed is housing but short of that public bathrooms which are very scarce in nyc these days, not only are they pretty much only in parks many go out of commission and are permanently boarded up, thereâ€™s nothing else for them to do sometimes	{'place_id': '011add077f4d2da3'}
2706026139	2020-09-23T19:49:58.000Z	1308856149668753408	Finish reading a story to my kids and I lowkey miss going to work to see them ğŸ˜¢	{'place_id': '01a9a39529b27f36'}
1284194802993704961	2020-09-23T19:15:43.000Z	1308847532437577728	  Get off Twitter go to school	{'place_id': '011add077f4d2da3'}
632645292	2020-09-23T18:42:10.000Z	1308839088083136514	I want to go out on a date ğŸ¤§	{'place_id': '011add077f4d2da3'}
3137426200	2020-09-23T17:57:45.000Z	1308827910371975168	I went to Dewitt Clinton HS, I risked my life going to school everyday. Only the strong survived ğŸ˜­ 	{'place_id': '002e24c6736f069d'}
19507259	2020-09-23T17:57:07.000Z	1308827751961571329	I believe in voting but only to an extent. I think yes we have to go out and vote but that doesnâ€™t solve all of the problems every claims it will. we need action WITH voting. just voting is the bare minimum and shouldnâ€™t be where your goal for change starts and ends	{'place_id': 'b6120fe5914df292'}
238804079	2020-09-23T17:38:27.000Z	1308823052248023046	Back to workkng in the city. Its so sad out here so many places are going out of business	{'place_id': '01a9a39529b27f36'}
2500079166	2020-09-23T17:34:02.000Z	1308821940719816705	Isnâ€™t it enough to go your separate ways during the day when you have to go to work? Or if you WFH you each have your own home office? Pa esto just stay single 	{'place_id': '002e24c6736f069d'}
2448427052	2020-09-23T17:29:33.000Z	1308820814599516161	Tell him donâ€™t go out sad chump 	{'place_id': '002e24c6736f069d'}
4815721295	2020-09-23T17:27:25.000Z	1308820277107863554	Our Annual Dadâ€™s Take Your Child to School DayğŸ“š @ Mckinley 	{'coordinates': {'type': 'Point', 'coordinates': [-74.17734, 40.75039]}, 'place_id': 'fa3435044b52ecc7'}
1135871881	2020-09-23T17:21:24.000Z	1308818764062957570	 It's funny, I had this convo the other day and it came out that I don't trust people who don't do pickleback. I'm not saying my friends have to like it but I really appreciate those who are open to trying it.FWIW, I'd never encountered the shot until I went to school in OH. ğŸ¤£	{'place_id': '00c39537733fa112'}
509771404	2020-09-23T17:18:07.000Z	1308817937118134274	Update on my merch: one of the men on his team is going to ask for me in person and try to work it out. Still donâ€™t have the merch. But just the fact that they are going out of their way for me in a difficult situation means the world.	{'place_id': '647be94a01a83f96'}
827290962	2020-09-23T17:00:49.000Z	1308813583707504642	How are people I go to/ went to school with getting married and having kids already? I canâ€™t even remember to breathe sometimes	{'place_id': '4a4c49cb161a4eb9'}
1229172828148293633	2020-09-23T16:18:23.000Z	1308802905072435201	 Raise your hand if watching Fauci take him to school was the highlight of the week! ğŸ™‹ğŸ»â€â™€ï¸ğŸ™‹â€â™‚ï¸	{'place_id': '01a9a39529b27f36'}
1732470085	2020-09-23T15:41:43.000Z	1308793675124822018	 Especially when you have to go to work	{'place_id': '00c39537733fa112'}
2178785540	2020-09-23T15:15:22.000Z	1308787046463557632	RIP Road Warrior â€œAnimalâ€ Legion of Doom aka LOD (Joseph Laurinaitis)! Another wrestling duo I loved in the ring. My thoughts and prayers go out to the Laurinaitis family!   	{'place_id': '00c39537733fa112'}
49815728	2020-09-23T15:15:06.000Z	1308786976846381056	Why do yall go out there?!??! 	{'place_id': '00c39537733fa112'}
602353466	2020-09-23T15:11:20.000Z	1308786029252562950	Back to school color vibes ğŸ“š ...Color haircut and style by  using   .     @ Davide Hair Studio 	{'coordinates': {'type': 'Point', 'coordinates': [-73.98452, 40.74242]}, 'place_id': '01a9a39529b27f36'}
2241910699	2020-09-23T14:53:58.000Z	1308781659110678529	So he ain't go to school? 	{'place_id': '01a9a39529b27f36'}
234631693	2020-09-23T14:01:28.000Z	1308768447342555143	â€œItâ€™s either go out there and face the virus, or sit here and starve.â€.  reporting on the coronavirus in Iztapalapa, Mexico.	{'place_id': '002e24c6736f069d'}
382837496	2020-09-23T14:00:47.000Z	1308768276307210245	Iâ€™m not going out no more. I need to save my money ğŸ¤¦ğŸ¾â€â™€ï¸	{'place_id': 'b2739f396d871412'}
79526319	2020-09-23T13:55:23.000Z	1308766919521173504	I wanted to cuddle more not go to work ğŸ‘¿	{'place_id': '00c39537733fa112'}
23509664	2020-09-23T13:53:46.000Z	1308766512132562951	Friday night: â€œIâ€™m only going out for one drinkâ€Saturday morning: 	{'place_id': '70fe8717f15ac7ec'}
31058695	2020-09-23T13:41:47.000Z	1308763492930007046	Bruh all the fucking time ITS ANNOYING especially back to back days of me going out ğŸ˜‚ 	{'place_id': '00c39537733fa112'}
79077494	2020-09-23T13:36:09.000Z	1308762076643504130	 Disney allows weirder shit to go out on is platform ESPN than on any of its other platforms	{'place_id': '011add077f4d2da3'}
37842059	2020-09-23T12:44:32.000Z	1308749087571955714	Make sure you go out there and register to vote! 	{'place_id': 'ab4dbe09b6acaacb'}
2959539574	2020-09-23T12:43:41.000Z	1308748873096142850	  This is a terrible disease, but democracy is too important to stop.  Campaigns are going to need to continue. And people are going to need to go out and vote.	{'place_id': '01a9a39529b27f36'}
2826228556	2020-09-23T12:34:15.000Z	1308746500823015424	 The crazy part is that my daughter goes to school for 0 to 0 hours and Iâ€™m losing my shit during those four hours.	{'place_id': '011add077f4d2da3'}
4815721295	2020-09-23T12:19:53.000Z	1308742883403616259	Back to school night happening tomorrow!â€¢â€¢Parent make sure to join us as be discuss and answer questions!â€¢â€¢Be present and be aware for our students ğŸ“š @ Mckinley 	{'coordinates': {'type': 'Point', 'coordinates': [-74.17734, 40.75039]}, 'place_id': 'fa3435044b52ecc7'}
18340428	2020-09-23T12:15:42.000Z	1308741832571072512	We are in week three of back to school. No spike so far. Fingers crossed 	{'place_id': '25d1ef4322ba8e3c'}
916856909705170944	2020-09-23T11:52:57.000Z	1308736107568390145	lost a art grant to somebody who drew sum shit in pencilğŸ˜­ğŸ˜­going to my office job to sulk for the rest of the day 	{'place_id': '011add077f4d2da3'}
135325661	2020-09-23T10:38:03.000Z	1308717256407420929	Of course the COVID cases are tripling in Williamsburg where I have to go to work. Ughhhhh !!!	{'place_id': '00c39537733fa112'}
50706690	2020-09-23T10:13:23.000Z	1308711050821459974	Cleared: Closure on  EB from I-0 to College Point Boulevard; Ramp	{'coordinates': {'type': 'Point', 'coordinates': [-73.839599, 40.7625]}, 'place_id': '00c39537733fa112'}
374722917	2020-09-23T04:51:12.000Z	1308629969023782912	 Yea... we all go out to restaurants... we go to work every day. Wear a mask, bring hand sanitizer, have a fun night.	{'place_id': '011add077f4d2da3'}
50706690	2020-09-23T04:17:57.000Z	1308621602343485446	Closure on  EB from I-0 to College Point Boulevard; Ramp 	{'coordinates': {'type': 'Point', 'coordinates': [-73.839599, 40.7625]}, 'place_id': '00c39537733fa112'}
1132983544840675328	2020-09-23T04:11:35.000Z	1308619999423221761	    Donâ€™t you?! Wow! So stubborn. Think about the absurd nature of your argument: â€œlockdowns didnâ€™t save lives.â€ Dead people canâ€™t go to work. Dead-brained people make lousy arguments. Hey, another fact!	{'place_id': 'ef8a0ca90efdf8cb'}
366251349	2020-09-23T03:40:34.000Z	1308612193181720576	Oh yeah they came back down 0-0 twice. Had a feeling the nuggets werenâ€™t gonna go out sad. They still going out though.	{'place_id': '00c55f041e27dc51'}
95928470	2020-09-23T03:25:38.000Z	1308608433877331969	I have absolutely nothing in common with people that want to go out on a date	{'place_id': 'a64b09ad02cb5c61'}
10252232	2020-09-23T03:18:15.000Z	1308606576538906625	  Theyâ€™ve gotta let us go out drinking. When I want a drink, itâ€™s not with a meal. Itâ€™s to unwind. Chill. Theyâ€™ve taken that away and the bar is high margin, high turnover, high tips	{'place_id': '2597f2b91a5fcdb1'}
198296591	2020-09-23T03:15:14.000Z	1308605817109835777	 can you please hike up your big girl panties and get your shit together? Youâ€™re bringing logic to a street fight. All three of my right wing sisters are kicking your ass right now. Your incremental approach isnâ€™t working. Get a damn axe handle and go to work!	{'place_id': '01a9a39529b27f36'}
1132983544840675328	2020-09-23T03:11:41.000Z	1308604925472014336	    Wow!ğŸ˜³Where do you get this shit?! Breitbart? The Blaze? Fox News? Itâ€™s actually insulting. You know whatâ€™s worse? A president who KNOWS now what this virus can do & yet turns his back on it. Open the economy, kill grandma, play football, go to school.And now look where we are.ğŸ¤¦â€â™‚ï¸	{'place_id': 'ef8a0ca90efdf8cb'}
426745949	2020-09-23T03:04:18.000Z	1308603068590759937	Every creep in this photo is going to go out and vote which is terrifying. This is how he won last time and this is how he will win again if people donâ€™t ducking vote 	{'place_id': '002e24c6736f069d'}
1132983544840675328	2020-09-23T03:01:10.000Z	1308602279415746562	    WHAT?!! Jesus youâ€™re dense... When you lock down you stay home. Or in your apartment. You donâ€™t go out. You donâ€™t mingle. WTF are you talking about? Do you live in a bubble?! â€œLockdowns donâ€™t do shitâ€... JFC... itâ€™s like taking to a toddler. How old are you anyway?!!!	{'place_id': 'ef8a0ca90efdf8cb'}
5845642	2020-09-23T03:00:24.000Z	1308602085584375808	  Again, you dipshit moron, itâ€™s because my dad is on a ventilator in the hospital due to covid. I am social. I am going out. My community is very unsafe so I like to be extra safe for my momâ€™s sake and get tested regularly. Stfu	{'place_id': '01a9a39529b27f36'}
1132983544840675328	2020-09-23T02:44:43.000Z	1308598138010300417	    Look at the numbers. And look at logic. Stay at home. Donâ€™t go to work. Virus no spread. ğŸ¦§ Economy start much faster. Dumb dumbs in Red states no lock down. No masks. No stay away from each other. Very bad. Economy suffer. Got it? (Tried to slow it down for you. Hope it worked!)	{'place_id': 'ef8a0ca90efdf8cb'}
263808977	2020-09-23T02:03:44.000Z	1308587823868542982	 Keep voting!  And go out and vote on Nov 0rd. If you can vote on  you can get up and Vote on 0/0!!	{'place_id': '01bb510b42bfb4e7'}
930474135381270530	2020-09-23T02:01:49.000Z	1308587341225877504	Back to School Night 0. 	{'place_id': '07d9c94249084003'}
931497461520191489	2020-09-23T01:27:26.000Z	1308578689039372292	First virtual Back to School Night in the books! Thanks to all who came out ğŸ’™ğŸ’›    	{'place_id': 'a64b09ad02cb5c61'}
939021992	2020-09-23T00:17:50.000Z	1308561172384358400	Hey. Just wanted to remind everyone that even though there are NO kids at school this week at NYC schools due to safety reasons, teachers are being forced to report to school TO TEACH REMOTELY. 	{'place_id': '01a9a39529b27f36'}
37104983	2020-09-23T00:16:15.000Z	1308560777893367808	Iâ€™ve talked to a lot of people recently about hitting a wall. Some of it is parents with kids â€œgoing back to school,â€ or the dread of winter. But I think this is the big thing. 0, 0 months in, the realization is settling in. 	{'place_id': '00c39537733fa112'}
313487698	2020-09-23T00:08:03.000Z	1308558713993809921	looking into going back to school ğŸ¤“	{'place_id': '002e24c6736f069d'}
4027095052	2020-09-24T23:45:11.000Z	1309277732644311046	Iâ€™m going out west to Record soon and I canâ€™t wait . Of course Iâ€™m turning it into another week vacation ğŸ‘ŒğŸ¾	{'place_id': '01a9a39529b27f36'}
23797714	2020-09-24T23:43:16.000Z	1309277251595370497	Going out of his way not to say inflammatory things about Mitt Romney is very awkward for him while he repeats the lies he was told about Harry Reid (because thereâ€™s no way he was paying attention to that at the time, he barely pays attention as POTUS).	{'place_id': 'b046074b1030a44d'}
23509664	2020-09-24T23:21:38.000Z	1309271806675759104	Me: no one is going to join the Phys Ed back to school night zoom callLone Zoom participant (besides my co-teacher): 	{'place_id': '70fe8717f15ac7ec'}
1850195078	2020-09-24T22:59:35.000Z	1309266257624150017	The adult film star Iwork for said that I need to get on a site so I can get more work. She then said she can write my bio for $0 dollars. Iâ€™m like... TF you think I do when I am not here! I need to go back to school B.	{'place_id': '01a9a39529b27f36'}
1163791326	2020-09-24T22:53:56.000Z	1309264833955667969	When people tell me they donâ€™t know how I can smoke so much and still go to work or be productive i be like â€œ....you canâ€™t?â€ 	{'place_id': '011add077f4d2da3'}
1223402469457350657	2020-09-24T22:30:38.000Z	1309258970935308289	Who tryna go out to eat? On me	{'place_id': '002e24c6736f069d'}
1457305928	2020-09-24T22:04:42.000Z	1309252445202272256	the signs at the club. since i donâ€™t go out i could be wrong tbh 	{'place_id': '01a9a39529b27f36'}
543815981	2020-09-24T21:03:51.000Z	1309237132301602821	Anyone know of any fashion stores going out of business? They usually end up selling their mannequins and racks to smaller businesses like myself and I really need full body and torso for male and female!!!	{'place_id': 'd9da081322efe6e7'}
2241327936	2020-09-24T20:41:06.000Z	1309231407814733824	Everyone is here! Pick your back-to-school  ğŸ’• @ Edamama Cute Cuts & More 	{'place_id': '011add077f4d2da3', 'coordinates': {'type': 'Point', 'coordinates': [-73.95181, 40.71778]}}
890781668491096067	2020-09-24T20:29:06.000Z	1309228388494835712	I feel there isnâ€™t enough days in the week when it comes to school and assignment...All me a hear is â€œDUE BY 0:0, DUE BY 0:0â€ğŸ˜’	{'place_id': '002e24c6736f069d'}
860841	2020-09-24T20:21:55.000Z	1309226580137463809	 I used to watch  with my mother when I was a kid...dad was always on the road & my sibs were away to college & life. I wonder if my crush on  wouldâ€™ve been the same had she been masked!!??ğŸ˜‚ğŸ˜ˆ 	{'place_id': '01a9a39529b27f36'}
18697544	2020-09-24T20:10:33.000Z	1309223717852065792	 Let's go out to dinner. Youre dressed perfectly!	{'place_id': '96af18411a813391'}
37777972	2020-09-24T20:06:14.000Z	1309222630990516236	Biden & Harris are going out of thier way to alienate regular Black People & regular working class people.I think they know thisIt seems like thereâ€™re doinâ€™ this on purpose I would ask why, but theyâ€™ve been shittinâ€™ on us foreva, so ğŸ¤·ğŸ¿â€â™‚ï¸	{'place_id': '00c39537733fa112'}
1181612948340518912	2020-09-24T20:05:42.000Z	1309222498446307328	 Yeah, thatâ€™s not going to work.	{'place_id': '011add077f4d2da3'}
345191484	2020-09-24T19:21:44.000Z	1309211434635624449	  Iger was planning on retiring so he stacked the release schedule to go out on top.	{'place_id': '37d8518a45c6f80a'}
36840055	2020-09-24T19:15:54.000Z	1309209965194772480	thatâ€™s it, iâ€™m going back to school.	{'place_id': '002e24c6736f069d'}
29533117	2020-09-24T19:15:36.000Z	1309209889240231940	    No she can go out she just canâ€™t go there	{'place_id': '011add077f4d2da3'}
2766417846	2020-09-24T18:54:15.000Z	1309204519138537472	The spies were getting ready to take the scaffold away, they were waiting to time it with my exit or return home, but it didn't happen so they may keep it until I go out 	{'place_id': '01a9a39529b27f36'}
747577361021935616	2020-09-24T18:47:45.000Z	1309202881669722115	What sucks about remote learning in high school?  0)Parents thinking they can go to school for their almost adults...0)Students who lie because they think we wonâ€™t catch them...	{'place_id': 'fa3435044b52ecc7'}
41187466	2020-09-24T18:30:15.000Z	1309198477554049025	Who the fuck cares about Halloween at a time like this??? Would you rather children go out and contract covid & give it to their family??? Buy kids some candy, take pics at home and keep them SAFE. Youâ€™re a fucking moron and this tweet is pathetic just like you ğŸ˜  	{'place_id': '01a9a39529b27f36'}
1328071008	2020-09-24T18:14:57.000Z	1309194627149430791	 Yes! I am voting in person!!! It you want to protest against the current administration, go out there and vote them out in person! That simple!!!	{'place_id': '01a9a39529b27f36'}
2961441328	2020-09-24T17:38:51.000Z	1309185541397716996	Congratulations to school  for being named a National Blue Ribbon School. This is an incredible honor and we are extremely pleased. Thank you to our school  family for having us share this moment with you. 	{'place_id': 'b8d145028b2571ac'}
16591199	2020-09-24T17:17:44.000Z	1309180229294981127	 Never know when youâ€™re going to have to take someone to school. Iâ€™m mad that theyâ€™re all white. Two white, two green, one red.	{'place_id': 'a6bb3ed9f8ccb4a2'}
271503766	2020-09-24T17:06:17.000Z	1309177347606818817	 Ummm no they need to keep the same energy that they use to disrespect BTS. Standing by is not going to work when they play victim. Now you want to go private. 	{'place_id': '002e24c6736f069d'}
41596333	2020-09-24T16:50:16.000Z	1309173318185082886	Hope heâ€™s ready to go out the door. Iâ€™m really praying for a terrible season so they have no other reason but to fire him 	{'place_id': '011add077f4d2da3'}
38798035	2020-09-24T16:42:30.000Z	1309171362112647168	 decision on   rules that there is no accountability-taking lives for +powerful , this is not the law , + is not going to work for everyone, only those in-power that can decide the law, people without power 	{'place_id': '01d7322a3937ed14'}
245953646	2020-09-24T15:57:34.000Z	1309160054914977795	But your kids canâ€™t go to school 	{'place_id': '00c55f041e27dc51'}
207228898	2020-09-24T15:38:23.000Z	1309155227040350208	I decided to cook for lunch and go out for dinner ğŸ˜ˆ	{'place_id': '011add077f4d2da3'}
207228898	2020-09-24T15:06:45.000Z	1309147264498257925	Because if I ask you in good faith to refer to me a certain way that I find respectful/inclusive and you go out of your way to tell me no, I would imagine that I would find that offensive. 	{'place_id': '011add077f4d2da3'}
444182277	2020-09-24T14:51:54.000Z	1309143527914340354	   The argument from BLM isnâ€™t as simple as â€œthey killed her because she was blackâ€. Maybe you should actually go out and talk to some folks.	{'place_id': '011add077f4d2da3'}
1141348878085709825	2020-09-24T14:41:26.000Z	1309140894222823426	Any female who went to college you definitely got finessed by a super clown ğŸ¤¡ who you thought was that nigga	{'place_id': 'fa3435044b52ecc7'}
2632273851	2020-09-24T14:27:35.000Z	1309137407254687747	I was tryna go out to eat tonight but the way niggas been hittin my account plus these end of the month bills ğŸ¤¯ Iâ€™m good somebody take me out lol ğŸ˜©	{'place_id': '00c39537733fa112'}
49477084	2020-09-24T14:19:30.000Z	1309135375294763008	Think imma go out this weekend ğŸ¤”	{'place_id': '00c55f041e27dc51'}
1215376211343544320	2020-09-24T14:08:31.000Z	1309132611768508416	Well Democrats now have their wishes being fulfilled!    ! You canâ€™t even go out to a relaxing dinner without being harassed, assaulted, verbally abused. Remember America! This is the new norm under Democratic leadership! Thanks Maxine! 	{'place_id': '684ceb6509d97b6c'}
990120367	2020-09-24T14:06:07.000Z	1309132006312357890	Just came to my office for the first time since March. Very weird. I need to change the calendar. 	{'place_id': '678ee96b4c223ba2'}
31277397	2020-09-24T13:55:31.000Z	1309129339024347138	After over six months, it is finally time for our kids to go back to school â€œin personâ€! Eastview and MAS, here they come!!  	{'place_id': '07d9e2dcf0c80000'}
36540476	2020-09-24T13:31:48.000Z	1309123368663343104	  And I can see him going out and getting Billy Owens for GM	{'place_id': '00c39537733fa112'}
1465153080	2020-09-24T13:24:28.000Z	1309121524251713536	Bottom line is, Brooklyn lost one of their own this week when Ruth Bader Ginsburg passed away. Our hearts go out to her family during this trying time and to anyone whose lives were affected by this pioneer. 	{'place_id': '01a9a39529b27f36'}
746283564	2020-09-24T13:16:44.000Z	1309119579575246852	Iâ€™m so tired ğŸ˜©let me take my ass back to school	{'place_id': 'fa3435044b52ecc7'}
39257389	2020-09-24T12:21:01.000Z	1309105557576572929	I think this would be a very good thing for the  myself. Glad itâ€™s going to work out if everything else does. 	{'place_id': '01a9a39529b27f36'}
836866556	2020-09-24T12:20:06.000Z	1309105324926939136	  thank you bro he can't wait for the day he want to go out and chill and want me to take him to gamestop ğŸ˜† he already told me and my wife everything he want	{'place_id': '00c39537733fa112'}
189547765	2020-09-24T11:42:22.000Z	1309095829240770561	Anarchists voting Democrats? ğŸ¤”I'm gonna go out on a limb and say this was actually done by the same folks who destroyed their Keurigs and burned their Nikes ğŸ¤·ğŸ¼â€â™‚ï¸ 	{'place_id': '01a9a39529b27f36'}
969608697017241602	2020-09-24T10:56:08.000Z	1309084194270834688	  Unfortunately, they parents are choosing Blended Learning, the DOE gave them options and parents chose we like it or not. I do not agreed that school staff come to the building without having taken the COVID test, this is what I am really concern and when students come to school	{'place_id': '002e24c6736f069d'}
1039585065053954048	2020-09-24T10:02:07.000Z	1309070600170811394	Every morning I think to myself â€œyou take 0-0 minutes hot combing and styling your beard just to go to work, put on a mask and smash your beard flatter then when you slept last night...â€ ğŸ¤·ğŸ¾â€â™‚ï¸my beard is styled now plus I have a brush and comb at work.	{'place_id': 'a227c629b631eea2'}
1213492396673003520	2020-09-24T09:42:15.000Z	1309065600338210817	Another beautiful sunset in this crazy world. Reach out and just lend a hand. Go out of your way to hold a door open. Lose an argument for the sake of keeping peace. Forgive, forgive, forgive. Be well y'all and keep the faith! ğŸ™Œ 	{'place_id': 'ef8a0ca90efdf8cb'}
1002739768873177088	2020-09-24T09:29:46.000Z	1309062460788400128	  I wish I didnâ€™t have to go to work	{'place_id': '00c39537733fa112'}
1026763324367818752	2020-09-24T06:56:47.000Z	1309023961376849920	Can we go out & kill police officers & only get wonton endangerment? Or just secretly kill them like that young man did those police officers sitting in there car in LA. Then if caught point to where ur bullets hit the walls of the building.	{'place_id': '01a9a39529b27f36'}
1242320714	2020-09-24T04:54:07.000Z	1308993091118997507	I miss going out	{'place_id': '01a9a39529b27f36'}
1308949250118688769	2020-09-24T02:14:53.000Z	1308953017467711493	oh the joys of remote learning... today i got to witness liam (0th grade) and paisley (0nd grade) fight over who got to use my office as a study nook. someone tell me when i can send them to school. ğŸ˜‚	{'place_id': '8a9c191d2cf2e895'}
1166183785039372294	2020-09-24T02:08:00.000Z	1308951286872772608	Virtual Back To School Night was a success! Enjoyed meeting my students families tonight! ğŸ‘©ğŸ»â€ğŸ«ğŸğŸâ¤ï¸  	{'place_id': '3d3c56338b6a3b4a'}
160838346	2020-09-24T02:05:52.000Z	1308950750270234625	  Please do not waste your emotional strength on this: go out and get the vote to defeat him. If we are not capable of doing it, he will not have to question the legitimacy of the election !	{'place_id': '00ca6959663f6d44'}
160838346	2020-09-24T01:59:08.000Z	1308949055977017345	 My point is simple: we first have to defeat him in the polls and the fight, whatever that is, starts. Let us stop counting â€œthe pollitos antes de nacerâ€ Let us go out and get the votes to defeat him ğŸ™	{'place_id': '01a19311427f5f07'}
1061281091099729920	2020-09-24T01:34:51.000Z	1308942942833463297	âš ï¸ 0 Days left to fill out  formsIf you believe  then help do your part & take 0 minutes to fill out the census and go out and  this fallFill out the census: Register to vote:  	{'place_id': '07d9c9fc26c84001'}
173860882	2020-09-24T01:17:15.000Z	1308938516018196482	If you not going out to vote, we have nothing to talk about.  Youâ€™re irresponsible & incapable of thinking about anybody else but yourself.  We have nothing to discuss.	{'place_id': 'e4faa50d904ab815'}
23085091	2020-09-24T00:29:14.000Z	1308926432190566400	Our mission is not exactly what the headline says.We expect most graduates will continue on to college.  We offer them the opportunity to learn more about some career options through our academies.Some students might choose to go straight to their careers 	{'place_id': '01a9a39529b27f36'}
379448939	2020-09-24T00:28:26.000Z	1308926230591418368	 Thank you for going out on that limb with me	{'place_id': '01a9a39529b27f36'}
772886986566701056	2020-09-24T00:10:52.000Z	1308921807693656069	Thank you KCS Room 0 families for attending Back to School Night! It was wonderful to â€œMeetâ€ you! Looking forward to a fantastic year!  	{'place_id': '0102611f55c5f14b'}
628710715	2020-09-24T00:08:44.000Z	1308921270692720640	ive been going out to eat everyday this week, this is ridiculous	{'place_id': '01a9a39529b27f36'}
861752085250965505	2020-09-24T00:04:23.000Z	1308920178424586240	Me infront of the mirror before I go out 	{'place_id': '00c39537733fa112'}
2902874983	2020-09-25T23:45:26.000Z	1309640183835488257	working out before I go out to eat at these fine establishments next weekğŸ˜ŒğŸ¥³ğŸ¥³&gt;&gt;&gt;	{'place_id': '27485069891a7938'}
631397535	2020-09-25T23:37:56.000Z	1309638297522667521	Man I wanna go out but whatâ€™s the point even if I canâ€™t black out on the way to the techno club	{'place_id': '01a9a39529b27f36'}
186173595	2020-09-25T22:32:36.000Z	1309621854164975617	If you had $0k would you invest it or go to college. See what New Yorker had to say....link in bio. @ New York, New York 	{'coordinates': {'type': 'Point', 'coordinates': [-74.0064, 40.7142]}, 'place_id': '01a9a39529b27f36'}
226396458	2020-09-25T22:15:08.000Z	1309617457846538241	I am loving this Joan. Going out and not worrying about those mooching ass heifers LOL 	{'place_id': '011add077f4d2da3'}
819677526461128704	2020-09-25T22:00:09.000Z	1309613687523733504	   Yep you rode the short bus to school! Iâ€™m not going to say mean things to you because you obviously have a handicap  and are special needs	{'place_id': '00c55f041e27dc51'}
58913244	2020-09-25T21:27:03.000Z	1309605358776840192	 Absolutely agree. To be avoided if possible in J. But I'd go out of my way for it in Y.	{'place_id': '011add077f4d2da3'}
162808538	2020-09-25T21:10:55.000Z	1309601298803822594	 what a wild technological era we went to college in	{'place_id': '011add077f4d2da3'}
1095710973896413185	2020-09-25T21:05:56.000Z	1309600046095249410	 i went to school where we donated blood for pizza, had a military recruitment table during lunch, armed police officers in the hallway & random sweeps for drugs where everyone had to stand by the wall while said armed police officers searched backpacks and purses	{'place_id': '011add077f4d2da3'}
109146991	2020-09-25T21:02:49.000Z	1309599260162359299	Before signing up to text bank, I made sure to text all my conservative family members about supporting  this election season. The responses were...mixed...but if weâ€™re going to work on total strangers, we need to first put in the work at home.	{'place_id': '00c39537733fa112'}
1022916389680685057	2020-09-25T20:38:37.000Z	1309593170880196611	 You should have gone to College, you sound like a babbling Idiot	{'place_id': '00c55f041e27dc51'}
92639420	2020-09-25T20:38:36.000Z	1309593166824304643	I have taken my daughters to school 0 out of 0 days. Best decision of my life. Learning so much about them. 	{'place_id': '01a9a39529b27f36'}
22346163	2020-09-25T19:35:30.000Z	1309577284312076288	 Yea, and everyone rushed to go out and buy heaters to only find out they may be banned lmao. Ohhh NYC.	{'place_id': '011add077f4d2da3'}
16722345	2020-09-25T19:33:35.000Z	1309576802126438400	My entire childhood and teenagerhood consisted of being sent to school sick and symptomatic. 	{'place_id': '00c39537733fa112'}
17054057	2020-09-25T19:32:12.000Z	1309576456985608198	Yâ€™all go out there and eat some chipotle pls ğŸ˜©	{'place_id': 'a227c629b631eea2'}
566515895	2020-09-25T19:09:08.000Z	1309570650370121734	I wanna go out to eat and drink	{'place_id': '01a9a39529b27f36'}
457865456	2020-09-25T19:06:39.000Z	1309570026161176577	             I can out on a cap with a pice logo on it and go out looting stores. Does that mean I'm a cop? No. You see the hat and assume it's a cop involved?	{'place_id': '01a9a39529b27f36'}
1616471983	2020-09-25T18:56:10.000Z	1309567389152030720	you know youâ€™re RLY dumb when you work from home and your phone is still dead at the end of the day when itâ€™s time to go out	{'place_id': '011add077f4d2da3'}
301203207	2020-09-25T18:22:19.000Z	1309558868276633601	Might as well go back to school too	{'place_id': '011add077f4d2da3'}
41187466	2020-09-25T18:10:55.000Z	1309556001587298304	Youâ€™re so cool dude!!!!!! I look like a â€œWendyâ€™s drive through ladyâ€??? Unlike this ignorant piece of shit, I actually went to college, have my degree and live a great life in Manhattan. He probably lives in Ohio lmao ğŸ˜‚ğŸ˜‚ğŸ˜‚ I reported the comment and it got deleted :) 	{'place_id': '01a9a39529b27f36'}
1403337798	2020-09-25T18:08:49.000Z	1309555471326552070	 I am so glad my daughter is not going to college in Florida. I am so glad I donâ€™t live in Florida. My thoughts and prayers are with the people of Florida.  it will 	{'place_id': '01a9a39529b27f36'}
636376844	2020-09-25T17:43:21.000Z	1309549063055048704	 Like all the way back to school like kindergarten? ğŸ¤”	{'place_id': '00c39537733fa112'}
564104716	2020-09-25T16:49:27.000Z	1309535499825172481	How smart is your smartphone? Is it smart enough to go to work for you?	{'place_id': '00c39537733fa112'}
1252567020962484225	2020-09-25T15:48:03.000Z	1309520045136113664	  You got a cheap lesson, also think about the dedicated drivers who have been sacrificing for years and years to provide taxi service! Your loyalty is paramount to maintaining some competition to app co.s. Imagine if we go out of business, what choice will you have then? Loyalty	{'place_id': '002e24c6736f069d'}
1114257513535422464	2020-09-25T15:43:04.000Z	1309518793274728451	if I was your girlfriend would you let me dress you?i mean, help you pick out your clothesbefore we go out 	{'place_id': '01a9a39529b27f36'}
15887244	2020-09-25T15:11:40.000Z	1309510889566076928	My mom told me that she missed a lot of parties because of (baby) me - AND I TOLD HER THE SAME THING ... with your strict ass ğŸ˜¹ğŸ˜¹ğŸ˜¹ â€”- i missed MAD parties bc she wouldnâ€™t let me go out ... even Stevens ğŸ¤·ğŸ½â€â™€ï¸	{'place_id': '002e24c6736f069d'}
20992322	2020-09-25T14:45:31.000Z	1309504311664226304	Wow! The Scottish govâ€™t is asking all college students not to go out this weekend. 	{'place_id': '01a9a39529b27f36'}
819677526461128704	2020-09-25T14:38:56.000Z	1309502651969736705	    Let me tell you about This Trump supporter Iâ€™m a vet and son of immigrants I went to college make 0 figures use solar wear a mask have friends that are black and Hispanic that closer to me than my own family! You are the idiot!	{'place_id': '00c55f041e27dc51'}
1123502101	2020-09-25T13:57:52.000Z	1309492318341341184	 Itâ€™s very telling that she doesnâ€™t want â€œpoliticsâ€ which is really just organizing residents, small businesses, and community groups and going out talking to voters - so, like, democracy.	{'place_id': '01a9a39529b27f36'}
1093996255854977025	2020-09-25T13:43:56.000Z	1309488812821753857	    bruh, Nazis called themselves socialists when they obviously werenâ€™t; fascism is far right, socialism is leftiâ€™m starting to think you didnâ€™t even go to college. if you did, at a conservative university	{'place_id': '011add077f4d2da3'}
1056100616	2020-09-25T13:31:49.000Z	1309485764166680576	 Lair you the one who should be in jail. This isn't going to work again . 	{'place_id': '1e11d8be00564690'}
918045236	2020-09-25T13:24:21.000Z	1309483884686577670	Trump's pathetic, weak threats and attacks on legitimate voting are obviously a result of the fact that HE KNOWS HE IS LOSING.Let's go out and VOTE HIM OUT!! Let's save America!! 	{'place_id': '01a9a39529b27f36'}
705928238950957056	2020-09-25T13:23:49.000Z	1309483750322049024	"John Jacob Jingleheimer Schmidt, His name is my name too. Whenever we go out, the people always shout, ""There goes John Jacob Jingleheimer Schmidt!"" Lalalalalalalala ğŸ˜ŠğŸ˜„"	{'place_id': '01a9a39529b27f36'}
799976953759625216	2020-09-25T13:09:13.000Z	1309480076224978944	This guide has everything you need to know to go out and vote. Now is the perfect time to make your plan to vote.  	{'place_id': '002e24c6736f069d'}
146296035	2020-09-25T12:54:23.000Z	1309476341369262080	Lemme get ready to go to work	{'coordinates': {'type': 'Point', 'coordinates': [-74.402649, 40.609563]}, 'place_id': 'c735e25ad03113d5'}
918045236	2020-09-25T12:32:05.000Z	1309470730782994432	Trump's pathetic, weak threats and attacks on legitimate voting are obviously a result of the fact that HE KNOWS HE IS LOSING.Let's go out and VOTE HIM OUT!! Let's save America!!	{'place_id': '01a9a39529b27f36'}
1370559601	2020-09-25T12:09:06.000Z	1309464946615431168	People are also mad at me because I did not go to school to further my education to become an Albert Enstine or Doctor Phil and are pissed I can explain things like an Albert Enstine or Doctor Phil and they say he does not have a masters degree I am a doctor and many things not o	{'place_id': '002e24c6736f069d'}
18340428	2020-09-25T11:56:56.000Z	1309461884958113792	"Listening to 0.0 driving my kid to school.  talking about Seattle cop riding his bike over a protestor's head. ""if"" he did it on purpose. Come on man."	{'place_id': '25d1ef4322ba8e3c'}
2464042339	2020-09-25T11:11:01.000Z	1309450329969360896	Going to work is so ghetto.	{'place_id': '011add077f4d2da3'}
880556783349137408	2020-09-25T08:54:50.000Z	1309416057401114624	This exactly why iont get into that.. cause Iâ€™ll respect yo stuff cause Iâ€™m not replacing it but make me mad enough and I know I bought it that shit will go out the window, literally cause iont gotta replace it so yep,  great mindset ğŸ¤£ 	{'place_id': '011add077f4d2da3'}
56572553	2020-09-25T06:17:25.000Z	1309376441499480064	Damn Iâ€™m going out sad tonight lol	{'place_id': '011add077f4d2da3'}
259532920	2020-09-25T04:41:21.000Z	1309352266311192576	 Their right to protest is obviously more important than kids being able to go back to school in person.	{'place_id': '00c55f041e27dc51'}
937803027754438656	2020-09-25T04:20:34.000Z	1309347036907569152	I want to dress up and go out	{'place_id': '0427846a106c0bd9'}
135153863	2020-09-25T03:19:25.000Z	1309331645703565314	AMONG US IS THE NEW HEADS UP SEVEN UP FOR KIDS THAT HAVE TO GO TO SCHOOL ONLINE BC OF THESE TRYING TIMES	{'place_id': '011add077f4d2da3'}
901304453642543104	2020-09-25T02:53:21.000Z	1309325088987152387	Hey there grown ups in  , my 0   kids who are ready to go back to school understand:  & wear their  all the time when we go outside. Heads up: DO NOT MESS THIS UP    	{'place_id': '01a9a39529b27f36'}
29383977	2020-09-25T02:31:47.000Z	1309319658911215617	Donâ€™t worry about what the polls say. Go out and vote like your life depends on it, because it does. 	{'place_id': '876ed0bcf9594134'}
480870527	2020-09-25T02:07:28.000Z	1309313539195252737	Trying go out and get lit but this exam tomorrow is playing games ğŸ¥´	{'place_id': '23a06e5cc6d83009'}
436884103	2020-09-25T01:58:41.000Z	1309311328880857110	Why do I love lesbian females so much.How is this going to work for me God ğŸ¤”	{'place_id': '01a9a39529b27f36'}
769447578173833216	2020-09-25T01:51:50.000Z	1309309605978267650	Itâ€™s so weird next week will mark one year a started going to school.	{'place_id': 'bceb8153865c4a49'}
935481992	2020-09-25T01:03:55.000Z	1309297545999462400	   Letâ€™s undo the Blue Wave accident in November. As fast as you come in, you can go out. Thatâ€™s what these guys forget.	{'place_id': '011add077f4d2da3'}
1258944734745239553	2020-09-25T00:51:07.000Z	1309294326095151106	  Seniors itâ€™s just a con job!He blocked getting PPE to nurses that are there to protect u AND wants kids to go to school get sick and come home and get the family sick!Heâ€™s a traitor, racist and murderer Ugly Barbie is just a mouth piece for trump Russian propaganda! 	{'place_id': '00c39537733fa112'}
772587304036753408	2020-09-25T00:47:12.000Z	1309293340752580608	 â€œGet out the voteâ€ campaign for all the battleground states and the newly toss up states of TX, GA, and IA.  Blue wave is a must to deprive Trump from running to SCOTUS to decide the election - let the voters decide - full stop! Letâ€™s practice WWW and go out to vote safely.	{'place_id': '00ca6959663f6d44'}
19621096	2020-09-25T00:37:26.000Z	1309290881569128449	Oh, I love Warner Brothers and I love their history but I so want them to go out of business over this. $0m in a film for a streaming service, all because a small, yet vocal group of fans demanded it. Canâ€™t see them recouping this. 	{'place_id': '000829b517fc66b2'}
309747240	2020-09-25T00:37:13.000Z	1309290826942603264	Tried to go to  today for their going out of business sale but the line was around the block ğŸ˜¢	{'place_id': '27485069891a7938'}
824280698194448384	2020-09-25T00:33:33.000Z	1309289904204058625	I know many of us are feeling hopeless and helpless angry hurt anxious confused depressed downtrodden but donâ€™t give up . God is gonna shake things up He is going to work things out have faith use your faith	{'place_id': 'fb039358dc504c66'}
2890869159	2020-09-26T23:31:49.000Z	1309999146137464833	Ruff draft going out shortly. Can't wait to hear what the Brother writes to it!    @ Paterson, New Jersey 	{'coordinates': {'type': 'Point', 'coordinates': [-74.171934, 40.917295]}, 'place_id': '23a06e5cc6d83009'}
47765386	2020-09-26T23:14:30.000Z	1309994788398211073	Iâ€™ve got to go out more and actually talk to ppl instead of just being awkward	{'place_id': '01a9a39529b27f36'}
57141228	2020-09-26T23:02:57.000Z	1309991880768262152	Me trying to convince myself to get ready and go out right now. 	{'place_id': '011add077f4d2da3'}
1105280202	2020-09-26T22:28:16.000Z	1309983152975290368	Is anyone else having issues with the WiFi in the dorms? Mine keeps going out.	{'place_id': '011add077f4d2da3'}
248086596	2020-09-26T22:27:27.000Z	1309982945336332288	    Just bc a man wants to see a woman and have dinner doesnâ€™t mean he has to pay for her meal aswell... if a woman wants to go out with a man nobody expects her to pay....	{'place_id': '002e24c6736f069d'}
940654108792455168	2020-09-26T22:14:49.000Z	1309979765709901824	I remember this episode. I was so mad they had to go out to dinner to hear this news instead of her calling them. 	{'place_id': '01a9a39529b27f36'}
249455417	2020-09-26T22:14:06.000Z	1309979586084638726	i wanna go out and get drunk :(	{'place_id': '01a9a39529b27f36'}
61577322	2020-09-26T21:51:46.000Z	1309973967185367040	THAT PART. I go out to brunch with my brothers and sometimes one of them will pick up the whole tab. There are times I throw my Amex on the tab. But no way should this behavior be allowed  	{'place_id': '011add077f4d2da3'}
61577322	2020-09-26T21:49:30.000Z	1309973394721562625	Not if we are just friends. And even then when I go out with 0-0 friends I have picked up the whole tab before. if I say â€œladies letâ€™s go out and grab a drinkâ€.Iâ€™ll pay sometimes.But any man who has shown a romantic interest in me beyond a friendship,this behavior shouldnâ€™t exist 	{'place_id': '011add077f4d2da3'}
1151607075413340161	2020-09-26T21:41:14.000Z	1309971315336585217	Iâ€™ll go out on a limb for a prediction for the Yankees 0. They wonâ€™t make the playoffs. Division is tough and the American League is stacked. If they stay at 0 teams, they will make the playoffs.	{'place_id': '011add077f4d2da3'}
218904540	2020-09-26T20:52:24.000Z	1309959025476370432	feelin kind of cute. might go out in an anarchist jurisdiction tonight. idk.  	{'place_id': '01a9a39529b27f36'}
1249399318890635266	2020-09-26T20:52:00.000Z	1309958928130887681	Donâ€™t send New Brunswick students to school in a warehouse!    	{'place_id': '002e24c6736f069d'}
179107642	2020-09-26T20:51:56.000Z	1309958909520642048	Every time I go out with my best friend and her boyfriend terminamos comiendo como vacas ğŸ’€ğŸ’€	{'place_id': 'b46619b2722d9703'}
819677526461128704	2020-09-26T20:40:18.000Z	1309955980176879621	 Fake Native American you are one of the biggest liars and hypocrite! How about the real Native American that didnâ€™t go to college because you stone their place!	{'place_id': '00c55f041e27dc51'}
1275838852205346817	2020-09-26T19:50:16.000Z	1309943389782265856	 My plan when I go back to school is to join commie orgs and take a select pick from that bunch	{'place_id': '011add077f4d2da3'}
732693532067106816	2020-09-26T19:33:06.000Z	1309939069380636672	I have a question is she going to work for the NATION or for the Pope. Let's stop lifting people up because of religion.We need laws for us.Priest were devoted and raped 0 of CHILDREN. 	{'place_id': '2065983637b28e3a'}
730993223666155521	2020-09-26T19:16:27.000Z	1309934881112313858	 I'm just using the logic some people are using. I pay for most of the dates I go on, but to say it's mandatory because I asked to go out with you where I sign off ğŸ¥´	{'place_id': '002e24c6736f069d'}
820876342015074305	2020-09-26T19:15:13.000Z	1309934571400695811	K-state is bringing me back to college football right now	{'place_id': '01a9a39529b27f36'}
37187859	2020-09-26T19:04:13.000Z	1309931803050999809	Bring back the buffalo nickel! Why the hell did this go out of rotation!? While weâ€™re at it, put this on paper! ğŸ’´ 	{'place_id': '011add077f4d2da3'}
720432251956248576	2020-09-26T17:17:03.000Z	1309904832015237120	Itâ€™s 0 days before election night. It feels less like an election and more like a going-out-of-business sale: all rules must go! Even banana republics are looking at the US and saying, â€œthis is bananas!â€ ğŸŒ 	{'place_id': '01a9a39529b27f36'}
245953646	2020-09-26T17:16:18.000Z	1309904643846213635	   I believe they will allo students to come to school to be taught by virtual teachers ğŸ¤”	{'place_id': '00c55f041e27dc51'}
133123759	2020-09-26T17:13:48.000Z	1309904014373539843	   Stop complaining & being complaisant. If you don't want Republicans appointing narrow-minded judges that do not reprent the majority of America, please go out and vote. Now is the time to act & defeat their putrid agendas. Please let your voice be heard. Go out & vote to save USA	{'place_id': '002e24c6736f069d'}
158051214	2020-09-26T17:13:39.000Z	1309903976494755842	Iâ€™m going out of the country in a month and a half ... i need all new cute threads for my trip	{'place_id': '01a9a39529b27f36'}
133123759	2020-09-26T17:13:31.000Z	1309903943875604480	  Stop complaining & being complaisant. If you don't want Republicans appointing narrow-minded judges that do not reprent the majority of America, please go out and vote. Now is the time to act & defeat their putrid agendas. Please let your voice be heard. Go out & vote to save USA	{'place_id': '002e24c6736f069d'}
133123759	2020-09-26T17:12:48.000Z	1309903762572668928	 Stop complaining & being complaisant. If you don't want Republicans appointing narrow-minded judges that do not reprent the majority of America, please go out and vote. Now is the time to act & defeat their putrid agendas. Please let your voice be heard. Go out & vote to save USA	{'place_id': '002e24c6736f069d'}
133123759	2020-09-26T17:11:45.000Z	1309903497064845317	Stop complaining & being complaisant. If you don't want Republicans appointing narrow-minded judges that do not reprent the majority of America, please go out and vote. Now is the time to act & defeat their putrid agendas. Please let your voice be heard. Go out & vote to save USA	{'place_id': '002e24c6736f069d'}
133123759	2020-09-26T17:11:06.000Z	1309903333570818049	  Stop complaining & being complaisant. If you don't want Republicans appointing narrow-minded judges that do not reprent the majority of America, please go out and vote. Now is the time to act & defeat their putrid agendas. Please let your voice be heard. Go out & vote to save USA	{'place_id': '002e24c6736f069d'}
133123759	2020-09-26T17:10:02.000Z	1309903064455880705	 Stop complaining & being complaisant. If you don't want Republicans appointing narrow-minded judges that do not reprent the majority of America, please go out and vote. Now is the time to act & defeat their putrid agendas. Please let your voice be heard. Go out & vote to save USA	{'place_id': '002e24c6736f069d'}
133123759	2020-09-26T17:09:21.000Z	1309902892493672448	 Stop complaining & being complaisant. If you don't want Republicans appointing narrow-minded judges that do not reprent the majority of America, please go out and vote. Now is the time to act & defeat their putrid agendas. Please let your voice be heard. Go out & vote to save USA	{'place_id': '002e24c6736f069d'}
133123759	2020-09-26T17:08:50.000Z	1309902766291156992	 Stop complaining & being complaisant. If you don't want Republicans appointing narrow-minded judges that do not reprent the majority of America, please go out and vote. Now is the time to act & defeat their putrid agendas. Please let your voice be heard. Go out & vote to save USA	{'place_id': '002e24c6736f069d'}
133123759	2020-09-26T17:02:33.000Z	1309901181649661955	Stop complaining & being complaisant. If you don't want Republicans appointing narrow-minded judges that do not reprent the majority of America, please go out and vote. Now is the time to act and defeat their putrid agenda. Please let you voice be heard. Go out & vote to save USA	{'place_id': '002e24c6736f069d'}
172639931	2020-09-26T17:00:40.000Z	1309900707340918786	      You didn't say any facts sweetie ;)Me saying you get more government assistance than me doesn't mean I get some.Did you even go to college? That is what you call flawed reasoning ğŸ¤£	{'place_id': '785688d0e8db37d9'}
2367072952	2020-09-26T16:22:52.000Z	1309891195041177600	asking if someone wants to go eat is not offering your financial services. If I said, letâ€™s go out to eat, I got you. Bet do your thing I offered that. Iâ€™m not paying for your time if you said yes, you coulda said no. This goes for men and women. We all get checks.	{'place_id': 'a6bb3ed9f8ccb4a2'}
2755627982	2020-09-26T16:17:56.000Z	1309889953007104000	  This sickens me; my elderly mom and mom-in-law who live in Fl think weâ€™re nuts up north kowtowing to the COVID rules and regulations. Both go out to dinner: eat inside, bec they frequent expensive restaurants and believe they wouldnâ€™t put them in danger. Iâ€™m so worried	{'place_id': '01a9a39529b27f36'}
2672216134	2020-09-26T16:11:34.000Z	1309888353391833088	Honestly wish suggarplums had consistent hours tired of going out of new ro for soul food	{'place_id': '11cdb607ab2f17bb'}
2675409859	2020-09-26T16:01:37.000Z	1309885847857135619	Definitely had an amazing time going out and feeling a little normal last night.  In the middle of this pandemic year sometimes a little fresh air (while being safe) is needed 	{'place_id': '002e24c6736f069d'}
380112808	2020-09-26T15:47:57.000Z	1309882411480686593	  Iâ€™m not a fan of the idea, but I think itâ€™s pretty clear that ufc wonâ€™t use him unless thereâ€™s fan. So I donâ€™t mind him gettin so quick cash. He jus canâ€™t go out there and get ran over.	{'place_id': '01a9a39529b27f36'}
421254526	2020-09-26T15:38:41.000Z	1309880079128944640	no more going out thatâ€™s it, staying my ass home like before	{'place_id': 'b74cebcb62a1a686'}
1216780417971499013	2020-09-26T15:37:45.000Z	1309879842280792067	Imagine going out to eat with a man and when the bill comes heâ€™s studying the receipt and pointing out what you ate. Omfg ğŸ¤¢	{'place_id': '01a9a39529b27f36'}
169740444	2020-09-26T15:23:31.000Z	1309876259606999042	Was going to go out today but then saw COVID is rising is south Brooklyn... thanks everyone ! Smh WEAR A MASK IN GATHERINGS	{'place_id': '011add077f4d2da3'}
283830150	2020-09-26T15:14:18.000Z	1309873940676968449	A reminder that while it is easy for folks at City Hall to tweet about last minute changes, it is ultimately up to school leaders and their team to operationalize plans. Theyâ€™re carrying the burden to make sense of this with inadequate info, support, staff, resources, and tech.	{'place_id': '011add077f4d2da3'}
969608697017241602	2020-09-26T14:52:36.000Z	1309868479298891778	  Can someone explain to me why is so much going on with the opening of the schools whe my friendâ€™s daughter goes to a catholic school and she attends school everyday? I am trying to understand why the teachers at the catholic schools are going to work?	{'place_id': '002e24c6736f069d'}
37778761	2020-09-26T14:45:49.000Z	1309866774104616960	Thatâ€™s why I hate going out with new guys, If I canâ€™t find an ex to hang with Iâ€™ll go solo.	{'place_id': '00c39537733fa112'}
248086596	2020-09-26T14:15:27.000Z	1309859131520679936	â€œWhy would i pay half of it when youâ€™re here, if thatâ€™s what youâ€™re here forâ€ .... imagine going out with a woman and she thinks all your there for is to pay.... LMFAOOOOO, my love if youâ€™re broke just say that. 	{'place_id': '002e24c6736f069d'}
439335155	2020-09-26T14:14:01.000Z	1309858770793758720	People I went to school with are getting married and having kids, meanwhile Iâ€™m so hungover this morning I tried to drink out of a candle	{'place_id': '00c39537733fa112'}
1940433805	2020-09-26T14:06:56.000Z	1309856986528452615	If I finish most of my work today, Iâ€™ll go out tonight ğŸ˜Š	{'place_id': 'fa3435044b52ecc7'}
1055657359	2020-09-26T13:51:44.000Z	1309853160786231297	It has been an honor to work the past year and a half to tell â€™s story. This non-profit has been building boats, schools, and providing educational resources to remote islands in the Philippines, where some children have to swim to get to school.  	{'place_id': '01a9a39529b27f36'}
43166837	2020-09-26T13:23:38.000Z	1309846089265184770	 Lol idk I just pay for things unless you tell me your going to .He must think that if he mold her now that things are going to work that way .I like to spoil whomever Iâ€™m dating but I peep how some girls say their some assholes out there ğŸ¤·â€â™‚ï¸ğŸ˜‚	{'place_id': 'dfa88de1ece1a505'}
409693411	2020-09-26T13:09:15.000Z	1309842472726659074	Your system is broken.  &  & employees need to be on subways enforcing this rule. Many, many people are vulnerable with respiratory issues or immune system issues risking their lives to go to work or grocery shop.The form is a nice start, but doesnâ€™t solve the problem. 	{'place_id': '01a9a39529b27f36'}
1088884509129539584	2020-09-26T12:52:43.000Z	1309838312220364800	  It does say that parents are sending children to school who are sick.  If your child is sick with anything, even a cold you have a responsibility to keep them home.	{'place_id': 'a64b09ad02cb5c61'}
316140178	2020-09-26T11:44:17.000Z	1309821088873021440	 This plan is not going to work. It will force a contingent election in congress.	{'place_id': '364a45c10832ed51'}
969608697017241602	2020-09-26T09:15:01.000Z	1309783523247693824	  Definitely I do agree with you, but Parents are not protesting asking to be Fully Remote Instruction they want their kids to go back to school.  And it is very unfair for students that instead to have a educated teacher they will have a Paraprofessional. ğŸ¤¬ğŸ¤¬	{'place_id': '002e24c6736f069d'}
981218729651572736	2020-09-26T05:38:04.000Z	1309728925782769664	 Literally sameğŸ¤£ Iâ€™m going out of my comfort zone tho w my next this.	{'place_id': '011add077f4d2da3'}
2176259426	2020-09-26T05:10:50.000Z	1309722071694483459	I KNOW WHEN TO GO OUTWHEN TO STAY IN - GET THINGS DONE	{'place_id': '011add077f4d2da3'}
1004789701180567553	2020-09-26T03:40:13.000Z	1309699267909619712	Where did  goooooo? Jan are you safely in korea going to school now? Hope you are okay bro	{'place_id': '011add077f4d2da3'}
28211025	2020-09-26T02:41:42.000Z	1309684544908537856	mom, birth, childhood, going out into the worldğŸ˜­ğŸ˜­ğŸ˜­ğŸ˜­ğŸ˜­  	{'place_id': '011add077f4d2da3'}
1078888375124410368	2020-09-26T01:58:46.000Z	1309673740591083521	Good luck brotha go out there and do what u been doing for the past 0 years !! Big things coming soon. Better get at least 0 yards or else we gonna have a problem ğŸ˜‚ğŸ˜‚. Much love, go eat ğŸ’ªğŸ½â¤ï¸ 	{'place_id': '00c55f041e27dc51'}
18919909	2020-09-26T01:58:23.000Z	1309673643614633985	I fought with myself all evening on whether I should go out for drinks tonight or stay home to sleep. The latter won, and now i have major FOMOğŸ¤¦ğŸ½â€â™€ï¸Why am I like this?	{'place_id': '01a9a39529b27f36'}
4625949075	2020-09-26T01:52:01.000Z	1309672038014095368	Went to the midnight launch with my older brother for this game at Game Crazy (Hollywood video rip) Stayed up till 0am playing campaign and went to school the next morning. Amazing game. Changed my life 	{'place_id': '00c39537733fa112'}
2243687109	2020-09-26T01:05:15.000Z	1309660269816160258	i wanna go out but then again i donâ€™t :/	{'place_id': 'da21b3f3a7eb59b0'}
455145979	2020-09-26T00:50:00.000Z	1309656431189200899	If you went to school on Fordham (Roosevelt, Grace Dodge) then you know the Plaza.  	{'place_id': '002e24c6736f069d'}
1227319890777755648	2020-09-26T00:45:10.000Z	1309655214547439617	I wanna go out to eat	{'place_id': '94542c3c348faf28'}
4861170652	2020-09-26T00:39:27.000Z	1309653778673659904	I wanna go out	{'place_id': 'fa3435044b52ecc7'}
972841570918690816	2020-09-26T00:37:40.000Z	1309653328352153601	 Do u still go to work with all this stuff goin on ?	{'place_id': '858cec499f8adba6'}
111505259	2020-09-26T00:34:56.000Z	1309652643082579969	its giving reality shows when they go out the country. so fun. awww. 	{'place_id': '01a9a39529b27f36'}
257210804	2020-09-26T00:19:53.000Z	1309648853109551107	Three to five years from now, you go out to dinner and the server enthusiastically states, â€œOur wine selection, tonight, consists of fun 0 varietals!â€What do you do?	{'place_id': '3d3c56338b6a3b4a'}
323066830	2020-09-26T00:18:48.000Z	1309648580211363841	Love Cease only going out of the stretch. Simplify. Simplify. Simplify.	{'place_id': '01a9a39529b27f36'}
912172143885955073	2020-09-26T00:08:49.000Z	1309646067441467393	I could be mad at someone and not speak to them or whatever but that doesnâ€™t mean I donâ€™t love and care about them. The love I have for you doesnâ€™t go out the window just cause youâ€™re a little cunt. ğŸ’‹	{'place_id': '27485069891a7938'}
233628760	2020-09-27T23:25:53.000Z	1310360041845907456	See. Hocus Pocus is already such a nostalgic movie for me because since I was a toddler, itâ€™s been one of my very favorite movies. Now Iâ€™m realizing that it also makes me miss college because I went to school in spitting distance of Salem, MA. ğŸ¥ºğŸ˜	{'place_id': 'b87b05856ab8dbd8'}
961480836	2020-09-27T23:14:20.000Z	1310357132928221184	My roomie be talking shit about me going out without her but sheâ€™s outside rn without me.  & I ftâ€™d her & she dubbed my call. GOT IT.	{'place_id': '01a9a39529b27f36'}
3054677650	2020-09-27T23:00:47.000Z	1310353723424747523	yeah she went to college with me lol sis dead went to LIU Brooklyn. I remember when they said TDE was looking to sign a new artist then they signed her. 	{'place_id': '011add077f4d2da3'}
22774696	2020-09-27T22:25:32.000Z	1310344851540643840	 They had a chance to go out and get a young GM instead they reached back in time to pull out Gettleman ğŸ¤¨ğŸ¤¨ğŸ¤¨ 	{'place_id': '011add077f4d2da3'}
1089679403221729281	2020-09-27T21:46:23.000Z	1310334999363817484	       The travel ban was racist. Pelosi and other Dems were begging people to go out in San Fran NY and other cities a week before shutdown	{'place_id': '002e24c6736f069d'}
1089679403221729281	2020-09-27T21:42:57.000Z	1310334137711161344	 Iâ€™m just gonna go out Tuesday, get drunk and go nuts	{'place_id': '002e24c6736f069d'}
453148247	2020-09-27T21:06:43.000Z	1310325015552946180	 Go out into the WORLD PREACH the GOSPEL of JESUS CHRIST. HOLY SPRIT have your way. ğŸ™ ğŸ™ ğŸ™ for ğŸ‡ºğŸ‡¸ RIVAL	{'place_id': '002e24c6736f069d'}
14116669	2020-09-27T21:00:57.000Z	1310323565934321664	Hard to overestimate how influential this spot was and how much f**king fun it could be. Letâ€™s hope its not the start of the lamps going out throughout London...(tho to be fair it was always pretty dark in there). Respect and commiserations JD and M&H alumni and Members. 	{'place_id': '011add077f4d2da3'}
20887602	2020-09-27T20:30:59.000Z	1310316024768737284	WILPON ERA GOING OUT WITH A BANG LOL. 	{'place_id': '01a9a39529b27f36'}
340502554	2020-09-27T20:25:33.000Z	1310314657090019330	 there was no need to add stories to your platform. I donâ€™t need to see people I went to college with typing on a computer.	{'place_id': '011add077f4d2da3'}
1616412366	2020-09-27T19:28:12.000Z	1310300223898558464	      Of course it's smart. What isn't smart is the timing of this decision three weeks after the original reopening start date of NYC schools, and on a Friday afternoon prior to a three-day weekend before hundreds of thousands of students return to school in-person.	{'place_id': '00c39537733fa112'}
1274915940	2020-09-27T18:50:21.000Z	1310290699137552391	Just know. If I ever get punched out my jeans & niggas recording. Itâ€™s gon be a lot of people going out sad with me	{'place_id': '002e24c6736f069d'}
2670697897	2020-09-27T18:35:23.000Z	1310286932866465794	I wanna get cute n go out somewhere nice lol	{'place_id': '01a9a39529b27f36'}
1243378287449169922	2020-09-27T18:31:33.000Z	1310285970152058880	i wannnna go out today ğŸ§	{'place_id': 'fa3435044b52ecc7'}
548781395	2020-09-27T17:24:49.000Z	1310269172727898112	I wanna go out to eattt	{'place_id': 'b87b05856ab8dbd8'}
2501041534	2020-09-27T17:17:38.000Z	1310267367369453574	Weâ€™re back it this Tuesday!Iâ€™ll be partnering with my colleague  to bring a back to school giveaway to  Moore Houses. See below for more details! ğŸ—“: Tuesday, September 0th â°: 0:0 PMğŸ“: Moore Houses | 0 Jackson Ave 	{'place_id': '002e24c6736f069d'}
440265956	2020-09-27T17:13:35.000Z	1310266348791042052	I know ima be the type of mom to put sticky notes in my kid lunch box when I send them to school ğŸ˜‚	{'place_id': '002e24c6736f069d'}
108697238	2020-09-27T16:42:01.000Z	1310258402489237505	If I have a son and he out there disowning me for no reason and clinging to another father and they destroying him in the street and I walk by him as the light go out his eye I wouldnâ€™t be off	{'place_id': '00c39537733fa112'}
302342116	2020-09-27T16:20:00.000Z	1310252862711173123	Going out to eat is very important to me. I expect to have a good experience, I know mistakes happen but to a certain extent. So when im paying and tipping generously I expect to be catered to and not treated like someone who order a well done burger.	{'place_id': 'b046074b1030a44d'}
2391600667	2020-09-27T16:05:41.000Z	1310249259762176002	Stanton, and Frazier have the day off letâ€™s go out and win this game!  	{'place_id': '36aa8c1293d4ce43'}
555520934	2020-09-27T15:45:34.000Z	1310244197883162624	Country Timeâ€™s had the same back to school ads for forever. You think this year theyâ€™d finally trade sepia toned shots of empty swings to a child taking a whisky shot and lemonade chaser, grabbing a bulletproof backpack and mask,  and the tag line: School: Letâ€™s fucking do this.	{'place_id': '011add077f4d2da3'}
1120809144	2020-09-27T15:45:02.000Z	1310244065271640067	The waves were intense at Rockaway Beach a few days ago, but that didn't stop the local surfers from going out and doing what they love! @ Rockaway Beach 	{'coordinates': {'type': 'Point', 'coordinates': [-73.877156, 40.568065]}, 'place_id': '00c39537733fa112'}
38020131	2020-09-27T15:29:46.000Z	1310240223213780993	Damn bruh did everyone go out last night?	{'place_id': '002e24c6736f069d'}
1225017991915622400	2020-09-27T14:52:07.000Z	1310230747580641280	0 0 Back to School Night PTA Message Nishuane  via  Thatâ€™s my son back home again.	{'place_id': '01a9a39529b27f36'}
33677778	2020-09-27T14:29:42.000Z	1310225104002068481	The  did a video for my Korean War op-ed. Seventy years ago today the U.N. forces led by Gen. Douglas MacArthur recaptured Seoul from the North Koreans. Our thoughts should go out to these vets today.  0   	{'place_id': '01a9a39529b27f36'}
386290741	2020-09-27T14:25:42.000Z	1310224097859731461	it hurts that i wish i could go back to college from avenue q started plying as iâ€™m passing aada	{'place_id': '01a9a39529b27f36'}
1385423952	2020-09-27T14:11:57.000Z	1310220636762124288	a weekend to mentally recover much needed- back to school work and everything tomorrow	{'place_id': '18b390731066adcb'}
4879761617	2020-09-27T13:32:15.000Z	1310210649092435971	Donâ€™t forget to wear your mask      on your first day back to school 	{'place_id': '002e24c6736f069d'}
1102222550564827136	2020-09-27T13:11:25.000Z	1310205404161466368	Maybe Iâ€™m old fashioned, but if you go out on a date, and he wants you to split the check, walk right the fuck out then and there because that shit ainâ€™t gonna improve w age.	{'place_id': '011add077f4d2da3'}
1215376211343544320	2020-09-27T12:54:14.000Z	1310201082103164928	This incompetent senile/dementia old bastard  canâ€™t remember what he had for breakfast never mind where the hell he went to school! Remember he also stated he finished top of his law class! And this is the best Democrats can offer America? 	{'place_id': '684ceb6509d97b6c'}
865123820	2020-09-27T12:53:32.000Z	1310200902440148994	0 thing about my dad, he went to school for plumbing so hes educated in the trade, but he is also a redneck, so there is a 0% chance he will use duct tape when fixing a pipe.	{'place_id': '39411d80c106aa80'}
39399394	2020-09-27T12:29:01.000Z	1310194734200221704	" I took it seriously as is, but this made it more so. I only go to work, grocery shopping, and pick up takeout. Only ""normal"" thing I've done is get my nails done which I only do every two or three weeks anyway."	{'place_id': 'ad87de7d13d41fa3'}
261733597	2020-09-27T12:15:50.000Z	1310191417675968512	 I grew up in Pittsfield and I went to college in Orono, both are very close to Bangor.	{'place_id': '3d3c56338b6a3b4a'}
131576696	2020-09-27T12:11:01.000Z	1310190202242162689	 You can, itâ€™ll go out	{'place_id': '00c39537733fa112'}
24624333	2020-09-27T11:40:34.000Z	1310182542708965382	Just saw a person I went to college post on IG friends dancing in a backyard with Trump 0 signs in the background. When I tell you I unfollowed and made sure they werenâ€™t following me so fast. I have no space for even seeing that shit on my feed AT ALL 	{'place_id': '011add077f4d2da3'}
1253599404885512192	2020-09-27T11:38:04.000Z	1310181911453675520	This all i want done... Get me open first then go to work niggağŸ’ªğŸ¾ğŸ’ªğŸ¾ 	{'place_id': '011add077f4d2da3'}
2164225647	2020-09-27T05:16:36.000Z	1310085914295754757	Whyâ€™d I overhear my brother telling my mom â€œitâ€™s Amreet sheâ€™s likes to go out at least she comes home soberâ€	{'place_id': '7cc0ce33cac366fc'}
987029333360377856	2020-09-27T03:15:56.000Z	1310055545441841152	Itâ€™s not cute to go out with slides ğŸ¤¦ğŸ»â€â™€ï¸ğŸ¤¦ğŸ»â€â™€ï¸	{'place_id': '2fb47e56cc67fd10'}
3857374283	2020-09-27T02:25:05.000Z	1310042747659841538	Legit having an anxiety attack about going to work tmrw. Idk why but I am	{'place_id': '01a9a39529b27f36'}
3302328375	2020-09-27T02:17:44.000Z	1310040900320423936	I use to play this on my way to school in the morning classic Krit 	{'place_id': '01a9a39529b27f36'}
29266788	2020-09-27T01:59:12.000Z	1310036233599569923	 He ask her to lunch / to go out to eat , so automatically he should pay.  Period.	{'place_id': 'c735e25ad03113d5'}
613807455	2020-09-27T01:54:57.000Z	1310035165553532928	I need to start going out... staying at home has me feeling all types of messed up ğŸ¥º	{'place_id': '00c39537733fa112'}
405910862	2020-09-27T01:41:01.000Z	1310031660847689729	Iâ€™m done going out lol	{'place_id': '6ecd80a684f06657'}
1161642782	2020-09-27T00:05:16.000Z	1310007562746593281	    That sucks! I gotta say my neighborhood has been good...people are wearing masks and being careful, even with going out to eat and things like that. Iâ€™m just worried if it keeps up and NYC closes again my job is shot and I canâ€™t get UI again	{'place_id': '002e24c6736f069d'}
1388723084	2020-09-27T00:04:46.000Z	1310007438901489664	Che voglio di dormire but ima still go out though ğŸ¤£ğŸ˜­	{'place_id': '00c39537733fa112'}
