1170878101271695360	501282356	[CLS] decided to go to church instead , think i made a good choice [unk] 	0
1171209671652151296	174423205	[CLS] haven t been to the gym in about a week . 	2
1171205840939839488	94451729	[CLS] dating in la is the man you ’ ve been “ seeing ” for over a year who “ doesn ’ t wanna label anything ” ’ s role ##play fantasy being the recital of your hypothetical wedding vows . 	1
1171203994061926400	2246258376	[CLS] wait you are literally taking us to church at no ##c on a sunday , how can it be more perfect 	0
1171203861601607680	2246258376	[CLS] sounds way better . taking me to church 	0
1171202257297108993	1126163641	[CLS] so i m hiring you for my wedding . . . . ha ##ha ##ha 	0
1171197619709702151	922254454254026752	[CLS] i swear to god if speed ##wa ##gon wasn t best man at jonathan s wedding im ##ma be mega mad 	2
1171195016342953985	902219155650347011	[CLS] me trying to decide whether to go to the gym and skip this weeks cheat meal or have my cheat meal today . . . 	2
1171187025271111680	1059520222195929088	[CLS] i actually went to the gym and med ##itated in the steam room . i feel amazing 	0
1171183405892947968	45677283	[CLS] low ##key this song hits when you ’ re in the way to the gym . . . . try it lo ##l i ’ m at least 1 min in ot ##w to wherever you ’ re driving l ##ma ##oo ##oo 	1
1171178476679745536	34679503	[CLS] new the male gaze is out and it ’ s a good one is at a wedding , so the hilarious joins me , and to discuss scar jo protector of truth , the star trek writers room , and the joker trailer stop the press 	1
1171170185195245571	16487403	[CLS] me and dear ol dad at my wedding . i m probably checking out stay ##c ##10 in the distances . jamaica bay inn 	2
1171169597564866560	16487403	[CLS] sharing a moment with mom at my wedding . jamaica bay inn 	0
1171165711244263424	54341575	[CLS] give yourselves a good month of di ##sa ##bling going to the gym and you ’ ll be hooked 	0
1171158494671589376	35691886	[CLS] you all know how much i love playing d ##nd , now i have a new d ##nd workout shirt i can not wait to wear it on thursday night then friday morning to the gym [unk] it at … 	0
1171158447783460864	344183143	[CLS] so pumped . off to the gym get your on . 	0
1171148640561311744	2579165798	[CLS] new level ##ing up shirt in . . . 5 . . . 4 . . . 3 . . . 2 . . . 1 . . . . where would you wear this shirt to the gym , to your d ##nd game [unk] [unk] [unk] or click on the link in our bio [unk] los angeles … 	1
1171148396687572992	881234616	[CLS] dude i got way ##y ##y ##y too fucked up for that wedding on saturday and i love how everyone was jealous l ##ma ##o [unk] i was happily not giving one fuck . . 	1
1171147589837737984	2988057263	[CLS] my wedding nails were the best . [unk] 	1
1171146767888343040	354484449	[CLS] i am grateful for my perfect fiance and the fact that we found our wedding venue also grateful for my amazing bf ##f and maid of honor for helping me every step of the way [unk] 	1
1171138086517923841	852418333	[CLS] this will be my wedding [unk] 	1
1171136538975100929	32251134	[CLS] soon to be boarding a flight to chicago for a few days then off to michigan for katie terre ##nce ’ s wedding los angeles international airport in los angeles , ca 	2
1171133493734043648	1354614061	[CLS] i ll never have a legal marriage . i ll have a wedding but never legally sign a [unk] the government shouldn t control your relationship . 	2
1171128265450258432	1114581883445104642	[CLS] it is cool to go to church though br ##ud ##da 	2
1171126836668952583	911133265	[CLS] i ’ m inspired might fuck around and take my ass to the gym today . i missed hot girl summer but it can be hot girl winter for me id ##k 	2
1171122746748747776	280783006	[CLS] jumping into this week of training like [unk] . lots to do before my on saturday . but that doesn ’ t mean i get to take a break from my . balance is [unk] thankful for everyone on my making sure i ’ m … 	2
1171117618608009217	45989472	[CLS] yes my pal gave me a brand span ##king new one mint uno ##pen ##ed in box as a wedding gift i ll never forget that kind and unique gesture 	1
1171116674382102528	49068960	[CLS] ri ##ker and van ##ni wedding is getting so close . . . i can ’ t wait to see it all 	0
1171099721718304774	58993073	[CLS] my friend ’ s wedding is next saturday and id ##k what to buy them . [unk] 	1
1171098381633982464	726183166587768833	[CLS] today is my parents 30th wedding anniversary [unk] 	1
1171097080997326850	3266380722	[CLS] music monday my sister ve ##net ##ia stevenson , on a date with this guy if i recall he had a pretty good singing career . . . long live the king [unk] [unk] [unk] … 	0
1171096482633723905	122523224	[CLS] ah ##hh ##hh ##h it ’ s wedding week [unk] 	1
1171094447762763776	925051707540852738	[CLS] can my future husband please play sleep ##walk by santo and johnny at our wedding to hold each other to 	1
1171088383051018240	185031293	[CLS] back to church sunday , september 15 , 2019 . . . looking to see you deliver ##ance tab ##ern ##acle church pasadena 	0
1171088082587668480	325223895	[CLS] if eight people , say , had just been killed on a bus , could you go out with a friend for a drink that evening yes . what if it was 12 people in a cafe could you go on a date no . ron ##en has an actual chart . 	1
1171082381987434496	754778600679673856	[CLS] starving myself for 12 days so i could look skinny for a wedding [unk] 	1
1171075652520275968	78550741	[CLS] also pray going to church and practicing ur faith helps talk to god , trust me he listen ##s if u need a friend i listen also we can help each other ’ s anxiety to go away 	1
1171064332836208641	109360451	[CLS] i ’ m already practicing how to say “ they ’ re covered in sw ##aro ##vs ##ki crystals ” to my mad ass family at my wedding b c i ’ m going sheer with crystal accents where it matters for it . period [unk] 	1
1171001026607927296	92231875	[CLS] hey and i just found out about you guys i guess i ’ m late to the party but i would love to interview you guys for 	1
1170970596739387392	913388072837853184	[CLS] when ’ s the wedding 	0
1170954353353486337	2460402487	[CLS] the proud bird is here to add variety to your life contact one of our event specialists at 310 670 381 ##5 or proud ##bird ##cate ##ring ne ##ra 	0
1170951002700181504	23151038	[CLS] told the guy i went on a date with that i didn ’ t wanna date bc i ’ m still emotionally trauma ##tized by my last relationship ex and he was like “ stop comparing other men to your ex or you ’ ll never move on . thanks for wasting my time . ” . . . . we ’ ve only been talking for a week 	1
1170941536210604032	367153884	[CLS] late to the party , but i finally got around to seeing chapter one tonight . holy mo ##ly soo ##o good let ’ s see if helen lets me sleep tonight 	1
1170940188798795776	3207717883	[CLS] i went to my sister s wedding in phil ##ly this weekend . . . this is my father walking her down the isle . was a beautiful sight . . . [unk] 	2
1170940019151953920	24699963	[CLS] wedding flow [unk] the walkers palo ##s verde ##s cliffs 	1
1170939743246389248	801128165896663040	[CLS] 8 ##mm black tung ##sten car ##bid ##e ring with cr ##iss cross 14 ##k rose gold insert with round edge band jewelry sales design 	0
1170936431457390594	2881506710	[CLS] i just woke up from a bomb ass nap i might just go to the gym rn since i feel amazing 	0
1170935090743898112	440597030	[CLS] the one person iv ##e tried to ask to go as my date to my brothers wedding has been ignoring me since i got home . fuck 	2
1170931229933240320	347592647	[CLS] i may have not done a whole lot today but i did manage to get my ass to the gym and the grocery store [unk] 	2
1170921801104257025	4511927173	[CLS] this dude asked me on a date so i sent him nude ##s instead to let him know w ##tf this was 	1
1170919848106287104	174532342	[CLS] i love you thanks for trusting me . i ’ m so happy i got to photograph your wedding make it so special for you . [unk] 	0
1170919180985458688	174532342	[CLS] you guys i photographed my first wedding earlier this year and i ’ m just so proud of myself 	0
1170917311672250371	45479813	[CLS] i still can ##t believe i woke up at 5 ##am to golf and still went to church 	2
1170916228795232256	19368538	[CLS] being on twitter right now as a film critic who doesn ’ t go to festivals is like getting minute by minute updates of the wedding of the person who broke your heart in college . 	2
1170916191935664128	3844187654	[CLS] guys that come to the gym in wife beat ##ers are straight abuse ##rs 9 10 times 	1
1170899233538396162	895224017883287552	[CLS] me my boyfriend when we go to the gym 	0
1170899116622143488	35607939	[CLS] just remembered i went to a party with my friend last year and she went to get us drinks and asked what i wanted and i said surprise me and she came back with a red solo cup half full with just straight jack and nothing else 	1
1170898972191256578	523014597	[CLS] why the fuck would you wear a wedding dress to a m g that consists of married men 	2
1170898648525201408	913388072837853184	[CLS] i ’ m really going on a date in seoul with you 	0
1170893357532401664	409709438	[CLS] i would love to go on a date . 	0
1170891219909480451	30736157	[CLS] lo ##l are you on a date 	0
1170890466742505473	535916799	[CLS] go to the gym az ##ul 	0
1170883110675853313	20451134	[CLS] this was an epic weekend away [unk] needed a break from the re ##mo ##del , work and a minute to catch our breath before the wedding madness begins [unk] weather was amazing and the conversations with new old … 	1
1170879402097250304	900469808474578948	[CLS] so today i decided to take myself out on a date and honestly it was the weird ##est day 	1
1171262386856062976	75340492	[CLS] once again , thank you for confirming my t ##wee ##t . the one date u did u go out on , u enjoyed telling us about how wa ##ck it was , and now u trying to flex like uh ##hh ##h i never been on a date once since i ’ ve been in california . don ’ t u miss us calling u out at the old house 	2
1170877608906633216	950072127172104193	[CLS] i ’ d invite some of my followers to my wedding . that would be do ##pe 	1
1170876763326406656	46339370	[CLS] wedding cake ng kat ##hn ##iel [unk] 	1
1170863309299437568	778700704990978048	[CLS] classic cl ##iche tab ##oid story went to church without her husband so it must mean divorce . but check out the video the papa ##raz ##zi cameras sound like gunfire . via 	1
1170863009784156161	863392196	[CLS] i was a hot mess after my mom ##s wedding wanting to fight people in the parking lot [unk] . . . 	2
1170850900493197312	32780908	[CLS] new orleans square is celebrating haunted mansion ’ s 50th with some really fun and ta ##sty treats . we had a little dessert party going on with the wedding cake from the french market , blackberry midnight jul ##ep ##s and … 	1
1171559978919874567	2786149299	[CLS] coffee dates are fine . coffee dates are also not fine . it depends on , you know , the person you ’ re talking to and what they ’ d like to do , as well as what you ’ d like to do , because you ’ re going on a date with a person who makes you feel excited , and you make them feel the same . 	0
1171557694425071616	1083910303086084096	[CLS] baby welcome to the party 	1
1171552191665954817	450500742	[CLS] check out this sneak peek of ri ##na and ken s wedding day video in virtual reality 	0
1171548849275465730	1059536938850381824	[CLS] send my girl to church with drug money ##y ##y 	0
1171545720593059840	846555932930670592	[CLS] i found my dress ##ss ##ss ##s for the wedding finally [unk] 	0
1171544267530989568	98716102	[CLS] you know it is love when he goes to the movies and let ’ s you pick a flick [unk] and doesn ’ t complain 	1
1171538151191400448	82255191	[CLS] i can ’ t trust a guy who wears gloves to the gym 	2
1171536246302109696	1621508520	[CLS] these sweaty stink ##y size 7 sneakers could be yours work hiking and to the gym . send a 75 cash app lila ##ster ##n and an email with your address where you d like them sent . 	1
1171533229976768513	185031293	[CLS] let s worship god together . . . back to church sunday , september 15 , 2019 . we re looking for you deliver ##ance tab ##ern ##acle church pasadena 	0
1171530134504914944	732278598	[CLS] girls will always have fun at a d ##pe wedding couples this is how you should feel on your wedding day when you have professionals handling your dream wedding spinning your day your way photographer … 	0
1171529329479540736	273511763	[CLS] it ’ s the night before your wedding . ya just had a fun rehearsal dinner with friends family . your fiance , who ya been dating for 3 years , pulls ya aside confesses that 3 months into your relationship he she cheated on you once . drunk hook ##up w a random stranger . do you . . . 	0
1171525320551194629	27951530	[CLS] ok another funny story , i went on a date with this guy who said he went blind in one eye like this j ##f ##j ##db ##bs ##jak ##an ##kk ##k 	1
1171520713653489666	1078286161	[CLS] i would love to harness an ounce of the chaotic energy ex ##uded by people who go to the gym in jeans and flip flop ##s 	0
1171519974138974208	605092991	[CLS] back in the beginning of the year when i barely started going to the gym like completely committed it was cold and i ’ m so glad bc i was able to wear loose fitting clothes i was so ins ##ecure with my body 	2
1171508498816884737	70628715	[CLS] happy anniversary to two of our all time favorite guys who we love so very much . wishing you infinite years of happiness . talk about a wedding we wish we could do over and over over again … couldn ’ t ask for two more … 	1
1171504274594942977	466742206	[CLS] joining late to the party . 	1
1171501226967498752	172884865	[CLS] don ’ t go on a date with yourself [unk] 	2
1171500119897694213	163306858	[CLS] how do i convince to move to la be my roommate while she ’ s in town next week where do i take her to get her to say yes do i take her to a concert every night so she falls in love and is down 	1
1171499284119744514	2773945423	[CLS] how gorgeous did character in wild ##flower look in her all black wedding dress someone needs to start this [unk] believe us when we say the industry wants to see more unconventional [unk] los … 	1
1171499098639228932	104960703	[CLS] currently in mode . [unk] this past weekend i threw an intimate for my cousin tt ##ole ##do ##33 . [unk] prep ##ping her for this week of cr ##azi ##ness . [unk] ’ s your best wedding day advice [unk] . shout out … 	0
1171499018096009218	29477921	[CLS] they announced the release date a couple months after we set our wedding date . very un ##lu ##cky . 	1
1171495130273988610	29477921	[CLS] yep , i played the demo and loved it . the gun ##play feels so good . i wish the release date was out before i picked a date for my wedding groom ##sm ##en are kinda mad about it too ha ##ha 	2
1171485132940664833	483159690	[CLS] style l to r cf ##18 ##85 ##27 cf ##20 ##85 ##27 … 	0
1171482987092856834	1386942602	[CLS] photo of wedding day emerges online guns n roses central 	1
1171468786135793664	2546656705	[CLS] it ’ s september 10th bay ##bee the day when this sas ##sy [unk] was born [unk] this year will be all about doubling down on my goals , while trying to remain more calm . . . and plan a wedding . . . [unk] wish me luck … 	2
1171462907437056000	741893156170403841	[CLS] i ’ m so glad i started going to the gym again finally . my body hates me but i missed lifting weights so much . 	1
1171453388162101251	20106657	[CLS] just remembered the knife i brought to the party was a christmas gift from a friend . . . who wanted to see how fast i ’ d cut myself . didn ’ t even make it five minutes . nick ##ed a finger trying to do bishop ’ s knife trick from aliens . 	1
1171444383230545921	1059520222195929088	[CLS] ok . . . . i ’ m going to the gym now 	0
1171429077284114437	37871152	[CLS] people be like “ i go to the gym to get my head right ” . no ##oo ##o . you go to the gym to get your body right . you go to therapy to get your head right . 	1
1171428885688270854	18608335	[CLS] everything in my life is scheduled for this very reason external stress ##ors are al ##ot easier for me once i list them . this is why i am able to carry on two jobs and still go to the gym and still have me time and still buy food groceries and still hang out and cook . 	2
1171422799279165440	64609998	[CLS] one of the worst moments of my life was going to a party the week i started anti ##de ##press ##ants , only to have several of my closest friends at the time talk shit all night about another friend that had started them a week before . 	2
1171406045563850752	40529799	[CLS] canadian teen with go ##pro finds body of woman who disappeared in 1992 on way to wedding via 	1
1171403767838691328	2319595340	[CLS] thinking about a formal wedding join us . holiday inn bu ##rba ##nk media center 	0
1171375957455720448	480045806	[CLS] im looking forward to the party my mom ##s throwing for my dad on [unk] 	0
1171362083755028481	59707023	[CLS] sleeping with my blinds open tonight . if the sunlight wakes me up , im going to the gym . 	1
1171346477014110209	1131781141025792000	[CLS] your my girl and you go to the gym gt gt 	0
1171319102620618752	185966813	[CLS] 	1
1171314487632310273	568412502	[CLS] back to the gym life let the journey begin [unk] [unk] . . . . . [unk] los angeles , california 	1
1171311045257789441	222836967	[CLS] hands down top 3 love songs , i will dance this at my wedding [unk] orr ##rr at my best ##ies and just call it a night with a couple shots lo ##l 	1
1171306213528653824	136116371	[CLS] how do people go to the gym before work like how do you have your life that together 	1
1171305211270291456	332486048	[CLS] i want to be the person who goes to the gym at 5 ##am 	2
1171299109166182400	977730720	[CLS] what was the crazy thing going to the gym [unk] ha ##ha ##ha ##ha 	0
1171297540639117312	1542702649	[CLS] i need to go back to the gym 	2
1171297488675864577	4332068293	[CLS] this gorgeous floral design has us speechless tag your wedding planner to share this gorgeous ins ##po [unk] planning aka ##tec ##ar ##lson ##eve ##nt , floral venue … 	1
1171295280110522368	1432023644	[CLS] we ’ re playing for a wedding this weekend bitch ##h i ’ m singing as she walks down the aisle . help i might cry 	2
1171293508373643265	1004178695555174400	[CLS] i literally just want someone who wants me around . from going to the movies or running er ##rand ##s , literally just wants my presents around them as i do with them . why is it so damn hard to find 	2
1171292898954022913	25256938	[CLS] although it ’ s been a bitter ##sw ##eet vacation attending a wedding and a funeral , i ’ m finally home los angeles international airport in los angeles , ca 	1
1171291071860469760	941681969724776448	[CLS] i should ’ ve gone to the gym tonight . i was just afraid of dom waking up and being pissed seeing my mom and not me [unk] 	2
1171286598152966144	201598474	[CLS] came home with a box of pizza instead of going to the gym [unk] 	0
1171283039868973056	4720956331	[CLS] ain ’ t no queens at club king , we gotta go to church or ba ##c to school [unk] 	2
1171277486942019584	980971087184912384	[CLS] has a new power [unk] . . . watt ##les mansion 	1
1171275304909836288	385123065	[CLS] damn haven ’ t been to the gym in almost three and a half weeks because of my back . . feels so good to finally be back 	1
1171274964248322049	20381411	[CLS] if you marry me we ’ re dancing to love bug by the jonas brothers on our wedding day sorry bout it 	1
1171274732395565056	804616978568650752	[CLS] i want strawberry lemon ##ade but the strawberry lemon ##ade i made when i went on a date 	2
1171272083965218816	284631614	[CLS] someone give me a good reason so i can go to the gym right now [unk] 	0
1171267816063811584	551131071	[CLS] told kid cu ##di my wedding date and 	1
1171264116364701696	2214850116	[CLS] the one day i decide to go to the gym my workout leg ##ging ##s missing wow . . . 	2
1171263342679248896	273511763	[CLS] i ’ ll kiss my wife at my wedding but y ’ all per ##vert ##s better close your eyes . 	0
1171661492694978560	44215824	[CLS] but you know what , i don ’ t think it matters what order it ’ s gets done in , its just as long as it gets done and sir . . . i know you make it to the gym everyday so hence you got it together . 	0
1171261710172217345	75340492	[CLS] so now you are admitting you are lying about going on a date at b ##j ’ s flex ##ing for social media huh don ’ t act like u remember that 	1
1171260128428883968	767445768298901505	[CLS] n ##d i am going to the concert w my tia ##s and prima ##s [unk] 	1
1171259301559537664	14659966	[CLS] i love and miss the roxy . saw many movies there , most memo ##ra ##bly man bites dog . on a date . 	2
1171254565863211008	1128405858386206720	[CLS] way late to the party , but i finally finished season one of wow . that cinematography was me ##sm ##eri ##zing . what a beautiful roller coaster ride . can ’ t wait for season 2 	1
1171252676501196800	30909534	[CLS] magic leaked a russian escort on a date with trump . 	0
1171252121234214912	364519751	[CLS] there is no ideal age to start . you can be 20 and be married . you can be 30 and start studying . you can be 40 and learn to drive . you can be 50 and start going to the gym . you can be 60 and travel by plane for the … 	0
1171250965481021441	40393915	[CLS] we used to talk about inviting to our wedding if we got married cu ##z it was in twitter d ##ms that we started talking . nice to know that and doesn t care that their algorithm is ruining so much career momentum and life memories . 	1
1171248599084101632	1053630288	[CLS] workshop ##ping my vows i knew you were the one cu ##z you weren ’ t a number two . . . [unk] 	1
1171247979539206144	444298049	[CLS] i love when people ask me to tell them about my wedding . 	0
1171246778043121665	2634179564	[CLS] right before the wedding 	1
1171246439495655424	111985167	[CLS] go to church 	1
1171239013392371714	219928302	[CLS] i used my whole day to watch snowfall , now i can go to the gym [unk] 	1
1171237626927443968	136422586	[CLS] i have friday off and kind of wanna go to the movies with someone but no one likes me so i guess i ’ m going alone 	2
1171236878885875712	126461855	[CLS] just attended wedding 5 6 of this year and here comes another wave of engagements baby announcements [unk] 	1
1171234081541017600	2258057882	[CLS] i used to hate coming to the gym alone , but lately i ve been feeling more confident and doing solo workout ##s ya ##ll don t know how significant that is for my shy ass self 	1
1171230433712828416	984579942875725826	[CLS] when the pizza is that good [unk] 	0
1171221691923460096	17864677	[CLS] played guitar at a few backyard parties for his parents , and played guitar at rodney ’ s wedding reception with renowned trinidad ##ian steel drummer dear kindness friend einstein brown with you attending mark too . 	0
1171216732758761472	2467135746	[CLS] i forgot how nice it is to go to the movies by yourself i don ’ t need friends they di ##sa ##pp ##oint me 	2
1171216290184232961	3074141809	[CLS] i never had a reason to my sister is the only one that ever takes me to the movies and that time she ditch ##ed me to go with her [unk] 	1
1171213925364506625	564734439	[CLS] hi everyone ##we re all set up meat ##less ##mond ##ayo ##rang ##e we brought a new em ##pan ##ada raja ##s con cr ##ema almond base i also brought our signature ba ##kes ##lem ##on lavender short ##bread ##me ##xi ##can wedding cookies ##pe ##anu ##t … 	0
1171927717798825984	65201573	[CLS] i have honestly had some horrible , “ you ain ##t shit ” moments . i once agreed to go on a date w this guy to an island . day of , changed my mind , and watched him take the trip solo on i ##g . 	2
1171926663766016000	745761618101841920	[CLS] now to the gym [unk] 	0
1171921897702879232	1059520222195929088	[CLS] when i come to a party in indy y ’ all better not act funny when so try and hug y ’ all [unk] 	1
1171917051239120896	927098766863110144	[CLS] smoking weed doesn ’ t make you a bad person . just like going to church doesn ’ t make you a good person 	0
1171912103344537601	887112112362983424	[CLS] i plan to go sunday im going to the movies in the morning on saturday 	1
1171908457714221058	48049813	[CLS] ready to check out dc , attend a dear friend ’ s wedding and spend time with the childhood best friend 	0
1171907087577665537	3383513834	[CLS] today i will be going to the gym 	0
1171905595357745153	2164254937	[CLS] umm ##m i can ’ t wrap my head around the fact that i ’ m picking up my freak ##en wedding dress next friday . i might faint [unk] 	2
1171902904099147776	318138738	[CLS] going to the gym and watching spill ##l ##3 while i workout has become my “ me ” time now [unk] 	1
1171898060932124672	963190688	[CLS] send me a sign to get up and take my ass to the gym 	1
1171892033344008193	1602328704	[CLS] wife ##y views [unk] 	1
1171888246873214976	616774963	[CLS] i scheduled my surgery the day of my parent ’ s wedding anniversary . . o ##ops [unk] 	2
1171887496516399105	59511676	[CLS] before 9 11 was 9 11 , it was my mom and dad ’ s wedding day . they were married 65 a years ago today . 	1
1171884801164529665	283226542	[CLS] this past sunday i was gifted with the honor of craft ##ing this gorgeous floral white and gold rim ##med cake for the now mr . mrs . peaks wedding rehearsal dinner . candace avant thank you for choosing simone b to … 	0
1171882479017484289	1122407687214338048	[CLS] get a well known sports ##caster to do a play by play for a real wedding . thank you [unk] from ##ba ##bs item by north hollywood , california 	0
1171873062175813634	162492285	[CLS] i have 3 hr ##s and 15 minutes to get all my work for the day done so i can start cooking my fantastic wife a lovely 4 year wedding anniversary dinner . 	1
1171869495545098240	239984928	[CLS] i m headed to the gym for the first time in 2 1 2 weeks vacation , e . coli , in ##ert ##ia and i m afraid i m not going to remember what to do . you re saying i pick up the heavy thing and then put it back where i found it why does it want to be picked up 	1
1171867861528109056	363294557	[CLS] damn ain ’ t been to the movies in a min 	2
1171854600036597760	827820487	[CLS] it was an honor to be a bride ##sma ##id in my childhood friends ’ wedding such great memories the london west hollywood at beverly hills 	1
1171850561085329408	1059610933188734976	[CLS] let me go to the gym immediately [unk] 	2
1171847846871494657	145508600	[CLS] don ##t go to the party young grass ##hopper . . . the enemies will be there 	1
1171836865147629573	450524244	[CLS] definitely taking my ass to the gym tonight . 	1
1171834986447507456	773387552946524160	[CLS] one of my constituents told me that he ’ s going to dance at my wedding because i ’ ve helped him with his issue . lo ##l that made my day [unk] 	1
1171833746678378497	191118162	[CLS] i went on a date with a guy that told me he loved my collar bones and i ’ m not sure if it was creepy or like the best compliment ever . [unk] 	2
1171831485113913344	852596618750681089	[CLS] y ’ all i leave for my wedding in israel in 24 hours i ’ m getting gay married in israel my partners and my families are going to finally meet after almost 5 years together [unk] 	1
1171828361523417089	458088998	[CLS] i ve definitely missed a beach sunrise . quiet break from the wedding week extra ##va ##gan ##za . 	1
1171827617424478208	113278376	[CLS] if you ask me on a date in a d ##m , i ’ m pro ##b just humor ##ing you . at least ask for my phone number [unk] 	1
1171827444451381248	113278376	[CLS] so living in la is dealing w tourists . . . why does this french dude think i wanna go on a date with him 	2
1171825095058132992	1004605737283215361	[CLS] today is those days i just wanna go to the gym para des ##ah ##oga ##rm ##e 	1
1171820970631282688	1067338104615256064	[CLS] i go to church because i ’ m far from perfect 	1
1171816048317714432	33549841	[CLS] wa ##aa ##hh ##h why am i always late to the party i basically live on twitter [unk] 	2
1171815435324383234	1631262830	[CLS] okay , i ’ m hiring you both for my wedding 	0
1171812510640459778	1290052332	[CLS] i ’ m supposed to go on a “ date ” today . . i ’ m going to try not to fl ##ake . 	1
1171790360646840328	318558053	[CLS] the days i get up at 4 to go to the gym come home at 6 still have time to prepare my lunch for work have time to get ready , makes me feel like i have my shit together [unk] 	2
1171789887525179393	149752297	[CLS] when i started strength training i went to the gym at 5 ##am to avoid all that and noticed a lot more women in the area during that time . 	1
1171786113293246467	37224419	[CLS] this seriously makes me want to renew my vows [unk] . . . taylor swift lover wedding version featuring canon in d piano . . . via 	1
1171776670841397248	826806553818779649	[CLS] i ’ ll never forget this day from 18 years ago , i doubt many will . my late husband and i were planning our wedding day and then tragedy hit and the world stood still . we married 6 weeks later with a small crowd because many were fearful to fly after 911 . 	1
1171765250951020545	885189310814842880	[CLS] f ##yi dude ##s this would have been the perfect opportunity to ask me on a date “ you ’ ll have to tell me all about it would you like to grab a drink next week ” etc but now i don ’ t really know what to say lo ##l hmm ##mm ##mm ##m 	1
1171748943702691840	715776574134554624	[CLS] soo busy editing pic ##s from the wedding , but i ’ ve still got a v ##log coming soon just bare with me in the meantime , here ’ s a picture of me and my friend at [unk] 	1
1171733673046970369	2988957222	[CLS] im really about to go to the gym before [unk] 	2
1171715629239267328	1370526582	[CLS] my friends and i should not be allowed to go to the movies together , we the hot mess [unk] 	1
1171675102036889600	1118383595402534914	[CLS] long story short . . . . we went on a date tonight . of course i was cute af . . . . but the kicker is . . . he never looked at his phone . he stared at me the entire time and told me how damn beautiful i am . [unk] 	1
1171663077537910784	16893977	[CLS] i can ’ t watch until after the wedding because my brain is fried but i ’ m excited we ’ ll be in tokyo in october 	1
1172030619078938624	2923268905	[CLS] go to sleep go to the gym during the day or in the am so i can go with you [unk] 	1
1171653290427322370	483197454	[CLS] oh ##hh ##hh okay don ’ t forget my invite for the wedding or else [unk] 	1
1171652113526644737	941681969724776448	[CLS] i ’ m the life of the party . this wedding and bachelor ##ette shit is about to be iconic . 	1
1171643900521525249	2307899772	[CLS] “ ill go back to the gym in the near distant future ” bree 	1
1171641764911943685	180255112	[CLS] but i don ’ t wanna go to the gym . . . 	2
1171639901122527232	24842264	[CLS] will she go to the gym in the mor ##n mor ##n 	1
1171632048315912192	15757699	[CLS] ni ##gga ##s go to church every month with pastor ##s and deacon ##s who commit un ##for ##gi ##vable sins kanye actually is a better option in comparison with a way better choir and band the real reason we go to church so hey [unk] 	1
1171631541287448576	1106664275462877184	[CLS] bitch ##ess ##ss like who take forever to get to the gym 	1
1171627378138681344	320400946	[CLS] so connor and whitney chat at the wedding . . . they get interrupted by ca ##ely ##nn . . . then connor dates ca ##ely ##nn . . . and ca ##ely ##nn dump ##s him for loser dean . . . it ’ s pretty much a given that ca ##ely ##nn ruins everything [unk] 	1
1171624938702139392	320400946	[CLS] if connor couldn ’ t stop thinking about whitney , why did he fall so hard for ca ##ely ##nn in fact , why didn ’ t he just pursue whitney at the boring ass wedding why are straight men so dumb [unk] 	2
1171621721419309056	238699958	[CLS] i took myself out on a date yesterday . 	0
1171621385505869825	2397357324	[CLS] i wanna go to the gym tomorrow but i don ’ t like going alone [unk] 	2
1171617183706693632	301903979	[CLS] the wedding [unk] 	1
1171612429710577664	253781120	[CLS] me remembering i have to go to the gym . . . 	2
1171605925997629440	441335537	[CLS] he ’ s back to the gym 	1
1171605235590025216	332500831	[CLS] back to the gym after 2 days rest . hung ##over like a m ##f 	1
1171604364353359872	337473656	[CLS] after doing 18 hr ##s yesterday being sick i still managed to go hiking go to the gym right after . i ’ m getting the body i want . 	2
1171596693357264897	259558049	[CLS] is it weird to go to the movies alone 	2
1171594258454695936	514534706	[CLS] it ’ s so cute how my dad is helping me find a wedding venue [unk] 	1
1171592115983241216	25382090	[CLS] om ##w to the gym for our first game in this lawyers league . it s been a min since i last played in a actual league 	2
1171590605597638656	1240225135	[CLS] i ’ m watching 90 day fiance , and these people are getting worked up about planning a wedding in 90 days l ##ma ##o i planned mine in a week 	1
1171583918300000256	1967699275	[CLS] the indo ##ct ##rina ##tion of this 16 year old is child abuse . she should be going to the movies and having fun with her girlfriends . her parents have allowed her to be a puppet for this radical climate change hoax . shame on them 	1
1171582426075652097	549003956	[CLS] wish i had someone to take to the movies [unk] 	2
1171580783154229248	3254921756	[CLS] me i want to be in a relationship . also me i like to be left alone . i prefer going to the movies by myself . sleeping alone is the best feeling in the world . keeps phone on do not des ##tur ##b for multiple days in a row 	2
1171580666846121984	721361960638353408	[CLS] can someone come to the gym with me i ’ m begging 	2
1171579580735344640	23700251	[CLS] you just took a dna test and you ’ re 100 late to the party 	0
1172297344437501952	765310627	[CLS] since you want a big wedding and all your tia ##s are basically paying everything i might as well go all out on my dress . . . here ’ s and idea [unk] 	0
1172292452654256130	808421724358262784	[CLS] happy wedding anniversary to my queen isabel 10 27 our journey has been amazing these last 11 years of marriage have been the best of my life . you are a great wife and mother . may god … 	0
1172280535856472064	1255110054	[CLS] i want to go to a party i ’ m done being anti ##so ##cial 	2
1172270708107436038	2786149299	[CLS] i was taking a young lady to the movies once and she was like how have you seen so many movie trailers girl twitter 	1
1172268460178624512	261167193	[CLS] we i ##gb ##os know how to hold down a man . . . see david ##o finally proposing to chi ##oma . . . the only one even with all the baby mama ##s . . . wow [unk] happy for them . . . the wedding go mad gan 	1
1172259139105546240	732278598	[CLS] probably the only time the d ##pe coordination team got a chance to stop our 3 ladies rocked so hard which is why stephanie travis relaxed experienced their dream wedding coordination , planning , dj , em ##ce ##e , … 	2
1172257674311929872	2321641388	[CLS] i would die to go on a date like this [unk] 	1
1172252715184984064	2429384682	[CLS] i ’ m looking for money saving wedding ideas 	1
1172244003959508996	3086339641	[CLS] soft transitional bal ##ya ##ge for her wedding • • • … 	1
1172235258185433088	1711642592	[CLS] been hell ##a stressed this last week w impending deadline ##s my sisters wedding next week hanging an intensely huge exhibition at the gallery so of ##c i ve been talking to myself nonstop and getting caught doing it 	2
1172230843093245952	378287132	[CLS] just th ##rift ##ed a super cute dress so who ’ s gonna ask me out on a date and take it off after [unk] 	1
1172229262386053122	42129493	[CLS] planned this wedding for my baby [unk] link to the full feature in my bio [unk] sarah ##no ##el ##ph ##oto pasadena , california 	0
1172228377668812800	16431031	[CLS] in honor of wedding week , we ’ re throwing it back to the best team to ever play the game [unk] i ##yk ##yk 	0
1172227312516861952	317219874	[CLS] does anybody have any tips on going to the gym by yourself i used to be such a gym rat for like almost 2 full years but it was only bc i had a buddy now i ’ m trying to get back in there . . . by myself lo ##l a trainer who would set appointment times to make sure i ’ d show up 	2
1172224560336232448	2374883174	[CLS] taking my ass to the gym 	2
1172223254024425474	152779168	[CLS] i m late to the party but i just finished s ##1 of and i would gladly argue this is the best show about family and our right to find create the family that will love and nur ##ture us best on tv . bravo and ku ##dos to the as ##tou ##nding cast and crew i am in awe of you all [unk] 	1
1172221198098292736	962436690986938368	[CLS] need for my wedding 	1
1172220104643371009	183797627	[CLS] throw ##back to rocking to her brothers wedding los angeles , california 	0
1172219452697395201	338107107	[CLS] i just had a dream i was 3 hours late to my own wedding because i woke up so late and my hair wasn ’ t even done l ##ma ##o that sounds about right 	2
1172215798317772800	2835707324	[CLS] my cousin s wedding was last weekend and hanging out with my sister julia and my parents brought me so much joy , love , and laughter , reminding me just how deeply i am loved . my favorite moment christy to julia i can def ##inate ##ly drink more than you . . . famous last words 	1
1172212697850494978	19417134	[CLS] so jealous . went to boston for that series and going to sf in a couple of weeks . but nyc would ##a been cool . too bad i have a wedding to attend . enjoy 	2
1172211424916934656	822014038662004737	[CLS] every ##time i drink a bottle of wine in the evening . i don ’ t make it to the gym the next morning [unk] i need to stop this toxic behavior . [unk] 	2
1172210148292431872	2205777104	[CLS] been going to the gym 7 days straight in the row and i ’ ve never felt so good [unk] 	1
1172202253588955136	442417330	[CLS] i ’ ve been sitting here “ getting ready ” to go to the gym for an hour why am i like this 	1
1172196242178240512	794957248493539329	[CLS] you ’ ve just peaked my interest in the history of wedding rings going on wikipedia rn 	0
1172171275151626247	740230904505765888	[CLS] update we got drinks instead of went to church 	1
1172163370423685120	15757699	[CLS] you could be running a community center for young black girls and staff ##ing mostly black women but if you show up to a party with a pale jaw ##n you aren ’ t supporting black people and ur culture . all i think is u have fallen into the outdated patriarch ##al marriage power trap 	1
1172162872471769088	383331639	[CLS] my third wedding 	0
1172158663135395840	471126591	[CLS] baby welcome to the party 	1
1172157399790247937	20440396	[CLS] my mom and dad are a few years shy of their 50th wedding anniversary . i m just gonna leave this right here . 	1
1172149656471523328	1534641726	[CLS] sometimes , all you need is light from a window . perfect lighting on lovely bride dl ##ee ##ec ##ious wedding management vivian . int ##he ##cl ##oud ##se ##vent ##s ##ven ##ue double ##tree ##dt ##la ##ph ##oto and video … 	0
1172065888373100544	967821600	[CLS] planning a wedding is so stress ##ful but i ’ m excited [unk] 	1
1172060212540239873	1656955291	[CLS] wow . . . if i see any of you on your phone at my wedding 	0
1172055791764983808	57269979	[CLS] dc , its time to reprint these core missing superman stories kris ##is of the k ##rim ##son k ##ry ##pton ##ite time and time again ##bi ##zar ##ro world fall of metropolis superman red blue ##dom ##inus origin of the era ##dic ##ator k ##ry ##pton man ##wed ##ding album 	1
1172040965785174016	899143815835009024	[CLS] bitch ##es go to the gym once every 3 weeks to post ‘ grind don ’ t stop ’ it ’ s me , i ’ m bitch ##es 	1
1172034997777092609	170709388	[CLS] heading to the gym [unk] 	0
1172033616441835520	708128536314286080	[CLS] someone tell me i ’ m getting fat so i can go to the gym again 	1
1172032437934706689	834275252863504384	[CLS] going to the gym cause you ’ re stuck on a h ##w problem and get back home still stuck on the same problem [unk] 	2
1172798076282535936	1683685566	[CLS] glad you made it to the party da ##wg [unk] 	0
1172022049356820484	703689067	[CLS] ne ##ras … 	1
1172020179477262336	1010195792034975747	[CLS] that was the first time i feel good about going to the gym , we ’ re making progress ladies 	0
1172017431520264192	178962368	[CLS] didn ’ t go to the gym . ended up at the 99 and starbucks . now i feel like shit . that ’ s what i get 	2
1172015806818865152	928050091759255552	[CLS] hi yes , im looking for friends that want to go to the gym every ##night . but also who are down to get a lil trash ##ed on weekends . or you know just friends [unk] 	1
1172012763222142976	153813550	[CLS] fuck i ’ m down as ##f for heading to the gym rn , but try ##na get this tu ##mmy flat boot ##y fat ha ##ha 	2
1172009315760103424	788594540	[CLS] going to the gym a bit tips ##y is kinda fun cause it really tests you [unk] 	0
1172006695112806400	3025938256	[CLS] iv ##e always wanted to go on a date to halloween horror nights but i gotta really like you cause im not standing in 3 hour lines for just anyone [unk] 	2
1172005262619594752	44524307	[CLS] and then there ’ s this , because what 	0
1171998481222782977	410348232	[CLS] i guess we going to the movies 	1
1171998445441126408	1505069390	[CLS] if i don ’ t know you and you walk up to my window at a stop light and ask me if i ’ m try ##na go to a party . what you think my answer gonna be lo ##l 	1
1171995082871885824	69184949	[CLS] got to the gym basketball court , these fools was ready to run said they needed one . i was like na ##w i just walked in i gotta stretch first . i fell to the [unk] pressure and cut my warm up short cause literally i made 10 . sm ##h won game one , 5 ##mins into game 2 i bang knees . . . . 	2
1171987877338595328	33269495	[CLS] la boy wouldn ##t throw rice at a chinese wedding . . . talking bout killing somebody [unk] 	1
1171986153563537408	603006412	[CLS] to the tune of white wedding its a nice day for a clown wedding 	0
1171978364866813952	26956956	[CLS] ok . . . if i sp ##lu ##rge on my wedding diet for one chicken sandwich , which one should it be 	1
1171977922871037952	2646997099	[CLS] this is how i entered my 15 and this is how i will enter my wedding [unk] banda is a must 	1
1171968236360880128	1278558193	[CLS] finally went to the gym [unk] 	0
1171967892897722369	4051112965	[CLS] i wanna get all dressed up go out on a date [unk] 	2
1171961482084380672	2413342250	[CLS] i haven ’ t been to the gym in a month . . . i thought i ’ d start once school started , i was wrong 	2
1171958058248888322	2868569173	[CLS] i took a nap when i got home instead of going to the gym or doing homework . . . . 	2
1171956968996524034	892987304150618113	[CLS] can ’ t tell if i ’ m sore from going to the gym or from when i went to the club and was dancing with that one guy [unk] 	1
1171955119161692160	802869901	[CLS] i just got the letter invite to lindsay and rob ’ s wedding in november and i ’ m so [unk] 	1
1171952544618143744	458088998	[CLS] first night of official wedding week events . 	1
1171950660830449664	99071442	[CLS] this has to be one of the most girl ##iest things i ’ ve said in a while i ’ m going to the gym i hope i don ’ t break a nail . [unk] 	1
1171947446244528128	455361880	[CLS] the fact my guy friend is always busy , at work , tending to kids , going to the gym , or just taking care of life things period . makes me like him so much more 	2
1171944789110976512	2934895761	[CLS] no offense but why does wedding planning make people go fucking nuts 	2
1171936520418164736	37262552	[CLS] is it too late to re do my wedding 	2
1173018269307101185	18298794	[CLS] never go to the movies , but apparently will for j ##lo amc theater in universal city , ca 	2
1173014793965293569	1097418346549542912	[CLS] my aunt ’ s wedding is in 2 weeks and i still don ’ t have my dress 	2
1173006644474597377	3363635473	[CLS] one day when i find someone worthy enough for my love i want to get wine drunk at my wedding and have a photo booth and just play ka ##cey mu ##sg ##rave and tame imp ##ala all night lo ##l 	1
1173006271143788544	1222566223	[CLS] go to church 	1
1172997004344979456	765738321951625216	[CLS] my cousins wedding was literally the best planned out wedding i ’ ve ever been too from the old school lap ##d car to the lap ##d helicopters flying after church . i loved it 	1
1172996724924665856	585391355	[CLS] was at a wedding yesterday . about a 40 minute delay to start the thing but after that only a 10 min ceremony which is really how they should be . 	2
1172991029537980417	61082668	[CLS] it ’ s 100 degrees 	1
1172985524505567232	1058457279941332992	[CLS] he appears to be on a date and is flirting with her . i hate her . 	2
1172981471167959040	28279147	[CLS] sometimes i take a day off work to take my lady on a date . . . to see a metal band i like . phantom carriage brewery 	0
1172974372618850306	1686438727	[CLS] so if you ever tour or come to la bring dogs i would be super happy to walk them and play with them while on a date with you 	0
1172971412740427776	376540316	[CLS] today is a lovely day for a wedding 	1
1172969482370703360	474614818	[CLS] did i really just walk to the gym only to find out it s closed 24 hr we ##ho , you have some sp ##lain ##in to do . 	1
1172968743464341504	156682122	[CLS] going to the gym today for like the first time in a year , what ’ s a simple plan to get back into the groove 	0
1172967010789146624	331928378	[CLS] wedding celebration [unk] [unk] dj ##jack ##ent lu ##do ##vi ballroom lu ##do ##vi ballroom glendale , ca 	1
1172965372556742658	42727438	[CLS] almost messed up big time and went to a party that had an acoustic guitar jam around a bonfire last night . . . close call 	1
1172965105681616896	60526798	[CLS] working for my aunt today . doing flower at ch ##ru ##ch wedding in nor ##walk and transfer it at 	1
1172959155591626752	910912676389314560	[CLS] thank you so much we had an amazing time creating these [unk] [unk] [unk] at your wedding [unk] [unk] [unk] ’ s [unk] [unk] 323 86 ##3 550 ##7 or info 	0
1172955010021253120	2509109671	[CLS] i really need to go to the gym today . 	2
1172937774141329409	887112112362983424	[CLS] i can tell i ’ m getting older . i only go to mat ##ine ##e shows now when i go to the movies lo ##l 	1
1172930990429196289	250951252	[CLS] weddings are always so fucking wild . . . being apart of the wedding party is another level of wild see you monday 	0
1172926060209430528	73707412	[CLS] om ##g i love the idea of a br ##un ##ch or party where pp ##l get to wear their wedding gown ##s or tu ##xed ##os bc we don ’ t get to wear them more than once or enough . hell yes 	1
1172925806722420736	26693789	[CLS] happy anniversary can ’ t wait to get my invitation to your 25th wedding anniversary party . 	0
1172925552577015808	381266672	[CLS] i swear i come to the gym at the worst times [unk] 	2
1172925409383477248	319429486	[CLS] watching jim and pam ’ s wedding for the billion ##th time [unk] it makes me excited for my own . 	0
1172923982548324353	115566810	[CLS] currently the reason why i ’ m going to the gym this morning l ##m ##fa ##o that body is [unk] 	0
1172923200272916480	468053563	[CLS] happy saturday let ’ s the weekend wedding fun begin [unk] 	0
1172920058135236609	36066608	[CLS] it helped created better look a likes , it helped people in la ny go to the movies a lot , it became hip , it become high with success then it die trying to be back to basics as die seeing what it created . now sleep sweet prince . 	1
1172916040465936384	17904888	[CLS] remember when you could go to the movies and have no idea what the movie was about it was friday night and that s a movie night and then you saw something that took you completely by happy surprise . that was fun . 	1
1172915465976307713	41007791	[CLS] big day today . it ’ s my brother ’ s birthday , and , i am off ##icia ##ting the wedding of two of my closest friends . let ’ s goo ##oo ##o 	0
1172909221223911425	2444098674	[CLS] going to the gym puts me on this weird high and i lo ##oo ##oo ##ove ##ee ##e it 	0
1172889913328619520	1203235046	[CLS] here s looking at you , 42 reflecting upon the year i ve had many physical set ##backs but this has given me time and purpose to reflect on my goals and who i am . achievements found my way back to church and was … 	2
1172888211078516736	59690244	[CLS] gotta find me a fit for this wedding today 	1
1172886072159870977	2467231633	[CLS] i showed up to the gym at 5 45 this morning i didn ’ t realize my head phones were dead [unk] good thing i always carry an extra pair . 	2
1172878880408924160	52660898	[CLS] bk ##t para ##ng wedding feels [unk] p ##wer ##a us ##og [unk] 	0
1172850868154032128	4258142052	[CLS] she goes to church twice a week but she still wants a demon [unk] 	2
1172831583528554497	932516966073376769	[CLS] i gotta be up for work at 6 ##am . i got a full shift f ##oll ##lowe ##d by a late appearance to a wedding for one of my partners at work . that ends at 12 ##am and if anyone knows me knows my night will not be ending then 	2
1172825687196983297	2531342641	[CLS] can we go on a date 	0
1173329755858296832	1083489607260418049	[CLS] welcome back [unk] and wedding was amazing . the venetian hour was the do ##pes ##t dessert hour ever ##s . what a beautiful family . 	0
1172780353687179265	51371728	[CLS] i literally need to go to the gym rn 	2
1172770481134399488	2282909137	[CLS] happy wedding day 	0
1172765412485816325	25462379	[CLS] let ’ s have a party there ’ s a full moon in the sky [unk] happy 3 year anniversary baby . i love you so fucking much [unk] 	0
1172763553624776705	1064704120852905984	[CLS] haven ’ t been to a concert in two months how ghetto 	1
1172761711725572097	211692404	[CLS] the fit and hair style i ’ m wearing for my cousins wedding shows both my tattoos and my new piercing so sorry grandma 	2
1172755034586546176	130398965	[CLS] p . s i ’ m so fuck ##en proud of you i know i ’ m late to the party but cong ##rat ##s on getting order cook 	1
1172752715430027264	2516876754	[CLS] l ##ma ##oo ##o girl that ’ s a long time away you know i ’ m about to have a [unk] 	0
1172748042598043649	479731580	[CLS] happy from my haunted bride and i . we ’ re dying with excitement about our she ’ s in it for the money , i ’ m in it for the dec ##ap ##itation . win , win . [unk] … 	1
1172743085564055552	27922242	[CLS] . . . i am me . today is the anniversary of my parents ’ wedding . thank you for being models of love , commitment , partnership , team ##work . thank you for showing me the way . [unk] … 	0
1172739646213611521	1078708990521925632	[CLS] when we going to the gym bitch ##hh 	0
1172738897895284737	41082697	[CLS] fl ##aking on a date for football highlights . baha ##ha ##ha ##ha 	0
1172738243760017408	330653023	[CLS] program it ’ s a wedding not a funeral 	1
1172734665402146816	512449907	[CLS] work until 4a ##m and got a my aunt ##s wedding tomorrow 	2
1172732530241331200	729661136	[CLS] best believe im ##ma wake my fat ass up to go to the gym 5 ##am tomorrow 	1
1172729507272282113	47013344	[CLS] it ’ s actually weird for me going to the movies at night , cu ##z i always go during the day . but here i am 	1
1172728611851292672	401130672	[CLS] went to the gym and also came downtown to grab a smooth ##ie and see my friend and now i ’ m on the way home and so tempted to get into bed without shower ##ing . 	1
1172726968543891456	4426244359	[CLS] my mom is on a date [unk] i ’ m so happy for her 	0
1172724507779317760	2730735153	[CLS] never tired of watching wedding crash ##ers lo ##l 	1
1172723767379812352	3284049696	[CLS] saturday no public stops we are catering employee appreciation , wedding receptions , production and corporate events we can cater you delicious brazilian cuisine with vegetarian and g ##lu ##ten free options affordable and reliable 	0
1172723742738247688	1000435521309429760	[CLS] i ’ m scared to go back to the gym [unk] 	2
1172720181178552321	2459027088	[CLS] can ’ t wait to get back to the gym [unk] 	0
1172715998497034240	15757699	[CLS] if nobody personally hits me up to go to the party tonight i can technically stay inside [unk] 	1
1172712507749756928	2282909137	[CLS] the whole gang is here wedding day is just one day away 	2
1172711179828879361	22532208	[CLS] going to a party called ev ##ita tonight that has nothing do with eva per ##on allegedly . . . . strange . . . . . 	1
1172707273489047553	2736610566	[CLS] going on a date after so long felt nice no cap 	2
1172701722822623232	48714422	[CLS] me i ’ m gonna go to the gym when the sun goes down so i don ’ t have to be there with all the party bros ##net ##fl ##ix s ##6 of the 100 now available ##my self control 	2
1172700074565980161	60491745	[CLS] thank you for celebrating our wedding anniversary with us . 	0
1172699255540051974	907278196894134272	[CLS] i need someone to go to a concert with me [unk] 	2
1172693336601186304	847527486552276992	[CLS] but ireland makes a killer red . i think he s on a date 	1
1172692124803846144	403776502	[CLS] just listening to the stranger things intro on repeat on my way to the gym . that ’ s it 	0
1172691301239640064	240546404	[CLS] that one friend who invites you to the gym then bar hop after 	0
1172690594553942016	3034112030	[CLS] anthony took his nana to a concert and it ’ s the cute ##st thing ever [unk] 	0
1172688554662801408	180543746	[CLS] at the academy tonight . special 25th anniversary of muriel ’ s wedding with toni col ##lette ##off ##icia ##l going to be here too academy of motion picture arts and sciences 	0
1172684961389797376	821976391	[CLS] go also happy wedding weekend [unk] 	0
1172682663850676225	400420203	[CLS] but why does the el ##ote man pass by right before i have to go to the gym [unk] 	2
1172679885598314496	2467231633	[CLS] i was going to go to the gym after my class , but nah . i deserve some in n out . i need to study and get half my work done . i ’ ll be at the gym tomorrow morning [unk] 	2
1172678585418543106	26599365	[CLS] once in awhile , i dress like an adult . cong ##rat ##s ten ##ny ##son ##est ##ead los angeles , california 	0
1172676688150351872	30736157	[CLS] but also , i ’ m in a de ##pressive episode so i know i need to get out of the house . i just have zero energy ye ##a i ’ m not going to the movies . self care or whatever . 	1
1172675720729858048	30736157	[CLS] so i ’ m supposed to be going to the movies at 7 to see angel has fallen but i really just want to sit on my couch and do nothing 	2
1172674916291760130	552932846	[CLS] my lady is going to be looking fu ##eg ##s next weekend for the wedding 	1
1172673644004143104	1049090364542345216	[CLS] dancing at a wedding w ya bf ##fs . . . . . . crack 	1
1172673569932771329	48884463	[CLS] wedding singer ##bi ##g daddy ##ha ##ppy gilmore ##wo ##rst anything in the 2010s lo ##l 	0
1172672375093178373	80689837	[CLS] these two beautiful people [unk] so excited to shoot their wedding tomorrow los angeles county arboretum botanic garden 	0
1172671722643869697	18974412	[CLS] glad for you contribution of music to the world never saw him in concert , but did belt out two songs at a friends wedding where he was a guest . 	1
1172661861688336384	1120523476102553600	[CLS] views [unk] happy friday weekend begins n ow . . . 	1
1173384116550561792	736301784	[CLS] gonna be watching from my phone while in tennessee next sunday for jason martin ’ s wedding 	1
1173376542946160640	734518512367063040	[CLS] hadn ’ t been to church in a long time . went back today and god blessed me . lord knows i don ’ t deserve it . yet i walked away with 3 bags of donated school supplies . i was just thinking about not being able to provide for my third graders [unk] god [unk] [unk] 	1
1173375622900371456	991127110520537088	[CLS] so that ##s why there was so much traffic when i was trying to go to church today . congratulations , always good to celebrate with the team . 	1
1173374727861276673	145872597	[CLS] congratulations to and for saying “ i do ” [unk] it was a gorgeous wedding red ##ond ##o beach , california 	0
1173373606232936448	25432127	[CLS] i talked to ab ##bi jacobs ##on about “ my best friend ’ s wedding ” so yep good day 	0
1173373420240683008	2885717696	[CLS] okay so now they said we ’ re gonna go to church to release the devil from my tattoos 	1
1173369145242505216	2346570050	[CLS] all we did today was go to the movies and i ’ m tier ##dt what in the world [unk] 	1
1173361954980646912	867612087995875329	[CLS] my dumb ##ass really went to the gym with one air ##pod [unk] 	1
1173355169414668288	2880111116	[CLS] a loyalist to a party 	0
1173354465488859136	728914363118018560	[CLS] lover is gonna be my wedding song 	0
1173353468817338368	1058840365652836352	[CLS] i ’ ve never been taken on a date like where i don ’ t know where we are going and they put in the time to plan it out and all that [unk] i always do it and low ##key wanna know what it feels like [unk] 	1
1173353220460048384	4913254392	[CLS] let me finish reading and doing my homework so i can go to the movies . 	1
1173352829097955328	29367857	[CLS] dumb donald . . why don ’ t you just tape your fingers together today , go to church and spend your time confess ##ing all your sins . stop the inc ##ons ##e ##quent ##ial t ##wee ##ts . . take a deep breath if you are able to rest your small hands and short fingers 	0
1173352382979301378	171852950	[CLS] 10 flavor cake tasting . . . ne ##ra cy ##ns edible ##s 	0
1173339532558618624	77887696	[CLS] i should probably go to the gym before hurricane mom comes home 	2
1173337799212204032	836477830636548096	[CLS] i was on a date and we were drunk and he picked grocery store su ##shi for the mu ##nch ##ies so you ’ re winning 	1
1173333217706795008	3037087034	[CLS] all da managers really coming for me work , i caught da manager on a date w a crew last night bitch u coming down w me [unk] 	1
1173331119531548672	59674474	[CLS] off to a wedding . “ stay class ##y not trash ##y ” vin ##a babe ##s v sing ##ca beverly hills , california 	2
1173035046522904578	27470873	[CLS] dj ##ing a really young chinese vietnamese wedding today in garden grove . . . question is . . . will someone come up and say “ oh you ’ re the dj at arena right ” [unk] 	0
1173328710948331522	2181533785	[CLS] successful day yesterday bart ##ending at karim and blair ’ s wedding [unk] [unk] nor ##walk , california 	1
1173318679934701569	732278598	[CLS] endless summer . . . endless love ##our couple got to enjoy their destination wedding at a location dear to their hearts full of great memories party ##ing with us on the beach . it was an honor to help create the biggest … 	0
1173309185225674752	2773945423	[CLS] this dress is giving us goddess [unk] stunning wedding gown by mill ##anov ##a [unk] double tap if you love [unk] los angeles , california 	0
1173306962844381185	4775662016	[CLS] if you ’ re reading this , you ’ ve been a part of the journey this past decade . whether i was there to lace up the co ##rse ##t on your wedding gown , help you find a jumper ##oo for your busy five month old , review your business plan , coach you through your demo reel , 2 4 	1
1173306338367066112	39425957	[CLS] 9 lbs down . slow , but steady . hopefully i can do 11 more lbs before the wedding [unk] 	1
1173302467099906048	402267222	[CLS] someone go with me to a concert next week . i have an extra ticket [unk] 	2
1173295928502939648	918397681159901186	[CLS] have you been to church 	1
1173295393221701633	104602193	[CLS] that wedding dance is gonna be special . [unk] 	1
1173290450528002049	166028190	[CLS] tb ##h , i went on a date last night and i took a small purse . before leaving i contemplated taking my hydro fl ##ask , but decided against it . but dead ##ass , i had anxiety about being de ##hy ##dra ##ted for like the first 20 minutes i was gone . 	2
1173290328838721536	1701014906	[CLS] dragged my ass to the gym on a sunday morning , who am i 	1
1173284855666229248	66474505	[CLS] lo ##l in addition i was there for a wedding it was a couple big b ##day parties too it was a lot 	1
1173278239466369025	1708731781	[CLS] my grand ##ki ##ds excited to get to church . come on down and join us here 9 30 ##am sunday service the … 	0
1173276005617717248	119193878	[CLS] kamal ##a harris the grand in ##qui ##sitor of california is crying about stolen money . this is laugh ##able considering she belongs to the party of greed and taxation , she has no conscience . 	2
1173275051245723649	2346231786	[CLS] my mom got to mexico with my dad yesterday and they already went to a party and now they ’ re eating breakfast all hung ##over . . . i ’ m going to cry i want to leave [unk] 	2
1173274906403856384	1105290467548180481	[CLS] im ##ma ask him to be my date to my cousins wedding [unk] 	1
1173271435738894341	1603134780	[CLS] go to church and count your blessings today never know when they can all disappear [unk] 	0
1173261226496811008	3643265413	[CLS] woke up thinking . . . she ##esh , i can ’ t wait to be married so the hub ##by can blow my back out then we go to church w o feeling guilty in the house of the lord . just my morning thoughts . happy sunday everyone [unk] 	0
1173259571151986689	6528592	[CLS] beautiful wedding in beautiful malibu hills with this beautiful lady . doesn ’ t get much better ci ##elo farms 	2
1173255624177717250	12485412	[CLS] saturday in the life of a soccer dad who also happen to off ##icia ##te a beautiful wedding . left for baker ##sfield for zoe ’ s club soccer . our forming team played against a ranked team in the nation . hello . on the … 	1
1173249885342011392	22861198	[CLS] why did the wedding feel like em ##o ni ##te 	2
1173243535174189056	224015405	[CLS] can someone up ##load the first half of the game i was at my buddy ’ s wedding 	1
1173243012232744961	255524952	[CLS] about last night . . . . . celebrating love with pa ##ella , li ##bation ##s and old friends . [unk] los angeles , california 	0
1173225669548838914	11776292	[CLS] my body is a temple so i never need to go to [unk] 	2
1173192814844248066	141086619	[CLS] i had no idea he was attracted to men is married all the details on his fest ##ive santa fe wedding via 	2
1173180261074231296	117260208	[CLS] ya ever wake up at 3a ##m and have the sudden urge to go to the gym and then realize that 24 ##hr fitness ain ##t even 24 ##hr ##s what am i even paying for 	2
1173177410482630656	765738321951625216	[CLS] believe me when i tell you . my wedding will be like this if not better . my cousins wedding was goals af 	1
1173165540799463424	402470823	[CLS] my sisters wedding is this coming saturday and anxiety is setting in because i am just now realizing that my parents have never seen me at a party [unk] they don ’ t know about the 	2
1173164744775102465	23385024	[CLS] went to a wedding today [unk] 	0
1173159751980466176	1417237124	[CLS] a girl yelled at me for stepping on her wedding dress yet she was walking through the dance floor at dt ##f . . . 	2
1173156415583571972	165502304	[CLS] what a fun wedding 	0
1173142556453949441	22861198	[CLS] favorite song from the wedding . . . . bid ##i bi ##bi bo ##m bo ##m from selena 	0
1173142425528938496	858652009	[CLS] a wedding in lal ##a land . cong ##rat ##s seth and ra ##dhi hollywood hills 	0
1173139364836102144	1707955832	[CLS] im sorry but is being drunk at a wedding not cool anymore asking for a friend 	1
1173139019175055360	15082121	[CLS] studios 60 	0
1173128969186492419	2845805516	[CLS] shout ##out to the women wearing a wedding dress at the cab ##o can ##tina in venice beach 	1
1173120812133388288	2292425382	[CLS] so i went on a date with this guy yesterday and he was judgment ##al i had to cut him off oh hell ##ll no 	2
1173117146702012416	3598845200	[CLS] we clean up pretty nice . for g ##vel ##az ##que ##z ##14 wedding . tommy ##hil ##fi ##ger knot ##t s berry farm hotel 	0
1173105285109436416	232123373	[CLS] shout out to my mexican ass friends , i actually know the words to these songs during a wedding 	1
1173103477293060097	166784965	[CLS] there is a smoke machine at this wedding and they are getting their money ’ s worth . 	0
1173100731278270464	155275532	[CLS] available to dj your wedding , birthday , or bar mit ##z ##vah . [unk] paper tiger bar 	0
1173100483503747072	725123230709633024	[CLS] my co worker really just told me “ karel ##y you need a boyfriend you seem so bored you need someone to take out to the movies and stuff ” i feel [unk] 	1
1173098983331418112	280296197	[CLS] well this is a first . never been at a wedding where a [unk] was used for a ga ##rter toss . i [unk] it … 	1
1173095931379499008	41300644	[CLS] found out we finally found a fourth roommate [unk] finally went back to the [unk] after 2 weeks got informed that there ##s another unit available in the same apt building we want requested to apply for that too ##o lt lt 	1
1173090776911212549	1869855859	[CLS] should ##ve told her i was going to the gym earlier [unk] 	1
1173090763082588160	61870574	[CLS] drunk at a bo ##ug ##ie ass wedding . life is great 	0
1173087156589383680	124080512	[CLS] i was at a wedding last summer and this dj kept train ##wr ##eck ##ing every transition . . . . . . nobody cared or noticed except me . it was ruining my night [unk] 	2
1173086308303945729	3245423694	[CLS] first wedding that i been in my twenties 	1
1173082702964092933	2244977341	[CLS] i ’ m try ##na go to a party this lit 	1
1173080337913565184	1139032367056637953	[CLS] went to a party but i was anti ##so ##cial 	2
1173078174873214976	43645932	[CLS] at a wedding eating caesar salad and daniel caesar is playing kay ##lee daniel caesar ##us . . . daniel caesar salad 	0
1173074401308205058	4020743112	[CLS] if you ’ re going to church tomorrow can you pl ##s pray for dick mountain to get better i want to see him pitch in the postseason [unk] 	0
1173071800487407616	116880399	[CLS] cong ##rat ##s to the lovely on her engagement to gabriel . we are so happy for you and can not wait for the wedding . love you tons … 	0
1173070900356235264	754778600679673856	[CLS] i bought a cute ass dress today for a wedding i can ##t wait to look like a bad bitch 	1
1173069183732477952	474614818	[CLS] when s the wedding lo ##l 	1
1173066912118583296	34991045	[CLS] soo ##oo i know what you re thinking but the answer is no i m not sitting here thinking , damn i should be here on a date with a lovely . . . l ##ma ##o . any ##w ##ho , it s a lovely evening on this rooftop on downtown la . now if … 	2
1173064269224505344	26569233	[CLS] i wouldn ’ t want to get married in a church anyway . i need an outdoor wedding either at the beach or in a yin ##ew ##ard or in the hills amongst black oak trees . 	2
1173058571099000834	37809127	[CLS] this wedding is so class ##y . i feel like we ’ re in 1960s america 	2
1173052270830903296	841429360418603008	[CLS] had a blast dee ##ja ##ying for today ’ s day wedding for mr . mrs . palo ##mare ##s [unk] [unk] on to the next … 	1
1173050067537649664	872186424610611201	[CLS] i ’ m showing too much skin here at this alcohol less conservative muslim wedding what ’ s new 	1
1173047828651769857	338252720	[CLS] i ’ ve got big ‘ cal ##i dream wedding ’ in mind soo ##oo ##o ye ##lp junior to put his money where his mouth is [unk] 	1
1173046872610525185	338252720	[CLS] will he pay for my wedding . my face is an empty canvas [unk] 	1
1173046642385272833	1138979911	[CLS] celebrating my brothers wedding one of us did it right . . . quiet cannon conference event center 	1
1173040635546177536	1005846119127998465	[CLS] the jones wedding 	0
1173026412246159360	2922868527	[CLS] i hate when a guy ask me on a date then asks me what i wanna do , like have some confidence tell me where we going plan it out or get out my face . and don ##t expect for a fancy dinner and a movie to impress me . be different and creative [unk] 	2
1173032141648580608	20750645	[CLS] lauren and evan ’ s wedding day about to get started at in 	0
1173031581872619523	58275124	[CLS] i forgot my wedding ring at home [unk] u ##gh ##h 	2
1173031177818497025	25237298	[CLS] happy 5 year wedding anniversary to my love . now let ’ s continue to eat our way through disneyland . 	0
1173029200296435712	26873445	[CLS] invite me to your wedding 	0
1173026763133214720	15104179	[CLS] waiting with nunez ##vio ##0 ##5 in the cool church after the wedding . our savior s first lutheran youth group 	1
