1280637476957126658	217490804	[CLS] the twins came to school today . splash stormy . [unk] 	1
1280289471057891328	41960210	[CLS] when i first saw 0 day fiance , i was watching it on tv and had no clue what i was watching . i just got to the episode that i was watching that day , and context really matters . i was mad that sin ##jin was trip ##ping about tan ##ia going out , because i thought he was just being a brat . 	2
1280277586107461632	3864687866	[CLS] you stupid ##ly graffiti ##ed your own useless wall . you ’ re ignorant to the fact the wall will hold people back wow are you stupid in a huge way it ’ s not going to work there are hundreds of tunnels so you just blew billions of taxpayers and military dollars 	1
1280274768009154560	1029809842007855104	[CLS] this girl behind that fake account is soo ##oo ignorant . like wow , i really went to school with people who have 0 brain cells . 	2
1280273752085762048	1247643915605258241	[CLS] alexa h ##ype ##d me up into going to work [unk] 	2
1280272641400557568	1021762106356453379	[CLS] ours says however we start will be how we finish . so they were proposing 0 days in school and 0 days online , one day teacher prep . my sons middle school has 0 kids 0 0 is still a lot on campus . not sure it ’ s going to work . 	2
1280272161630912512	22780275	[CLS] they do not give a fuck about your kids . they want y ’ all to go to work and risk your life . this is criminal and they all need to be removed from office 	2
1280267692809678848	839714057783496704	[CLS] my 0 month stay in la became 0 . and with med school transition ##ing to online yo girl got a job . excited to start tomorrow at an urgent care clinic soo ##o happy to help co ##vid patients and have an income again while going to school . 	1
1280264905623367681	243016773	[CLS] power decides to go out on the hottest days . [unk] 	1
1280259903655837696	185532820	[CLS] the best part about going out was getting ready w my girls ##ss ##ss ##ss 	1
1280258500677885952	3322628384	[CLS] all this fake laughing throughout the day be making me tired . i ’ m not going to work the rest of this week 	2
1280257936300752896	1260981872	[CLS] i can ’ t even go out n get food bc of my stupid car 	2
1280256303785406465	2304185965	[CLS] like nails or going out to eat and things . 	1
1280252317590142976	1021762106356453379	[CLS] i ’ m so sorry . [unk] i wear one every time i go out . 	2
1280246897421062144	222189121	[CLS] not with an active virus ramp ##aging through our country you freak where s the vaccine you would have millions of our youth go back to school during a pan ##de ##mic 	1
1280242644807905280	822778435	[CLS] why did the lights just go out at the hospital i ’ m at . who did br ##uj ##eria on me [unk] 	2
1280240926166679552	257299032	[CLS] l ##ma ##o it ’ s because you don ’ t go out thank you [unk] 	0
1280235023489134592	494452321	[CLS] watch all the trump sl ##uppe ##rs go out of their way to defend him ha ##ha that s not really what he meant you take things he says out of context it s the fake media 	1
1280234930203578370	494452321	[CLS] watch a the trump sl ##uppe ##rs go out of their way to defend him ha ##ha that s not really what he meant you take things he says out of context it s the fake media 	1
1280233348221169664	76406714	[CLS] while only going out with females . he ’ s straight . 	1
1280232315013095424	24146521	[CLS] i always see these posts on ins ##tagram of successful musicians ’ t ##wee ##ts before they “ made it ” t ##wee ##ting about how broke they were . i ’ m in like 0 ##k of debt and i didn ’ t even go to college . probably moving back in with my folks soon . i ’ m gonna be rich now . 	2
1280223751137660928	1268231214642552832	[CLS] my prayers go out to you and your family i know what it is to have a child shot two of my sons got shot before so my heart go out to you 	1
1280212822790516737	256479112	[CLS] matt ##ie you ’ re back but ye ##a you live far and you be going out all the time [unk] 	1
1280210135143477248	211966932	[CLS] yeah your sister needs some therapy . that sucks even more that everyone has to go out of their way not to upset her . i know how exhaust ##ing that can be . just be the che ##ar ##leader gi ##f when dealing with her lo ##l . 	2
1280208363532374016	39100425	[CLS] de ##bla ##sio was still telling people to go out and spend money in restaurants and to go to restaurants on march 0 . he has always been the worst . can t even believe he was elected not once but twice 	2
1280207155682062336	1727080993	[CLS] we are open today for to go beer sales from 0 ##pm to 0 ##pm . deliveries placed before 0 ##pm today will go out between 0 ##pm and 0 ##pm . brew ##yard beer company llc 	1
1280205482255237125	23374944	[CLS] i love a final season . it means the writers know to go out on a high . 	0
1280202441804279808	787652335	[CLS] and the power would go out for the block . 	1
1280199648985014272	588569974	[CLS] never go to work after a night out drinking . don ’ t remembered [unk] still don ’ t know how i managed to work all day yesterday . . . 	2
1280176335067869184	1979111	[CLS] awesome it ’ s okay if you run walk to get yourself up to a good distance go out for a total of 0 hours a week divided up between 0 0 runs and after a month you ’ re going to feel a difference then you add 0 minutes to each run for month so 0 . 0 or so hours a week 	1
1280173690504658947	742827452	[CLS] i hear it ’ s a thing with the older folks . they just can ’ t stand being at home for too long and do not see real danger in going out to run er ##rand ##s or do stuff . not even if there are people in their households who are susceptible 	1
1280160985051881472	198051085	[CLS] no morals bro . ni ##gga ##z will go out they way to show they don ’ t give a fuck 	2
1280148773730004993	389917468	[CLS] i don ’ t know what to tell you . they ’ re going to work on 0 more episodes . the creator wanted 0 to tell the story . he ’ s essentially getting that . in the industry that is not getting cancelled . 	2
1280143974288683008	1085274961017593856	[CLS] due to this pan ##de ##mic i will quit my job and try my best to help and teach my fourth grade ##r . i can ’ t work in peace knowing his education thru zoom is not helping . my son needs me more than ever . i can ’ t go to work and feel okay , i don ’ t make enough for the bs . 	2
1280132119147057154	1021762106356453379	[CLS] i don ’ t think these months off have damaged kids . special ed kid reg ##ressed the most . typical kids will be fine . but we do have to go back . it ’ s one thing to go out early a while , other thing to never meet your teacher in person . 	1
1280130695445307392	2830135130	[CLS] hollywood darling kat . mcnamara for katherine mcnamara talks dream roles , going to college , and falling in ##lov ##e with acting [unk] powerful combination of beauty , brains and kindness … 	0
1280106163510468608	711010683173744640	[CLS] i would be mad about her borrowing my stuff without asking but also . . . i see a future tri del ##t . she just had to rush tri delta when she goes to college . she ’ s already wearing our shirts [unk] 	2
1280072928651075590	2435600450	[CLS] moving forward i ’ m going to work on removing words that are harmful to certain groups of people . i ’ m gonna be mind ##ful about what i think about and post . i was wrong to use that language and i truly am sorry . 	2
1280071718459961345	439016986	[CLS] my friend gave the same speech when his crazy sister went off to college . 	1
1280032230652313601	137406315	[CLS] i used to love on bad girls club when they would secretly get ready and go out and leave the girl s they didn ##t like at [unk] 	2
1280030741405986816	30110808	[CLS] honestly shocked at how many people i see celebrating our “ independence day ” and going out to celebrate with friends while not being responsible . y ’ all are trash and so is this country . also , fuck fireworks , they really aren ’ t shit . [unk] 	2
1280025716600397825	143781881	[CLS] we have polling . there is not a poll on earth that suggests anyone other than bid ##en or trump can win even a single electoral vote . i could go out and claim if i flap my arms fast enough i ll fly and no one can prove me wrong until i die but it s obviously false . 	2
1280018227884482566	853053908075266049	[CLS] i just want to go out with my best ##ies and have fun 	0
1280004663253721088	255103875	[CLS] then we ballot harvest . it ’ s legal here so rep ##ub ##s need to play their game and go out and harvest too . the right doesn ’ t like to get out and get the job done . 	1
1280002424569135104	43833055	[CLS] i can not say this enough . if you go out knowing how much more servers and bartender ##s have to do to ensure your health and safety and still have the au ##da ##city to not tip at least 0 . stay home 	1
1279996208937754625	436360498	[CLS] i wanna go to my office to play video games in peace [unk] 	2
1279994774708088832	250990629	[CLS] i am sorry to hear that your father is not well . my prayers go out to you and your family . 	2
1279990899552870401	3128883168	[CLS] bitch ##es go out and party every weekend and cry when they get co ##vid . the fuck you think was gonna happen dumb ##ass the tequila was gonna cancel out the co ##vid weed ##ing out the weak at this point l ##m ##fa ##o 	1
1279990635156496384	81976531	[CLS] right . numbers keep going up , yet more folks are going out . 	1
1279987573784342528	829345678153248769	[CLS] trying to shout kanye down with insults is not going to work . he should be ignored only then will he his shi ##z ##no buddy maybe realize the distraction isn t working . 	2
1279983445544845312	1196280890625626112	[CLS] don ’ t try to school me when we from the same hood . racist . 	1
1279964500930658304	18238409	[CLS] u ##gh how heart breaking . poor thing . for all you who are refusing to wear a mask you could be responsible for this happening to someone else . my heart and love go out to family . [unk] love . i m so sorry you had to experience this . 	2
1279959564377444352	548195021	[CLS] 0 . . . that is the number of days nick cord ##ero fought like hell against co ##vid . today he lost that battle . he was only 0 ##w ##hat is it going to take to get through some of your heads that going out to bars or the beach or to have a quick hook ##up isn ’ t important 	2
1279957289290489856	1196280890625626112	[CLS] my primary schooling was in an urban environment . 0 of my classmates a rich mel ##ani ##n or fellow minorities of other varieties . i am well familiar with systematic racism . i feel i ’ ve had more “ education ” in the matter than most of the gen z clown ##s trying to school me con ##t . . . 	2
1279948925470781440	3241719667	[CLS] so sad to hear of his passing , my prayers go out to his [unk] 	2
1279948482925608961	3864687866	[CLS] this will give closure to the family on now know where their child is but it won ’ t heal their broken hearts my prayers go out to vanessa gui ##llen and her family [unk] 	2
1279946860283584512	190147568	[CLS] i don ’ t have the luxury of charging from my apartment complex and most in are being used and or broken , this was a way to be able to charge up . . . now , i have to pay to go to work . . . 	2
1279940815012237312	20298428	[CLS] thank you and likewise . thank you also for going out of your way in the past to clarify that . you ’ re a goddamn role model . 	0
1279935270670876672	2932041475	[CLS] even when my depression peaks i go to work . when i don ’ t wanna be here i go to work . when people piss me off i go to work . i work even when i don ’ t like what i ’ m working on . i ’ ve been sad and crying in front of the mic . now i ’ m platinum grammy nominated 	2
1279934220945682434	2910322238	[CLS] i miss going out 	2
1280650866756694016	86891016	[CLS] i was notified that my son was registered in summer school but hasn ’ t been attending . there ‘ s a student named charm ##ander that ’ s been there everyday though . [unk] to school 	2
1280649489473105922	1241225647550160896	[CLS] as app ##re ##hen ##sive as i have been about going out , i also have a high desire to enjoy life . that is why it ’ s very important we visit places that are taking all the precautions necessary for us to feel safe . 	2
1280648863401951232	4918665884	[CLS] if you have kids in your home , you know that they bring home every cold and flu to the family . aa ##p did not address the spread of the disease to school staff or to the families at home . 	1
1280645348864786436	178124499	[CLS] it felt good to “ dress up ” and actually go out for dinner to celebrate my birthday last night . bring on 0 . [unk] … 	0
1281002796632829952	79858595	[CLS] had my boy going out sad [unk] 	2
1280637187894079489	346943527	[CLS] someone suggested i do a ke ##to diet to drop weight faster . i ’ m going out of town the 0 ##th 0 ##th of august really want to drop down a size or 0 or even 0 . any suggestions , tips , links , i ##g pages , pin ##ter ##est pages , you name it , would be so appreciated right now please help a sis ##ta ##h [unk] 	2
1280626255155560454	116615712	[CLS] we go out early in the morning to beat the heat . fun times . [unk] sky ##link ##s at long beach 	0
1280623902457135104	23041607	[CLS] only if it ’ s safe enough for kids and their parents to make it past back to school night of which i ’ m sure you ’ ve attended many , donald . 	1
1280619518620954624	1145070457785212929	[CLS] is barron going to enroll in school are ik ##an ##ka ’ s kids going to school until those kids return to school i wouldn ’ t trust the safety of returning to school . 	1
1280618302750879746	173683959	[CLS] fuck ice they mad they didn t go to college and ended up being trump s bitch or w ##tv im ##o 	2
1280616556062375936	3864687866	[CLS] you definitely need to school ignorant on the seriousness of hank is definitely doing his part to warn people of this deadly virus 	0
1280614983902957568	16991449	[CLS] i wasn ’ t listening to any of their recommendations and i am still hole ##d up at home until i feel its safe to go out . for the life of me , i don ’ t understand why some people refuse to wear masks while at public gatherings that ’ s suicidal 	2
1280613159707918336	3096002007	[CLS] my platform boots are just dustin ##g up in my closet . . i miss going out [unk] 	2
1280612041296764928	587714847	[CLS] arm box outs aren ’ t going to work on rob ##oco ##p haas 	2
1280610448937594882	27999951	[CLS] we should be able to sue the government for negligence for making us go to work and send our kids to school during a life threatening pan ##de ##mic . if you lose loved one or have health damages due to the pan ##de ##mic . 	1
1280609693056917504	2315702214	[CLS] being an ##emi ##c and having pneumonia is not the business . being trapped in my house is even worse , but i ’ m too vulnerable to be out and about , the times i do go out scares me because im at a higher risk to get co ##vid , and i see so many people not wearing a fucking mask 	2
1280603810759467008	69449792	[CLS] when we go out for our mi ##mos ##as they better be this [unk] 	0
1280599199441010690	17539233	[CLS] but back to school . time for the 0 ##th now . 	2
1280598413315174400	886727802480975872	[CLS] if you ’ re older than 0 you ’ ve cheated in games before . let ’ s not all pretend we didn ’ t do rose ##bu ##d to stop going to work in the sims . 	1
1280594514902540288	1388063802	[CLS] running er ##rand ##s used to be my stress relieve ##r on my days off . but now i be hell ##a annoyed to even go out [unk] 	2
1280592014514384896	104671559	[CLS] i used to go to school with this guy [unk] armando cruz i hope you rot in prison and you have not one second day of peace [unk] patricia ala ##tor ##re did not deserve to die . di ##os la ten ##ga en su gloria [unk] [unk] 	1
1280591691091636224	2563782006	[CLS] disgusting . that ’ s where i went to school . bt ##own is a progressive city surrounded by a klan hub . i had no idea how active the k ##kk still was in indy until we kept getting alert ##s that they had come to the city to pass out fl ##iers were warned about visiting the surrounding cities . 	2
1280589054967349253	1010901243886231552	[CLS] man i ’ m going out of town to eat stuff i haven ’ t had before lo ##l 	1
1280585842696716288	1179528162838859776	[CLS] these bitch ##es need to go back to school and take a class in science and civic ##s . 	2
1280585227128025088	721771825907109888	[CLS] i knew when ro ##gg ##in ’ s heroes came on it was almost time to sleep and go to school the next day [unk] 	1
1280584278024155136	18039285	[CLS] i listened to trump say that i was immediately disgusted . trump is the one who pol ##itic ##ized masks i would never send my kid to school right now or in september , not without a proven vaccine . 	2
1280583658848391169	392390076	[CLS] dear mr president , introduce auto shop , wood shop and drafting classes in our school system . a profession slowly disappearing . not all students want to go to college 	2
1280575357284872192	635043168	[CLS] you wanted to have your parties . you wanted to go out because the cabin fever was getting to you . our respective governments opening early because we followed “ long enough ” . the president not giving an absolute shit about us . if you thought it was bad , it ’ s about to get worse . 	1
1280573714384338950	50764215	[CLS] yes ##ss lets do it [unk] i ’ ll tx ##t you cause then friday i ’ m going out of town up north to visit my family 	0
1280567447418855425	1070932539848585216	[CLS] wow , you have really been taken to school on this one . . . you better go back to history class when they open up again . oh , and wear a mask dumb ##ass . 	1
1280566803991691264	44215824	[CLS] there are people complaining about being over qu ##aran ##tine when they go out everyday and hang ##out with their friends like nothing has happened . while i ’ m here mourning a loss , frustrated that this is still going on and ya ’ ll still won ’ t wear a mask 	1
1280566233553764353	491768240	[CLS] my snap memories got me missing going out to the bail ##es [unk] 	2
1280565470962171904	1140836275118718978	[CLS] is it really worth it going to college during this pan ##de ##mic 	1
1280563240531980288	1706101310	[CLS] so . . . maybe this is not going to be a popular opinion but i keep seeing these karen videos from people who are going out and acting like there isn t a pan ##de ##mic happening right now and for the most part no one in the video is wearing a mask or social di ##stan ##cing . 	1
1280559999194787841	15118889	[CLS] greatest frustration when it comes to outreach teams . they go out and offer services to homeless , but often may not be able to deliver the necessary services bc of this algorithm based system that calculate ##s who ’ s “ homeless enough ” rather than targeting those who want it . 	1
1280556385235804161	1727080993	[CLS] it seems like summer is finally showing up . time to stock up on brew ##yard beer the tap ##room is open for take ##out beers from 0 ##pm to 0 ##pm with deliveries going out between 0 ##pm and 0 ##pm if placed before 0 ##pm . brew ##yard … 	1
1280554595446644738	800111939934244865	[CLS] i have been good at staying home during co ##vid except taking small trips where i ’ ve completely isolated and i will continue to stay home and not go out maybe for the remainder of 0 . . . 	2
1280551300694814720	2303516490	[CLS] hey eric wake up this pan ##de ##mic is starting as ##ec ##ond round , so let ’ s ask a simple question are you , your brother and sister going to let your kids go to school when 0 ##k cases of co ##vid 0 are in ##fect ##ing the nation 	0
1280530917316890624	278271565	[CLS] i ’ m just spoiled i done had all this time off now i gotta just go to work [unk] 	2
1280526410273058816	999649197170176003	[CLS] ah the days when reporters actually had to leave their mom s basement and go to work and report news . not all are bad but too many are relying on others fake news twitter posts and fear mon ##ger ##ing to try to make themselves relevant . the sad thing is the sheep read and follow . 	2
1280519193683607552	1203233644761903104	[CLS] back to school conference school re ##open ##ing across africa sharing trans ##national experiences join the live conversation in less than an hour . 	2
1280513666539028481	31566133	[CLS] i ’ m doing my best to keep safe and protect the people around me by wearing a mask when i have to go out , and avoiding people as much as possible . 	2
1280422668760543234	3942282022	[CLS] one of my family members just told me they have the virus . and to not visit . my whole family ’ s has been working from home . and only going out by food every two weeks . please . wear . a . fucking . mask 	2
1280413298765123586	330169788	[CLS] go to school for that [unk] make more bread [unk] 	1
1280390216377757696	1046906136866279424	[CLS] everyone in america is living day to day on whether or not they can go to work , eat at a restaurant , go to church , bury a loved one . . . but oh my god how tragic that international students aren t given exactly what they signed up for at orientation 0 . 	2
1280387236677074944	104602193	[CLS] send your kids to school first . open your offices . rep ##ug ##nant ##kk ##kan ##s governance inc ##omp ##ete ##nce and h ##yp ##oc ##ris ##y again 	0
1280375582404960256	43487257	[CLS] black queens are truly a luxury more than most are not worthy of . . . imagine being a black man deliberately going out of your way to not marry a black [unk] like is you good cause that ain ’ t even [unk] 	2
1280374729434529792	884688193903140864	[CLS] schools are an after ##th ##ough ##t . . but with so many counties having increases in cases it ’ s not safe to open schools , even with protocols . getting kids back to school was not anyone ’ s priority , if it was , then wearing masks would not be a debate [unk] 	1
1280370975909965824	1354504573	[CLS] am i the only one that hates flash ##y ni ##gga ##s like no . i won ’ t go out with you because you have a nice car , money or expensive [unk] when they flex stacks on money but then complain when they get robbed , fake ho ##mies , or girls who are only in it for the money lo ##l 	1
1280368539690360832	31453057	[CLS] [unk] [unk] p . s . love a little more today . go out of your way to tell the people in your life how much they mean to you . life is flying by right before our eyes , let us always be wishing our love [unk] reach … 	0
1280362201061052418	45971459	[CLS] you are a mor ##on . i m not sending my kids to school for health reasons jack ##ass 	1
1280361899587014656	2897054120	[CLS] this sp ##ook ##ed me especially that i go out always with my daughter and plus i ’ m pre ##go thank god she okay [unk] 	0
1280360769306025985	526889991	[CLS] mom dad are going out for din din [unk] 	1
1280358051195744261	3864687866	[CLS] is trump getting orders from his puppet ##er to kill our children by sending them back to school to become infected with not happening until it ’ s safe 	2
1280352395025764352	1410778140	[CLS] trying to date online is rough bc some people are very “ let ’ s meet up ” to whatever context that may mean for them , and think you ’ re crazy for not wanting to go out during a pan ##de ##mic or during major social unrest 	1
1280350295608881152	2291943500	[CLS] got myself a samsung tablet and keyboard to mo ##tiv ##ate me to go back to school [unk] 	2
1280348351066550272	4197021854	[CLS] i have no clue but i think next time i m going out there 	2
1280344263251783680	2419560828	[CLS] i feel so old i go out i want to go home like [unk] 	2
1280326933264232449	1201952113221201921	[CLS] you can have a crush for a whole month and you go out one weekend . . meet someone new and completely act like your old crush never existed . . . dam ##mm streets 	1
1280326348196601856	1733240498	[CLS] how do you provide safely for kids to get to school on public transportation not everyone can have mom ##mie drop off . how does all that outside herd connect and protect families 	1
1280325934332039168	1733240498	[CLS] can you tell me how the heck are kids supposed to get to school who aren t rich enough for mom ##mie drop off all those commuter ##s and students together before arrival and getting home please explain . how is this safe 	1
1280323680250150912	315077942	[CLS] not looking for sympathy but understanding . i don ##t like going out the house looking nice out of fear for drawing unwanted sexual attention to myself . of course this could happen in a hood ##ie too but the facts are i feel more in danger looking attractive and i need a g ##lock . [unk] 	2
1280319421467115520	586032448	[CLS] you have to go out and get some sun 	0
1280317010765688832	394406070	[CLS] you may see i live in los angeles . i was born and raised in st . petersburg . my sister is a counselor in hillsborough . we have lived full lives but my four grandchildren go to school in pine ##llas county . i do have personal interests in florida . this is wrong , governor . fix this . 	1
1280297469180407814	2570023326	[CLS] orders go out tomorrow . you will receive tracking numbers tomorrow . done making clothes , you guys are crazy ##y ##y . . . . 	0
1280294389588176897	2242988198	[CLS] it ’ s truly a privilege to say this pan ##de ##mic was an “ inc ##on ##ven ##ience . ” people going out without masks thinking it ’ s cute . sm ##h . 	1
1280294267424915457	394406070	[CLS] maybe you should go to school and teach . under normal circumstances classrooms are pet ##ri dishes . you already treat florida s teachers like second class citizens . now you want the school staff and students to die for you . wake up 	1
1281004980242022401	52828468	[CLS] repeating some bullshit your dad probably told you isn ’ t going to work . 	1
1280884295121297409	123356769	[CLS] to be clear , they are not going out of business just like closing flagship locations and re st ##rate ##gizing . 	0
1280997859152654336	151236390	[CLS] that ’ s still me every day before i go to work 	2
1280997560413351936	485895586	[CLS] people get mad at people for going out and hanging out with their friends but it ’ s like what do you expect when we have the biggest dumb ##ass in the oval office . other countries are back to normal and of course they are they don ’ t have an inc ##omp ##ete ##nt person leading their country 	1
1280997034950975488	14120489	[CLS] where is your kid going to school 	2
1280996347064094720	59047876	[CLS] k 0 imp ##los ##ion update back to school “ no thanks ” say millions of new homes ##cho ##olin ##g parents . … 	1
1280995769114259456	77845008	[CLS] stay in school save money ya ll don t want to be my age going back to school 	2
1280994943582867456	1648814490	[CLS] i don ’ t wan ##a go to work 	2
1280994727324598272	1218261586688692224	[CLS] those of you with children and grandchildren gotta think this thru . should your child be forced back to school [unk] 	1
1280994079954726913	7121092	[CLS] at this rate there won ’ t be anywhere to go when we can all finally go out again . [unk] 	1
1280989298704039936	27999951	[CLS] anyone know if we can sue him personally if we get sick or worse because he s making us send our kids and go out even though we don t believe his lies that no one gets sick 	2
1280984138552496129	18623747	[CLS] you can t support sending kids back to school until you support fully funding schools . 	1
1280983924341010433	908541758849482762	[CLS] the longer trump is left in office the more damage he will do to our country . he now wants to murder our children by send ##ong back to school with out a va ##cine . trump and pen ##ce don ##t care about us or our children . 	1
1280983078022688768	2453775717	[CLS] bro ##oo i remember going to school and always getting in trouble for talking ab ##ku ##t the [unk] 	1
1280980078617260032	35527340	[CLS] i may be going out on a limb here , but i ’ m pretty sure shaggy finds a used condom in the movie sc ##oo ##b 	1
1280979471651106816	202192724	[CLS] for a supposedly pro life party and administration they sure don t give a shit about the health of children as they make every effort to force your children back to school this fall , in the middle of a global health pan ##de ##mic , in a country being ravaged by the virus . 	1
1280976893538230272	598501282	[CLS] please , please , please , don ’ t let trump distract us by this new “ back to school ” rubbish please keep the “ putin bounty ” news in forefront thank you 	0
1280975254039302145	2195206339	[CLS] people want their kids to go back to school . they care about their education . 0 of our school are in favor . 	1
1280974824735567872	24061160	[CLS] no most school budgets funded by state local taxes u , clue ##less dev ##os are the last 0 pp ##l on earth we listen to reg . our children returning to school guidelines are the bare minimum , not 	1
1280973385384620032	884688193903140864	[CLS] 0 , 0 positive cases today in la county . the po ##sit ##ivity rate is at almost 0 with schools closed . most of my students take public transportation to school . people ’ s behavior needs to change before it ’ s safe to open schools . . . id ##k why schools opening is even being discussed [unk] 	2
1280973302425477120	824144214741123073	[CLS] ya ##ll remember that people don ’ t care about you . they care about themselves don ’ t go out of your way to please others . 	1
1280972824375554048	1612067526	[CLS] mag ##a parent if co ##vid is safe enough for paul mana ##fort , it ’ s safe enough for you to go to school . kid mana ##fort was sent home . mag ##a parent just get in the fucking car 	1
1280972364205809664	1563915104	[CLS] this is coming from someone who can not vote im ##a say this one time and one time only . . . if you have the privilege to vote , fucking go out there and vote . every single vote counts so please do so . 	1
1280971426057515009	1472975246	[CLS] my boy tr ##omp ##a trip ##ping if he thinks i ’ m going back to school this year [unk] 	2
1280970611024490496	15987597	[CLS] how many more cold ##s do you get once your kids start going to school yes , they transmit disease . 	1
1280967844100886528	44465673	[CLS] i wonder if he ’ s sending baron back to school . 	1
1280964909967138818	1434770557	[CLS] don ##t curse at the people answering though , i hate these entitled asshole ##s who think cursing at us is going to work . 	2
1280954745566314496	1204451005502377984	[CLS] if you ’ re going to bitch at restaurant workers after not following din ##e in rules then you should not be going out to eat period 	1
1280954589689155585	868995296537092098	[CLS] i would ignore these stupid people and do what is right . i would never send my kids to school under these circumstances . 	2
1280953713822035968	3300923564	[CLS] yeah , compare our horrific numbers to theirs . if you had acted stronger and earlier , all our children might have been able to return to school . 	0
1280951976763613185	42048593	[CLS] i am old and have no school age children . i worry about my grandson ##s returning to school one in hs and one at a university , but my daughter who is a teacher with immunity issues is my biggest concern . 	2
1280951908773924864	323161737	[CLS] it s something parents do when making lunch for their kids to take to school . they also have a variant on the corn ##dog called the american dog hot so ##g on a stick , mustard , maybe a dipping sauce 	1
1280949489843335169	552541392	[CLS] if this isn ’ t the best thing to describe my dad id ##k what is . this what he looks like when going to work , but be dancing like this 	2
1280948233028595712	1909101961	[CLS] way too excited to go back to school from home this fall . 	2
1280946508381093889	1222730958773768192	[CLS] join the company with trash parents donnie boy . i never bothered with sat ##s , worked my way through college , lac ##c and ucla ba , pol ##i sci , 0 . parents helped . they both went to college and graduated with out any help , son ##the ##y new what it took . donnie never did , never does . 	1
1280942919487127553	2877677866	[CLS] i honestly don ’ t give a shit about going out anymore i just want to be able to go see all my friends and family been hanging out with my qu ##aran ##tine crew but i miss the rest and that ’ s all i want 	2
1280941103831756803	742489988634312704	[CLS] fine jewelry pieces that will never go out of style . . . . manhattan beach , california 	1
1280940014210125825	2892524594	[CLS] the whole point of online classes and few in person classes is to avoid a massive spread across school campuses . numbers in the us are already very high , sending kids back to school would only increase the numbers . seriously , just shut up . 	2
1280939915337850880	862003931706273793	[CLS] having kids go to school in shifts with half attending one day , and the other half the next is a reasonable compromise . 	1
1280936124202905600	89501249	[CLS] my kids won ’ t be going back to school in person . if my kids get the virus , and if my husband and i get sick with the virus , who is going to take care of our kids it doesn ’ t make sense to take that risk . 	2
1280933427424837632	32757582	[CLS] so a child bring the virus to school now they have infected the entire classroom . . . . . 	2
1280928081125928961	1215694815456681984	[CLS] imagine going out to eat n just ordering a que ##sa ##di ##lla [unk] 	1
1280926662352179200	14330512	[CLS] the “ president ” is threatening to pull funding from schools which are already under ##fu ##nded , as a way to force kids back to school in the fall . he also doesn ’ t want to make the safety requirements “ too hard ” . they cherry pick data . they are fine with putting everyone at risk . [unk] 	2
1280924434673487872	598501282	[CLS] you are just as ill ##iter ##ate , as your daddy . you should go back to school 	0
1280923988043030528	1046906136866279424	[CLS] no . that s not what i m saying . i m saying the karen me ##me is just one more reason along with co ##vid , the riots , increasing crime afraid to go out into retail stores and restaurants . 	1
1280918462575992832	2691159529	[CLS] well your an idiot . . . . . so there s also that . your judgement about whether kids go back to school is da ##ft , must be completely done by parents . 	1
1280917099527864320	141721456	[CLS] if you ’ re co ##vid positive you ’ re still going out . you are the problem . you ’ re an inc ##ons ##ider ##ate dumb ##ass period ##dd 	0
1280910926007304193	27999951	[CLS] are you sending your kids back to school its very simple who do you trust more this administration or cdc . trump clearly said were press ##uring are governors to open schools in the fall sound familiar he said we have to open the economy and here we are over 0 ##k dead . 	1
1280909852353560577	27999951	[CLS] problem number of infected is out of control . once kids go to school this is going to go up even more and yes as young people are dying so will more kids die too . its common sense they re being exposed more . you don t need a science degree to know that . 	1
1280908844776841216	794282586440749056	[CLS] i go out of my way to use google translate to send my dad long text messages and he always just puts “ ok ” or responds in english [unk] 	2
1280907638968999936	104602193	[CLS] are your kids , grand ##ki ##ds going to school now 	0
1280904078688542720	15748209	[CLS] united airlines could be about to make half of its 0 , 0 us employees redundant . lay ##off notices about to go out reporting . 	1
1280903909222072321	829345678153248769	[CLS] students staff will be in ##haling virus contaminated air during school day . here in lb ##c in poor neighborhoods , students go to school in tiny military style bunker buildings built in 0 s . they don t even have air conditioning . less money for police more for new schools . 	2
1280899753430024193	20864538	[CLS] security ’ s answer is to jam more people on with no di ##stan ##cing . i don ’ t want to catch co ##vid on the way up to my office 	2
1280899461426765824	1190798273197436928	[CLS] 0 0 return to school plant ##he board of education invites students , families , employees , and community members to join us for one of two virtual community town hall events on july 0 , to share your thoughts about gus ##d ’ s august 0 return to school plan . 	1
1280898735036399616	1190798273197436928	[CLS] 0 0 return to school plant ##he board of education invites students , families , employees , and community members to join us for one of two virtual community town hall events on wednesday , july 0 , to share your … 	1
1280898336241799168	609599773	[CLS] i . . . i didn ’ t make any point at all , i ’ m literally asking a question . i ’ m say ##in i did forget what reason if any they had for going out of their way to kill each other . ya i know what happens when they kill each other but like why did they think they had to “ one ” or else what 	1
1280897643955118080	14456685	[CLS] seriously i went to college there and could never figure that out . 	2
1280896601720946688	25958951	[CLS] my district told us that they expect teachers to take their own temperatures each morning before they come to school . there ’ s no mention of giving us the ##rm ##ometer ##s , much less being able to trust colleagues , some of whom are not the most trust ##worthy when it comes to safeguard ##s . 	1
1280894594083782657	244240475	[CLS] orange man wants your kids to go to school so you will go to work . he doesn ’ t care if you get sick . he needs job numbers 	2
1280894382321709057	1127837719894249472	[CLS] i can not believe you men are still going out w flip flop ##s any where to be “ com ##ft ##ora ##ble ” [unk] noon ##e wants to see your toes yo 	1
1280892780005359621	1046906136866279424	[CLS] conservatives . please stop using the karen sl ##ur . it has been completely weapon ##ized by the woke and corporate left to fright ##en middle aged women from going out in public , shopping in retail stores etc . thank you . [unk] 	0
1280892564241965057	18229734	[CLS] is wax ##ing sentimental on getting special needs high poverty kids back to school but no mention of english language learners cu ##z that racist , anti immigrant , anti latin ##x , proto fascist mum ##ble ju ##mble of this administration . 	2
1280891580937723914	444960734	[CLS] for those who think that protesting caused the increase of a co ##vid cases , take note i wear a mask when i go out even to get my mail , take out the trash , i wash my hands , i am cautious . i did protest several times . [unk] i tested tremendous ##ly negative [unk] 	1
1280891499048079360	80492048	[CLS] got up to work on a voice over that s due . i m standing over the coffee and said to myself well time to go to work . instantly i heard work work angelica ##aa ##aa ##a 	2
1281274116213862400	20912505	[CLS] 0 . in order for kids to return to school , it must be safe for them and teachers staff ##0 . it won ’ t be safe w out support from federal gov to make up for big state budget short ##falls , to ensure safety precautions are in place can be enforced ##0 . kids should not return to school 	1
1280879648742637568	3184583089	[CLS] stop talking . americans will decided when to send their children back to school not you 	1
1280875162003312641	20088622	[CLS] is it bad that i ’ m really not trying to go to work today i leg ##it call off everyday . 	2
1280872154968387586	24070451	[CLS] donnie [unk] maybe if your grand ##ki ##ds were in public schools you ’ d sing a different tune no one on this planet , least of all you , is going to force me to send my kids back to school before it ’ s 0 safe 	1
1280865856960921601	384614275	[CLS] i really hope soul ##ja boy has stake in ba ##pe . that ni ##gga really put them on . the first time i think 0 of us heard of them was in “ crank dat ” when he said “ hate ##rs get mad cu ##z . i got me some bath ##in apes ” then kids came to school rocking those shoes with the shooting stars on them 	2
1280865440940437506	908541758849482762	[CLS] trump now wants to murder our children by sending them back to school before we have a va ##cine . 	2
1280861163434082305	286844806	[CLS] i don ’ t , obviously , because common sense and the greater good out ##weig ##h my desires to see my best friends , but it ’ s still incredibly and deeply upset ##ting to live like this . so while i don ’ t think people should be going out and party ##ing and stuff , i understand the desire for it . 	2
1280861161366253568	286844806	[CLS] i also think that people risking co ##vid by acting like everything is normal are being mor ##ons but i also . . . have sympathy for those people because i ’ ve not seen my friends since march , and the toll isolation is taking on my mental health te ##mpt ##s me to risk going out every day . 	2
1280860517259603968	1064299580248875008	[CLS] going to work on your period is really the ghetto 	0
1280859917046312966	1187859036	[CLS] i used to drive through that intersection every damn day on my way to college and let me tell ya , i just started guessing when it was my turn to go [unk] 	2
1280851565188792320	23832586	[CLS] kanye going out sad . 	2
1280850399419723778	1030753948427202560	[CLS] waiting for my mom to go to work so i can roll a blunt and get some sleep [unk] 	1
1280849676179144704	1145070457785212929	[CLS] i know exactly how you feel . i now live alone too . i work at home and seldom go out . i do stay in contact with family and friends by phone but it ’ s a lonely way to live . i really miss having friends over or meeting them at a nice place for lunch or dinner . 	2
1280838659155955713	257226557	[CLS] good to hear . . . kam ##i , steady lang during lock ##down . trying not to go out as much as we can . our govt . is somewhat divided in handling this pan ##de ##mic . [unk] 	1
1280782723687174145	2873695117	[CLS] carrying mp ##0 to school [unk] a hate ##r reported i broke it n threw it away n there was no evidence i had it [unk] . 	2
1280763699469250560	2686738020	[CLS] i miss going to work [unk] 	2
1280749460453158912	1356086546	[CLS] i wanna go out and do something rat ##chet 	2
1280747857578844162	71380433	[CLS] ng ##l i thought doing my hair , makeup and going out was gonna make me feel better but i just want to cry lo ##l 	2
1280732915668680705	297235239	[CLS] l ##ma ##oo my mom tried to say “ the reason you get up for work is because you seen me do it “ . . i told her na ##w “ i go to work because i like to make money and not be broke ” 	2
1280732605952872448	15235231	[CLS] put all who go out in public , w o mask ##int ##o 0 week qu ##aran ##tine 	1
1280729055445217281	104671559	[CLS] i just found out another guy i used to go to school with has 0 girls who told their sexual assault stories . i ’ m sick to my stomach . 	2
1280727968852045824	716821791583260673	[CLS] here is what we are asked to decide — send our kids to school and risk their health or keep them home and risk job loss . 	1
1280727657454264320	1102785650502189057	[CLS] i had high school coming to school with fever ##s i told them go to the office , they said i have know one to pick me up . sorry , your in the office w ##th 	2
1280726847135772672	323081325	[CLS] 0 shirt mask orders going out [unk] we are almost ready to hire help lo ##l 	0
1280717772238942208	609599773	[CLS] why movies gotta go out of their way to make it seem like horses just always be yell ##in ’ for no reason 	2
1280712093692395521	703127961927454720	[CLS] i wanna go out and dance [unk] 	2
1280711496146681856	3192760554	[CLS] ill listen to everything to u say baby im not like these other foo ##s where ##s it just gonna go out the other ear literally 	1
1280708703562293248	210122422	[CLS] i ’ m supposed to return to school in 0 days . 0 work days 	2
1280704283013332994	993310877179826177	[CLS] i went to go throw yesterday and . . . i need to go back to school and play 0 more year [unk] 	2
1280700604872982528	934307096899723264	[CLS] let ’ s go out and kill those websites 	0
1280699343159222273	2402361836	[CLS] we did a read through tonight of a pilot i wrote that ’ s about to go out to networks and it ’ s real nice having talented professional actors involved because while my cats are cute they always play to the back of the house and i keep telling them that tv is a more intimate medium . 	1
1280692965212471296	2680254384	[CLS] one thing that people don t talk about when discussing body confidence is gaining weight is normal . and not gonna lie i gained like 0 pounds in the past 0 months thanks co ##vid bc i wasn t going out or eating the best of had the means to work out in my own home , but i started 	1
1280691348216020993	26154684	[CLS] what makes no sense is china numbers not going up whatsoever like we have full flights going out from lax to can on sundays and no outbreak ##s out there 	2
1280690621552840704	49039307	[CLS] those parents don t plan sending their kids to school will make a biggest mistake in their life . they thought they are protecting their kids , but they are delaying their kids education . 	2
1280678349468315648	588569974	[CLS] don ’ t be surprised if i go to work a bit tips ##y [unk] doing my on the fight against la ha ##bra , california 	1
1280669346038116352	27811737	[CLS] there s a reason they are about to go out of business . . . 	2
1280659130965872640	25641519	[CLS] if i m going out im going all the way out . . . music up and ac on blast 	1
1280656422389284864	91255833	[CLS] first batch of straps going out today , earlier than scheduled [unk] be sure to get your pre ##ord ##er in for the next batch arriving in a few weeks gr ##u ##v gear 	0
1280656150057238528	584792479	[CLS] proud to support and go to school with this team , hoping to share in the beauty of sp ##ry with everyone soon 	0
1281375096179847168	25184732	[CLS] this data indicates where a patient lives , not where co ##vid 0 was contracted . do not assume one area is safer than another . please stay home and if you must go out , be sure to wear a face covering and practice social di ##stan ##cing 0 feet away from others . 	2
1281374439838412802	76490474	[CLS] ha ##ha ##ha ##ha ##ha ha ##ha ##ha ##ha ##h she said goodbye to the three r ’ s reading , writing , and arithmetic . . . . . that ’ s one r one w and one a [unk] you need to take your racist ass back to school that you want open so bad 	1
1281374090553507840	1001835050889957376	[CLS] how many mag ##a parents will send their kids to school , aka “ the human pet ##ri dish “ to be exposed to every deadly virus and bacteria known to science for sc ##rot ##us ’ economic brown ##ie points of the 0 percent ##ers well choose life , bitch ##es . [unk] 	1
1281367381491593216	141005426	[CLS] w ##he ##w i ’ ll head straight to my office 	0
1281355906085789701	2515976502	[CLS] i had one of my boys go out to the field while he had a broken arm sm ##h 	2
1281353053539495937	1218261586688692224	[CLS] ins ##ta ##car ##t didn ’ t pick up my steak have to go out and get it now 	2
1281352056284958721	700562282	[CLS] we only live once you feel ant go out and conquer bb 	1
1281347120528687104	22533778	[CLS] some more signed copies going out [unk] 	1
1281345137180725250	868995296537092098	[CLS] no ted not thank you . what you should be telling the cdc director is no the kids are not going to school this year just because that stupid dumb donald says so . period . 	1
1281340014987603968	883261208	[CLS] i used to be unable to go to school because of my period cr ##amps but birth control helped me . it ’ s not just about sex , it ’ s medical a right . 	2
1281338695119822848	987843570064396288	[CLS] i want to go out and drive around , but finding parking near my house is so he ##ctic . i gotta park like 0 blocks away from my house . 	2
1281328575581261824	2962025641	[CLS] we stand with you . no one i know is returning to school during a pan ##de ##mic . my mom says that we have your back 	1
1281327252802662400	1125924505	[CLS] this is me all the time but yet i still end up going out 	2
1281324972200226817	29189198	[CLS] at least have a full breakfast before you go to work bela . i don t know how you do it . zombie mode ak ##o if i lack sleep . 	1
1281323209430712321	2934895761	[CLS] going to work on 0 hours of sleep 	1
1281319804486537222	1184698225493598208	[CLS] and virus . so here in l . a . , restaurants are placing tables in the parking lots and side walks to keep from going out of business for the safe distance . i hope for all affected businesses and artists to return to income in the safer social di ##stan ##cing way these days . 	1
1281318517543964672	1727080993	[CLS] we are open today for to go beer sales from 0 ##pm to 0 ##pm . deliveries placed before 0 ##pm today will go out between 0 ##pm and 0 ##pm . brew ##yard beer company llc 	1
1281313324857090048	112522111	[CLS] dear lord jesus please have these kids go back to school when it ’ s safe , i am about to walk up stairs and go off , i don ’ t want to take th ##ier joy away of running , just not above me lo ##l am ##en . 	2
1281309550373531649	158574529	[CLS] we need thorough instant testing to protect children youth returning to school and adults teaching them and caring for them 	1
1281308970167054336	807083036168728576	[CLS] can i just get a group of friends to go out like we don ’ t have to talk all day but like we go out wherever we want to 	2
1281306503127822336	30301014	[CLS] why t ##f are there back to school sections at the stores capitalism really is a disease 	2
1281301322206076929	978039358518321152	[CLS] ye ##a . i ’ m only think of this because going back to school too soon now with co ##vid alive and kicking , it ’ s dangerous 	1
1281299254200266752	2592556351	[CLS] it ’ s your business if you ’ re going out but please be consider ##ate of those who will soon have to return back to work where social di ##stan ##cing will prove extremely difficult . if you have children , please do not go out if you ’ re planning on sending them back to school this fall . 	2
1281298423900065792	2592556351	[CLS] for example , the state of arkansas is not requiring masks and people can hop on an airplane to ca where a mask is required . in case anyone has forgotten , if you contract co ##vid you ’ re as ##ym ##pt ##oma ##tic if you ’ re going out , wear a mask and if you can ’ t do that , stay your ass home 	1
1281295801600274432	2592556351	[CLS] con ##t . staying home are exposed to the same children who have been going out because their parents have been taking them out if the teacher is exposed or tests positive because of a student or parent who has been going out , what happens 	2
1281018118102384640	21922309	[CLS] if it s safe enough to send kids to school they paul mana ##fort , roger stone anyone else can go back to prison 	2
1281273915193491456	290811525	[CLS] fucking hate going out of my way to do something for someone just to get fucked over 	2
1281268989578981376	877754809046097920	[CLS] and florida wants kids to return to school on august 0 ##th 	2
1281268630441717765	115449112	[CLS] if some of us parents , had a school open , we would send our children to school , can we request one to be open 	0
1281265012791640067	473384312	[CLS] hi i can help we need a bc black kids get schools w one path to college its thru a stadium . this is capitalism 	1
1281262543101554688	21922309	[CLS] the most important way we can fight this virus effectively is massive and free rapid testing of the virus . once people can get tested anytime they will know if they have it or not . if you go outside wear a mask . if you don t have to go out , don ##t 	1
1281253412378562560	3241719667	[CLS] super cute , we need more photos like these . i love that you guys post such happy and pleasant photos . love looking at them everyday before i go to work and deal with sick patients . love you both 	0
1281251615014412292	473384312	[CLS] hi we need a exactly for what you are describing black brown kids get schools with one path to college thru a stadium . 	1
1281250368249159680	1021762106356453379	[CLS] oh yeah , money is the biggest road ##block . plus the impact on families who can ’ t be with their kids if we only go to school a few days a week . 	1
1281249721646907392	104602193	[CLS] union painters going to work . the movement st ##oki ##ng the economy . 	2
1281249308608565253	2889348950	[CLS] i don ’ t wanna go to work [unk] so use to doing whatever the fuck i want 	2
1281248524944859136	14141281	[CLS] london cycling sucks because it s dangerous i used to go to school there , and even in the 0 ##s , it was dice ##y . now , it s worth your life just to go a few blocks . [unk] 	2
1281248283273252865	901656096867180544	[CLS] and if i had a boat ##i d go out on the ocean ##and if i had a pony ##i d ride him on my boat ##and we could all together ##go out on the ocean ##i said me upon my pony on my boat 	1
1281243650865770496	44804126	[CLS] he will always try to be above it now watch barr go to work need to stay focused on all his cr ##oni ##es and not celebrate until he is gone 	2
1281243290759643136	255103875	[CLS] if kids go back to school they ’ re not going to spend anytime being taught anything . it ’ s all going to be spent on telling them they can ’ t do anything . poor kids parents take back the control you , me , we all pay for these schools no education no money 	2
1281240766761877507	366788341	[CLS] is the ・ ・ ・ free with every purchase . 0 ##x ##0 . 0 in . bumper ##stick ##er size . orders going out tomorrow , thanks to everyone that placed an [unk] . … 	0
1281233980663033856	310922401	[CLS] i don ’ t typically talk about brands in this industry , name names , call them out . i never thought it was professional but honestly , why not speak honestly about my poor experiences , too why am i going out of my way to preserve bad brand behaviors 	2
1281232469790830592	130978863	[CLS] i don ’ t want to go to work today [unk] 	2
1281227656214638595	1002050317444202496	[CLS] right now i been doing research on myself to see what career path i want to take in order to be successful for a long time . i went on career astro ##logy to check out what fields i would pursue to be in the future . also i ’ m going back to school this sl ##edge ##d to take over math 	1
1281223904225189888	2865224440	[CLS] now that dining in at restaurants has been closed for a week , i literally go out to eat everyday because i don ’ t want to lose the privilege of rest ##ra ##unt experiences . . . [unk] 	2
1281207183091265537	1029892389354328064	[CLS] sadly , i predict going back to school in the usa will be a complete disaster . check back with me mid september . 	1
1281161818530955265	92669341	[CLS] fake friends are not the problem , the problem is that we go out and about giving away our friendship to just about anyone and without them even asking for it . it ’ s time to have mature friendships , the ones that are built not given away or bought . 	1
1281137227502776321	701899244	[CLS] are ivan ##ka ’ s kids going to school 	1
1281130083168555008	952327279459233792	[CLS] i saw this ti ##kt ##ok about students going to school on certain days based on their last name . if my school does that im ##a be lonely af cu ##z all my friends are at the end of the alphabet . [unk] 	2
1281129029941080064	32209237	[CLS] these asshole ##s are all broadcasting from their homes , but they want children to go back to school and risk their and their families lives . [unk] 	2
1281124839936278531	3391473939	[CLS] the little kids in my home are not going to school 	2
1281122260950999040	1260091056479023105	[CLS] get crack ##in ’ contact tracing ##st ##ric ##t qu ##aran ##tine ##s for positive as ##ym ##pt ##oma ##tic active pp ##l w daily patrols around their ‘ hood so they don ’ t go out and spread it to others done in china strict enforcement of masks [unk] 	2
1281112030603210752	941293891700998144	[CLS] there are ways to keep busy and especially current in event s like going out lo ##l ex ##agger ##ating and like egg ##ing on segregation en ##rage ##s , me perez 	1
1281110526949421056	29555086	[CLS] as an admire ##r of nay ##a rivera , my thoughts and prayers go out to her family in hopes that she is found soon . 	1
1281106783134642177	1612067526	[CLS] we have the greatest scientists in the world making recommendations on how to stem this pan ##de ##mic . and then we have their recommendations over ##ru ##led and ignored by a guy who had to pay joe shapiro just to go to college . this is a tr ##aves ##ty and a tragedy . 	1
1281106214890266624	1245440313851695109	[CLS] u know what ’ s really cr ##az ##e . . i ain ’ t been hoop ##in [unk] i ’ m the m ##f that ’ s going to college for it 	1
1281103441465536514	2434598730	[CLS] i mean i ’ m sure he was but m ##f still sang that shit bro like a g said fuck you a la ve ##rga im going out like a champ and now his music lives [unk] 	1
1281103004049895426	15577657	[CLS] how long has go ##p preached importance of rule of law now when the law says to wear a mask for benefit of public health so we can re ##open economy kids can go back to school they change topic to infringement ##s on their constitutional ##ly gu ##ra ##unt ##eed liberties . . . 	2
1281102900094054400	1244178042672406529	[CLS] going out like a g 	0
1281099943768252418	247173211	[CLS] totally agree . there should be some way to do it . every parent wants their kids back to school . the bar closure is a must . 	1
1281098728288337920	7388432	[CLS] who knows but the fact is the governor was telling people to go out to dinner , shop at the mall , and pretend things are normal , while not man ##dating masks to be worn in public . sadly many people trusted these corrupt leaders . 	2
1281096783171424256	764112875279355906	[CLS] going to school two times a week is gonna be so weird 	1
1281094529534197760	158784656	[CLS] if you want schools to open in august you need to lock the fuck down between now and then , don t go out unless you have to , and wear a god damn mask over your mouth and nose 	1
1281090531884335106	967109552	[CLS] do you think trump supporters who are now forced to send their kids back to school at the peak of a pan ##de ##mic may regret voting for him or do they still believe the corona ##virus is a hoax 	1
1281086967388622848	49039307	[CLS] what do you mean we do nothing did we do nothing for hiv , cancer , or other diseases that is hospitals for . shut down the whole economy and don ’ t let young people go to school is crazy thing human can do . it is worse than a war 	1
1281080552850731008	35112503	[CLS] i go out and spend my fucking on shit just for somebody to jump down my fuck ##in throat about it 	2
1281078542797701121	1270495664175067136	[CLS] it s not safe for kids to go back to school . . . . . 	2
1281071137263214592	1149982524493352960	[CLS] why am more busy staying at home than going to work 	2
1281070335899496448	41213997	[CLS] if its safe enough for my kid to go back to school then its safe enough for paul mana ##fort to go back to prison . 	1
1281068754131013636	2889196728	[CLS] my attention span is too small for online shopping , i can ’ t focus i ’ m not even gonna order shoes today what ’ s the point no one will ever see them cause i never go out 	2
1281068444318724096	3222673706	[CLS] this is another example of the great work does for the the kids . that ’ s lot of stuff that kids wouldn ’ t have when they got back to school be ##cus ##ss we know wasn ’ t going to pay to replace it . 	2
1281066972864602112	26134268	[CLS] how i go to work 	2
1281065701386543105	21353789	[CLS] i ’ m not sending my kid to school . me 	2
1281061726482427905	417533505	[CLS] [unk] everyone wants the us economy to come back , getting kids to school is an important part of the puzzle . to do it safely it is going to cost significant . so , congress white house get to work and 	2
1281059544806772736	634091971	[CLS] if you ’ re sick or know you ’ re positive of co ##vid and still going out , hanging out , etc . you ’ re a dick 	0
1281058833347907584	2823526614	[CLS] i miss going out 	2
1281051200725479426	18787351	[CLS] a little over a year ago i would go out and drink every weekend , like most people my age . . . a drink at dinner some drinks with friends . it adds up . i started getting horrible hang ##overs even with small amounts of alcohol . [unk] 	1
1281050566961987585	950141347679358982	[CLS] ni ##gga ##s go out sad it ’ s pit ##iful 	2
1281050347658555392	185289508	[CLS] do not send your kids back to school until it s safe why would anyone listen to aka his idiot cc 	2
1281048200162361344	16077006	[CLS] why are you on my twitter feed you ignorant mor ##on , hey if kids can go back to school , mana ##fort can go back to jail 	2
1281044745557442560	31877796	[CLS] well when you send your son and grandchildren to school without mask then the rest of america will send theirs . . . . ps ##ych we ain ’ t fuck ##in you , you dumb ignorant self absorbed emotion ##less piece of shit . bt ##w thank you for all that you do as the dumb ##est president on the planet 	0
1281042504721199107	25958951	[CLS] if the state senate can ’ t meet in person , what makes you think schools can please , don ’ t make us school employees return to school buildings next month . tell california that they don ’ t get schools back until they start be ##ha ##ving safely . . . 	1
1281042348684636161	300604665	[CLS] truly disappointed to not get to suit up with my brothers on i ’ ve been battling the same injury for 0 seasons now , and i ’ ve put everything into this off season to get healthy . even though it isn ’ t going to work out , i ’ m re setting my sights on 0 with chaos 	2
1281031826006405121	25958951	[CLS] to think i used to joking ##ly remark that my more active 0 ##rd graders “ would be the death of me ” . if we ’ re physically forced back to school sites , that may very well happen for real . . . 	1
1281027883146702848	1218261586688692224	[CLS] you can send your kids back to school if you want to . i won ’ t . 	1
1281026966720831490	299438390	[CLS] want to take a break and find a reason to get out of the house . book a session with me and let s go out . [unk] . . sessions with me is so much more than just taking cute photos , it s about making memories too . [unk] snow … 	2
1281026745299173378	60419290	[CLS] no bitch go to work milk ##s save me a plate 	2
1281026527908397056	486337613	[CLS] so these are the choices this fall either my children are homes ##cho ##ole ##d via apex online lb ##cc dual enrollment or they go to school every other day . i ’ m leaning toward every other day but i ’ m scared , so scared 	2
1281020720756080640	1037018234967355393	[CLS] but hey , go back to school guys . 	1
1281768510469767168	1220881316205318145	[CLS] is your boy going back to school 	1
1281016277281017856	2303516490	[CLS] co ##vid 0 cases are on the rise deaths are at 0 ##k and you want our children to go back to school your definitely out of you mind trump 	1
1282091094642057216	4764291078	[CLS] hi lan ##tin ##x valley people , remember when we moved away to college and then discovered racism yeah , what a pri ##v ##led ##ge . 	0
1282086967795085313	182256743	[CLS] anyone else s power go out or ju ##ss my shit 	1
1282085890525822976	1229379873031897089	[CLS] da ##wg mane we really can ’ t go out the country 	2
1282080384600031234	701899244	[CLS] try a res ##pi ##rator that is designed to filter air coming in and going out . if you have problems breathing , you def don ’ t want co ##vid . 	1
1282079513476648960	4459896317	[CLS] don ’ t go anywhere so i have to go out and t pose on the balcony to get that vitamin d in 	2
1282075781250732032	30673144	[CLS] what a bunch of pathetic losers . they think they are entitled to everything in the world . how about get up in the morning take care of your kids go to work and obey the law . you might get ahead in life . 	0
1282071888882089985	347494043	[CLS] hopefully i go out on a date with you . 	0
1282063321160486913	1056409864962899968	[CLS] is barron going back to school donald just in case any of you aren ’ t happy with any choices we ’ ve got for president , apparently my nephew has decided to run . for real ##s , i guess . he ’ s a wa ##aa ##aa ##aa ##y better option than kanye too 	1
1282061051618406401	1559520890	[CLS] stop telling people to wear a mask and stay inside if you are still going out to parties or hanging with friends sm ##hh ##h got you out here looking stupid n h ##yp ##oc ##rit ##ical 	1
1282059303931637760	391817056	[CLS] would y ’ all schools go out to the lawn sing we will rock you together when the state tests were coming [unk] 	0
1282058982840922112	584071935	[CLS] my new back to school invention . the face pack 	2
1282058337786494982	2901108044	[CLS] talented author and illustrator donna peak ##e takes us on another beautiful journey in her latest children ’ s book title do baby whales go to school now available via target amazon kai , a baby hum ##p ##back , finds out … 	1
1282049255717265408	1197184931962740736	[CLS] blogger first generals store dt sam ##o going out of business because of co ##vid 0 . journal [unk] abundance fort ##itude . other business ab ##ound . theme partial . feminist lady saturday kicker . 	1
1282047570584338432	44528121	[CLS] i ’ ll gladly listen to anyone ’ s perspective , but i only take advice from happy people . a lot of folks will go out of their way to tell you what ’ s right , even though their formula isn ’ t work ##in out all that swimming ##ly on their end 	1
1282044088108253185	288057625	[CLS] my kids are definitely growing up watching the boon ##dock ##s so id ##k how this schooling shit is going to work [unk] 	2
1282043560372473856	1916248135	[CLS] it always just gets me how i never became friends with these famous people ’ s kids lo ##l . . . i really went to school with a cans ##ec ##o and an arte ##st . . . [unk] 	2
1282043363173322762	703649556735471617	[CLS] last chance to get your orders in orders are going out tomorrow so get yours in today d ##m or text to get your ram ##en and roll . cash ##app , ve ##n ##mo and ze ##lle accepted . . . . … 	1
1282037148560965633	39374640	[CLS] i once heard some advice that exploring and creating beautiful memories will bring you more happiness then any material ##istic things . going out and exploring beautiful mother nature and creating art . i can at ##test i have never been happier . photo of me exploring 	1
1282029669710086144	2176506422	[CLS] we need everybody help on this 0 0 year olds think that they re invincible and they want catch the virus , but there wrong . they re the ones that are going out and spreading the virus . 	2
1282029155173842946	844675802	[CLS] we ve tried literally every fucking way possible , only when people go out in the streets does anything change . 	1
1282029060726480896	551875782	[CLS] just like my dad leaves every ##time he ’ s confronted with a problem or the truth i left to college 0 miles away thinking my mental health would cure itself [unk] 	2
1282023748279754752	551875782	[CLS] when i try to educate my ignorant family they say that college changed me and tha i ’ m acting “ white ” why are white people only al ##owed to be educated i went to college like you expect me to for my future but then shut me down when i try to show you how much i ’ ve learned 	2
1282018190118150145	1468754575	[CLS] you should be ashamed of yourself if , and note the word if , if the us would implement all the rules being done in germany and china in regards to children going back to school , we could perhaps re open much later in the year . 	1
1282017577426776065	1619534161	[CLS] i forgot my ring i hate going out without it . 	2
1282015960451276800	1037018234967355393	[CLS] chelsea going out sad 	2
1282011496097054721	739641422987530244	[CLS] i hate when people use quotes like “ if it ’ s meant to be it will find it ’ s way to you ” or “ what ’ s yours will be yours eventually ” like man if i want something i ’ m gonna go out and get it 	1
1282010651976581120	1262174540786028544	[CLS] they say nothing lasts forever . dreams change , trends come and go , but friendships never go out of style . carrie bradshaw ##lot ##s of weddings have been cancelled due to co ##vid . we have many bride ##s in this situation . 	2
1282008964234801152	608198362	[CLS] i wasn ’ t exactly a kid but when i went to college my mom threw out most of my memorabilia photo books , posters , even 0 “ vinyl , etc . i still haven ’ t quite forgiven her . 	2
1282006009934946304	395236293	[CLS] photographer going to work vs regular pp ##l going to work [unk] to the left [unk] . . . ф ##о ##т ##о ##г ##р ##а ##ф ф ##о ##т ##о ##г ##р ##а ##ф ##л ##о ##с ##ан ##д ##ж ##е ##л ##е ##с ж ##и ##з ##н ##ь ##ф ##о ##т ##о ##г ##р ##а ##ф ##а … 	2
1282004497116487680	704490719537266688	[CLS] imagine going out w someone ugly and they ’ re a whore choose a m ##f struggle 	1
1282002313670823936	2258137520	[CLS] my therapist told me that constantly buying things for pp ##l going out of your way to help others often stems from your abandonment issues and honestly what the fuck . 	1
1281999782269972481	38231258	[CLS] but kids should go back to school [unk] 	2
1281995999410446336	546483073	[CLS] yes i ’ m watching you ’ re just a stupid as trump when are you people going to realize that all the money in the world is not gonna take co ##vid away when you send your family out into the world to get infected then will know but until then nobody ’ s sending their kids to school . 	1
1281993282898329601	1727080993	[CLS] we are open today for to go beer sales from 0 ##pm to 0 ##pm . deliveries placed before 0 ##pm today will go out between 0 ##pm and 0 ##pm . brew ##yard beer company llc 	1
1281990093264138240	1211102375705899008	[CLS] you can go out of town for one hundred days i know that pussy [unk] 	0
1281989950913691655	20920473	[CLS] back to school shopping 0 . 	1
1281987335161122816	1098746741229203457	[CLS] i don ’ t feel like going to work [unk] 	2
1281984657991426048	365655379	[CLS] now and days you re not sure whether you re comfortable going out period . . . 	1
1281977914032967680	952456352	[CLS] if you say you don ’ t have time you need to make time for things that are important to you no excuses you either do it or you don ’ t want to be a bum be a bum , want to be lazy be lazy , want to be great be great , go out and do it 	0
1281977322015342592	401072617	[CLS] go to school own a business step yo pussy up 	1
1281972587975737344	742038973392912384	[CLS] go to work 	2
1281964093415452674	22262725	[CLS] i went to college and no one indo ##ct ##rina ##ted me to “ liberal ” ideas . i was taught science , math and how to rigorous ##ly examine information presented to me to make my own conclusions . 	2
1281960909682798593	86463160	[CLS] first time i saw it was when we went to new york , at the drug store . there are better products out there anyway . i ’ m sure the worship ##ers of the orange anti american b ##lo ##b are going to go out buy that crap ##py product . 	2
1281948648109076500	58617569	[CLS] i will do my best . but i ’ m never going out like this . to be embarrassed by a dead man and a young r b ni ##gga . you better cheat up from me if you want happiness . 	0
1281896789646340097	116112552	[CLS] i went to college . . . i had professors who would push their personal ideals beliefs but ultimately college taught me how to think critically , question and research “ facts ” that were presented to me . correct me if i ’ m wrong but isn ’ t that what higher education is supposed to do 	2
1281868465150689281	764112875279355906	[CLS] my school is doing groups for going back to school and if i ’ m not in the group with my friend i ’ m gonna hate my life 	2
1281859807134093312	59707023	[CLS] i want to go out to [unk] 	2
1281845262147743745	352070541	[CLS] i could barely find someone when we could go out [unk] 	2
1281843062637883393	703816132034109441	[CLS] what conde ##sc ##ending and b ##lat ##ant racist un ##fu ##nn ##y bullshit . you had the opportunity to host for jimmy and you decided to talk to white people like we re mor ##ons and you need to school us . huge back ##fire from those of us that are disgusted by what you just did . 	0
1281842556653862912	444946705	[CLS] i don ’ t think casey anthony would ’ ve had an issue sending her child back to school . too “ on brand ” 	2
1281827303291420672	249019408	[CLS] this is also a great trick to use if you come back from vacation and want to read your email , but don ’ t want anyone to contact you while you ’ re still on vacation . you can respond to email and schedule replies to go out the morning of the day you return . 	1
1281827045312303110	1156314435910156288	[CLS] i ’ m was just try ##na have a fun summer being able to go out without having the fear of getting corona 	1
1281819544638509057	513700737	[CLS] im ##a big ball of emotions today instead of going out to drink maybe drunk cry about it , i stood home worked out cleaned . . . . proud of myself [unk] 	0
1281812350199148544	180245097	[CLS] today my grandma was vent ##ing to me about how hard her life has been but then she said to me “ it ’ s okay , because i have you . . . the ma family has their first woman who went to college — you ” [unk] le ##mme tell you i felt like fa mu ##lan bringing honor to her family [unk] 	1
1281812006631161857	19172977	[CLS] disney put a lot of effort into making it as safe as possible . 0 of the people were fully mask compliant from my estimation . if you want to say going out during a pan ##de ##mic overall is dangerous . it is . but sensation ##ali ##zation of a situation is not helpful . 	1
1281808736646914048	297224865	[CLS] not just him literally all my friends , checking up on me and going out of their way to make sure i ’ m good rn [unk] 	1
1281807268577607680	1557234132	[CLS] i saw will go out first thing in the am ##x well packaged 	0
1281805272701231105	227486962	[CLS] my boyfriend and i are living with his parents right now boyfriend is unemployed and his parents keep going out to parties with friends and family and then coming home and not washing hands or di ##sin ##fect ##ing anything . so if i die in 0 weeks . . . it ’ s their fault 	2
1281801430983032833	325068949	[CLS] i ’ ve lived in los angeles all my adult life . i would never knock it . i went to school here . played baseball here . met my ex wife and had two beautiful children here . put them through college . it ’ s been good to me . but someday , god willing , i ’ ll make it back up north . back home . 	1
1281791972991070209	2398523808	[CLS] if we all agree to wear mask whenever we go out in public , there ’ s a chance you may still get it . i ’ m hoping for that too . 	1
1281783140747337729	4197021854	[CLS] you go out your way for people every ##time and they can ’ t even meet you halfway once . like im so over it . [unk] 	2
1281771936465354752	32209237	[CLS] but you better get your kids to school or trump will punish you 	0
1281740667627221000	26296212	[CLS] all im ##ma say is . . . don ’ t ever let a married person talk down about you or try to school you about how to handle your “ en ##tangle ##ments ” because w ##he ##w chill ##ay . . . . 	1
1281759584512704513	1025918726460170241	[CLS] phil ##ly been going out sad lately 	2
1281756893053177856	742489988634312704	[CLS] it ’ s rare i get dressed to go out these days so i must document when i do i still feel out of sorts when i ’ m indoors in office buildings , even with a mask on . but i ’ m dealing . gotta get my jewelry pieces made … 	2
1281755996285624325	795467461843746816	[CLS] off p r ’ s with chris paul spoon feeding him . pau trying to actually post duncan which isn ’ t going to work . pa ##vy 	2
1281748532307701761	2733014340	[CLS] yes , that ’ s why he pushed to open all states , suggested fewer tests , get kids off to school , no need for masks and constantly says it ’ s political . the virus does not care . fewer seniors or people with pre existing conditions means less spending , saving on health costs 	1
1281741514339528704	2570023326	[CLS] tracking numbers are going out by style . . so first h ##thing ##s that have been shipped is black hood ##ies , cream hood ##ies and work jackets . . . we ’ re printing out tracking numbers everyday tho so just sit tight . . . now that we have product in our hand it won ’ t take long from here . 	1
1281741476167221252	2570023326	[CLS] tracking numbers are going out by style . . so first h ##thing ##s that have been shipped is black hood ##ies , cream hood ##ies and work jackets . . . we ’ re printing out tracking numbers everyday tho so just sit tight . . . now that we have product in our hand it won ’ t take long from here . 	1
1281741419036606468	2570023326	[CLS] tracking numbers are going out by style . . so first h ##thing ##s that have been shipped is black hood ##ies , cream hood ##ies and work jackets . . . we ’ re printing out tracking numbers everyday tho so just sit tight . . . now that we have product in our hand it won ’ t take long from here . 	1
1281741376091119622	2570023326	[CLS] tracking numbers are going out by style . . so first h ##thing ##s that have been shipped is black hood ##ies , cream hood ##ies and work jackets . . . we ’ re printing out tracking numbers everyday tho so just sit tight . . . now that we have product in our hand it won ’ t take long from here . 	1
1281740906865979393	788952091574226944	[CLS] blame the parents too because they don ’ t care if their kids are sick . they ll still bring them to school . 	2
1281740819519528960	252907416	[CLS] hey why don ’ t you admit you blew it and stop sham ##ing people for going out after you opened gym ##s and restaurants i see they ’ re still open . . . huh . . . 	1
