1369071924375150595	98495343	 Do it going out to meet people is so not it still	2
1369062643177316357	1935833262	Yesterday cause today I did not go out. 	2
1369060295629537280	1198026459895541760	Oots. We must go out now start showing the damages done to ğŸ‡ºğŸ‡¸ in the world's eyes. We can start getting ready for gerrymandering ballot changed time change. Poll booth changes but we can beat that alot of people are turning 0. Show them what's going on no lies all truth.	2
1369053768969519116	23825216	For the first time in my life, I want to go to college. So glad I waited until I was mature enough to appreciate paid education and actually know exactly what education subject I want to invest in.Deadass, I want to start my career and become a Data Analyst/Scientist.	2
1369051757452623874	2602146772	Iâ€™ve always wanted to go out like this 	0
1369051528011669504	45926005	 If compulsory school were abolished, who do you think would avoid sending their kids to school? Rich parents or poor parents?	2
1369032132711088137	566626568	Closed today but if you placed a order with us itâ€™s going out! Check email for tracking. New YouTube video dropping tonight at 0PM. Link in bio to check out the channel. ğŸ“¦  ğŸ“¦ @ TopShelf Kicks 	0
1369030922255884299	255630460	 So with these numbers why would we bring our kids back to school for only a month of school on hybrid instructions when the temperature  is going to get hot making it more uncomfortable to wear masks in hot buildings.	2
1369024156105388035	1242538188616450048	I feel like going out and getting a â€œSo Far Awayâ€ tattoo ğŸ™‚ğŸ™ƒğŸ™‚	0
1369023650339422221	846532237801738243	I Used To Be Antifa  Author of Behind The Back Mask - All Teens should read before heading to College. 	0
1369011639157194755	226073099	Why when I say i donâ€™t wanna go to work, itâ€™s be slow at work. My gut instinct is always right	2
1369000285549518848	524076913	whatever if you donâ€™t have the energy to go through a second divorce and would rather just live with someone youâ€™re in constant conflict with thatâ€™s one thing but why are you specifically going out of your way for this person you canâ€™t stand	2
1368975894950244354	335689431	This weekend I wanna go out to eat, and do wholesome activities. Iâ€™m done being a degenerate ğŸ˜­ğŸ˜­ğŸ˜­ğŸ˜­ğŸ˜­ğŸ˜­	2
1368971640193904642	226073099	I really donâ€™t wanna go to work	2
1368963876872716291	610136287	the girl i went to school w who spiked the bowl of jungle juice w coke is anti vax 	2
1368955243866767362	1258246080816394242	When are the stimmys going out?	2
1368946719749271552	385581129	Monday morning..... time to go to work again!	2
1368943389513814016	122821573	So now high school students can go back to school in nyc ...	2
1368937751203225600	104394160	 Fr. my kids wanna go to school. We all sick of remote learning. ğŸ˜«ğŸ™„	2
1368934900724867073	197534974	going back to school !! 	2
1368931723799638018	68893873	I started talking to a man yesterday who described himself as â€œhotâ€ â€œa threatâ€ â€œsmarter than most peopleâ€ and said â€œguys tend fall in love with me quicklyâ€ The red flags, the toxic traits, the ego. Weâ€™re going out later this week ğŸ¥´ğŸ¥´ğŸ¥´	0
1368929233762926599	351126204	Go out and make it a good day.      	0
1368923354028212225	201965155	Iâ€™m going to go out on a limb here and say this doesnâ€™t in fact kill the British Monarchy.	0
1368911842895163396	1160335824103362563	Getting some right before I go to work would be the best 	0
1368830114885206016	118473623	The love is real!!! Orders are still going out. Tru to the Core 0rd generation limited edition signed hoodie.   high visibility reflective   for details @ 0 Media Group 	0
1368807017989738497	1328513843371368450	  They're all named after his old classmates. He went to school with most of my furniture	0
1368801014124580866	912151815155720192	I miss going out bro, I just wanna dance n wild out	2
1368770636672344064	16140747	 seems to think this is normal office conversation. To be clear, it is Not. â€œI say to people in the office, â€˜How are you doing? Howâ€™s everything? Are you going out? Are you dating?...Thatâ€™s my way of doing friendly banter.â€ 	0
1368757221115432969	4248007750	Suit Sunday here  we go out and make you smile happy weekend for the world 	0
1368753153685004290	50179868	Chile she must have hit Wendy up for tips because mama went to school of Wendy for this interview. Talk about getting the tea! 	0
1368743951092563971	21819107	 My heartfelt condolences go out to you and your family!	2
1368725853237088257	260452710	So glad restaurants are open for dine in so i can go out and celebrate my sixth year anniversary â¤ï¸	0
1368718473367609344	3435918015	this pandemic went a ways to prove to me that the only folks going out of their way to connect w/ me & keep me in their lives donâ€™t live in my neighborhood. Iâ€™m allowed to feel that shame and allowed to feel anger at that shame: choosing progress shouldnâ€™t have meant loneliness.	2
1368717551048527872	949146217711263744	"Yankees notes:He can â€œgo out there and win MVP."" Which Yankees teammates is Aaron Judge talking about? That and more."	0
1368715246303653895	226396458	 Tbh whenever we get ready to go out I pray that you get yo eyelashes to stick because I know you be so quick to say you staying home	2
1369437201998745600	735975897715646464	These famous pretty bitches be going out sad for these niggas that already got different baby moms lol smh	2
1369432615061700616	745540429	Covid media has significantly fkd up a large portion Americans who may never send their kids to school, eat in a restaurant, travel, etc.	2
1369423713305772033	101218282	Messi and Ronaldo both going out in the round of 0. It really is the end of an era ğŸ¥ºğŸ˜”ğŸ˜­ 	2
1369422853494480898	101218282	Lol Messi fans are so shameless like calm down our boy is also going out tomorrow	2
1369421392849076247	1215535745177395200	i just got accepted to college ğŸ¥³ğŸ¥³ 	0
1369420350799437834	206444851	 Thank you! First step was getting a role in AWS that is based in the western part of the US. Now, we have to wait until Erin is off to college. Then we can leave New York.	0
1369419695112286208	861549212	Going out on a Tuesday night cutting it close lmao	2
1369406494349856774	3431143211	Driving to College was so lit. 	0
1369396434139758607	20734655	I'm fine with him staying remote. He wants to go back to school but not to go sit supervised in a room being taught online anyway.	0
1369395675839012870	20734655	My highschooler who elected blended has no idea if/how/when he is going back to school. Neither do his teachers right now. He thinks he may be offered 0 afternoon inperson 0.0 days remote like Sept-Nov. Just because buildings are opening doesn't mean regular school is happening.	2
1369372797617778689	15373767	The joy of seeing an e-Taga parent and kids walking to school. But sad that the backdrop is all asphalt and trucks and reckless drivers. 	2
1369367031666114560	2166581213	my professor should cancel class Bc itâ€™s nice outside, old man gotta go out for walks anyways	0
1369354666438496260	983419375	I finally took a COVID test. A year after continuing to go to work and riding the subway, I am negative. I needed some semblance of normal in my life. I visited my mom & brothers. Precautions work. Life is a crap shoot. Living & living safe/healthy aren't incompatible.	0
1369349998643707917	2192239359	  TD= 0 points, if you go out of bounds you can start neutral on restart but opponent does not get 0 point.	0
1369347871452053504	745540429	 FL outperformed CA in every Covid metric~0% of kids in FL have access to school, while millions of kids in CA donâ€™tCAâ€™s death rate is higher than FLâ€™s when adjusted for age = what mattersA 0 year old in CA was more likely to die with Covid than a 0 year old in FL etc	2
1369341260801191942	1973496878	Nothing like seeing a grown man peeing while you are trying to go to work.       	2
1369340521903251456	973242841374822402	   She wasn't going to work with them.. And what should they had done with the money?? This is really a non issue	2
1369338662480121861	745540429	   Are you really this unfamiliar with Covid or are you just trolling? By your logic kids should never go to school or socialize bc the flu is more dangerous to them.	0
1369329840734826499	282741717	I wanna go out for drinks	2
1369317997152792578	1850195078	Can you lend a nigga a pencil should be a scholarship for young black men going back to school. 	0
1369313266028208128	2876074912	 & thatâ€™s the point, you try to marry someone you know itâ€™s going to work with. which is why you make sure that this is your person, you know?	0
1369302090842058756	273675801	This weather makes me wanna go out for some margaritas	2
1369298996590698500	97273575	 Are you suggesting he should not have married her? Maybe I am too romantic. I think he met her less than five years ago. I think the two of them tried to make it work within the confines of his life for a while. And when it became clear it was not going to work they made changes.	2
1369277558005567488	880044662475694080	 This means nothing. Many like me are still going about lives, hanging out, running errands and taking our children to school. Some of you are acting as if Americans canâ€™t do any of those things.	2
1369272385594069001	715426249	Officially been a full year since I commuted to my officeğŸ˜³ 	0
1369253086125043713	599296757	I donâ€™t wanna go to work this morning ğŸ¥²	2
1369214895619772419	2799650722	Prayers going out for your complete recovery!! ğŸ’–ğŸ’– 	0
1369184419576184835	14833849	Can't wait for the day I can go out on a date with my wife where we sit indoors, anonymously, surrounded by strangers.	0
1369171392160272385	1335995771859111936	  I probably went to college in Brazil but left for New York when I had the chance.	0
1369163235425980417	774772676	Eminem Back To School(FUNNY)  via 	0
1369157340046491648	990717649	I William McCullough 0rd in Newyork City ( USA ) Looking Gorgeous while waiting for the Elevator to go out the door. ( King ) ( Ace of Spade and King of Spade ) ( I Habibi -  I BeBella ) 	0
1369141126805024772	2352740292	My ass ainâ€™t go to work until 0p.m and I still was mad my boss ainâ€™t let me leave until 0 ğŸ˜‚	0
1369117061176254465	31052686	Made the decision that Iâ€™m gonna go back to school to further enhance my photography.	0
1369105435169591296	745540429	Gavin Newsomâ€™s failure to open. Californiaâ€™s public schools may be the worst Covid error by any governorWhat does he think happens to millions of kids who canâ€™t go to school for 0.0 years?	2
1369098741769199619	168173880	Pretty incredible! This girl now has an international audience! Letâ€™s hope she inspires girls all over the world to go to school and to stay in school! 	0
1369097384010088448	40357095	Something has been bugging me since last night. How mister ed lookalike Jovi could get a stunning woman like Yara to like him is beyond me.  But what he did going out when she wasnt feeling well, drinking and whoring, was unforgiveable. Yara is with me? I never do shit like that.	2
1369093230072053762	14323554	 what a great piece and a fantastic record for them to go out with.	0
1369085517820792832	1010197166625886208	takes a lot for me to go out of my way and see friends.... ğŸ¥²	2
1369085419481137155	4283311	Can  please issue revised guidance on the â€œtwo cases and we shut down the whole schoolâ€ thing bc my daughter, so happy to go to school for a 0nd week in a row this morning, came home sobbing bc a 0nd case was detected.	2
1369081219363782662	1186752470690729985	 When you go out with your friends and have fun do ya both need $0? I feel like the point is to have fun and get to know each other you donâ€™t need $0 for det ğŸ™„	2
1369794365414072321	393782156	Why does everybody have this idea in their head that KD is the GM of the nets and heâ€™s going out and signing all of these players lmfao 	0
1369786878203936771	1323342421	I really be going to work with just my metro card, my book bag with gym clothes and vibes.	2
1369771143058620419	65152245	0 and my ass was already away to college never looked back since. 	0
1369770383319195653	1012566601	Donâ€™t forget a lot of yâ€™all pay to go to school to get a job just to pay for school you went to ...Break the code	2
1369759017283813378	259003953	  Is your kid and my kid the same person?? ğŸ‘€ yâ€™all do know that kids think differently, and some are a lot more mischievous than others right? BEEN THERE DONE THAT. What works with one kid doesnâ€™t mean itâ€™s going to work for the next kid. Some kids are very heard-headed.	0
1369752957638635522	4060386364	Whats ğŸ˜³ the point of wearing a fake logo if you're going out for a jog?	2
1369752665757016069	1298091347816005632	We all want to go back to school and to normal. But the only â€œpyrrhic victoryâ€ I see here is putting letterhead on a statement about schools that completely dismisses the work of teachers and counselors trying to stay afloat-Majority parents themselves to school aged kids.	2
1369750418079834124	99425584	Itâ€™s a shame when you go out to skate with a real cute fit but donâ€™t get any clips. Waste of a good fit.	2
1369749748727611398	1082014090879488000	 what if i wanna go out? ğŸ¥² what do i do then huh	2
1369744211667546112	25496696	I wish dumb hosts on networks like NBC would stop focusing on this bipartisanship issue. The American people like the Biden Bill. Republicans refused to back. Many US media hosts should go back to school.	0
1369740543023005699	1082014090879488000	i need to go out for a fucking drink	2
1369732202490118149	38088644	Being upset that a woman going out is grounds to chase after her? Having to have a friend hold you back and then chocking said friend? All of you saying heâ€™s just tryna talk know yâ€™all wrong af and just tryna justify it cause you have similar shitty behaviors	2
1369729065285005323	62268127	  Bagels will never go out of style!	0
1369728580951871490	1325683172	Not a single Republican Congressperson voted for the COVID Relief Bill remember that when youâ€™re spending your 0 dollars, taking your kid back to school, opening your business, getting food security, or getting the vaccine WE DID THAT!  	0
1369713085884362757	24163068	 I hear you, Schmitten has the terrors of going out. Best of luck.	2
1369698522333908995	1103707493887287297	I wonder what the niggas who used to bring the yugio card holder thing to school are doing right now	2
1369692688044486661	259003953	  And so youâ€™re telling me that if your child goes to school and starts to bully his/her classmates (because that is considered misbehaving) youâ€™re going to â€œsit downâ€ and just â€œtalk to themâ€ about it? ğŸ˜‚ğŸ˜‚ğŸ˜‚	0
1369677736336297985	845703471307345924	  So weird.. and Iâ€™ve experience people projecting that ideology on my relationship like itâ€™s not normal and healthy that I go out with friends	2
1369666118412099585	284726560	People be going to college, no networking , no internships , no plan just vibes ... then expect a miracle come graduation. 	0
1369656253123883014	2242761	     I just want to put this out there because the looming election is the elephant in the room and I donâ€™t want things to continue in the direction theyâ€™re going now. Anyway. I have to go to work now. But I beg of you to reconsider your PR strategy and messaging.	2
1369653156783792130	1023781613816168449	Since corona I stopped clubbing & going out for drinks every weekend & now my stomach could barley handle a glass of wine	2
1369650506625343493	35559777	More & more people I know, are friends with, and went to school with are testing positive & getting sick ğŸ˜¬	2
1369638634438197249	19604028	This man is a genius almost beyond compare. How am I going to work today? I feel bound immediately to study his entire oeuvre. I think perhaps that I love you,  	0
1369636781197516804	735975897715646464	Going out of your way to make your baby daddy miserable is ugly women behavior, we have to do better ladies for the kids at least	2
1369552648614125568	1102995884508352513	This reminds me of this guy i used to talk to ğŸ˜‚ (barely) he tried to tell me I needed to go to nursing school rather than  major in public health .. basically bc thatâ€™s what he was going to school for and he wanted me to do the same ğŸ˜­ğŸ˜‚ğŸ˜‚ğŸ˜‚ 	0
1369506876992458752	283830150	I was a public school teacher in Brooklyn while you used your celebrity platform to elect the current mayor, who was the one to propose a massive cut to school budgets during a pandemic, $0m to be exact. We fought back & restored FSF cut while facing $0 billion budget deficit. 	0
1369506594476720128	1019053168188157952	People (trump supporters) on her post is saying itâ€™s Bidenâ€™s fault and to go back to school and get a real jobHonestly, i donâ€™t understand Trumpsters. They complain when people donâ€™t have jobs and then complain that people need a â€œreal jobâ€. Lunatics. 	2
1369487243207905286	1434101238	 Now I can finally go out with my bae ğŸ˜	0
1369464961836126211	380715451	 me and u trying to go out but mais needs a walk 	0
1369451769001041923	1226523757998678018	 Hi. I am very interested  in applying to school there for class of 0. I also hope to continue my hockey career there. Any advice or help would be greatly appreciated. Thanks.	0
1369443179947319299	168350359	  The lord is testing me... I am not going out til nellz birthday...I keep repeating this until I believe it ğŸ˜©ğŸ¤£ğŸ¤£ğŸ¤£ğŸ¤£ğŸ¤£ğŸ¤£	2
1370146038837809152	844664631431979008	The bigger artist going out sad but thatâ€™s a play from my book	2
1370143895024193551	974129106613952513	Oh my god. This girl seriously wants my sloppy seconds .... even though I havenâ€™t dated this kid since freshman year in HS. sheâ€™s now going out with him ....	2
1370142622237474825	2262697642	Everyoneâ€™s going out for happy hour - meanwhile im walking to the gym . Esto no es vida ğŸ˜­	2
1370139923345502210	548895923	 Would love to volunteer if the kids could actually go to school, like in person!	2
1370127246137102338	1064026080124854273	  Lift restrictions on bars and restaurants and  . There is no reason to keep these businesses locked down with restrictions at this point since the vaccine is available and most people that go out to these are in the super low risk category.	2
1370126502449324039	1571095297	I wish girls can go out by themselves without being botheredğŸ’”	2
1370123245928787974	1348407291784155140	Want to be a girl and his mother say no so he decided put makeup on him and went to school at school his whole school was laught at him cause heâ€™s gay and want to be gay person and the reason why he always want go after tiktokers cause he want start drama and clouts and want	2
1370109331212017680	1476546709	I wanna go out for drinks this weekend.	2
1370106493434015750	1349109181626929155	BREAKING: Biden has signed the ARP into law! Stimulus checks will begin going out TOMORROW! Thank you President Biden, VP Harris, Speaker Pelosi, Leader Schumer & all Dems who supported this historic legislation giving Americans their LARGEST stimulus check of the pandemic! ğŸ‡ºğŸ‡¸	0
1370101983173038083	3435918015	visions of crisp toast in Saturday morning sunlight dirtied by rain-speckled storm windows and enough dust kicking up from the old sofa seat to shake a broom stick at oh shit we are out of butter you can go get some so can you want to go out for eats no I donâ€™t want to put my -	2
1370088511580299266	325879332	to all the nyc boys going out for a run today, donâ€™t let me catch you wearing any shorts longer than 0â€. immediate detention ğŸ“	0
1370083392956596227	1080150256040505345	  He should not be going out to eat cause he is a super spreader	2
1370082473296723970	39399394	Waiting for Biden to sign the ARP so I can get my run in before Deadline: White House. Have to go out after the show to pick up dinner and paper towels.	2
1370081861863628808	39399394	So my mom apparently told my dad that he and I need to go out to dinner, like we did years ago.Uh, glad to see that the old folk and the recovered COVID patient are less nervous than the young one who has only eaten at two fast casual places in a year.	2
1370069901621215235	104394160	Order, I had to go out of my way to purchase all the products for the order. $0 per cookie. So the cost of the products I had to DRIVE AROUND to purchase, isnâ€™t even worth the labor I charged. I took the order cause it was someone â€œcloseâ€ to me & I feel so	2
1370052200223944706	1359832738346504192	My stupid little dick bitch. Youâ€™re so fucking worthless and pathetic. YOU CANT DO SHIT RIGHT! Not even make sure that youâ€™re here at our play spot at the time YOU told me you would! Piece of fucking shit. Wait until we go out, Im gonna dog walk your bitch ass! 	0
1370050750609457154	1400632075	 Aw im so glad heâ€™s feeling better â¤ï¸I go out everyday for a few hrs clears my head talk to people on the avenue thatâ€™s my anxiety plus I take meds	2
1370012890170806274	48778484	â€œDonâ€™t let her go out in the sun too much, sheâ€™ll get darker.â€â€œShe has some features like her fatherâ€™s side of the family.â€**From age 0-0**â€œDonâ€™t have a kid with a moreno, Iâ€™m not taking care of kinky hair...â€ 	2
1370010067534241793	965938326338457600	Canâ€™t believe I have to go to school in Manhattan to print a fucking picture at 0am. None of the Midwest transplant arts students better look at me sideways when I walk in the building this time either	2
1370009237405974538	7059772	 Ah, but you will benefit.You will benefit in knowing that the bill will lift millions out of poverty.Youâ€™ll benefit by seeing small businesses get the aid they need to stay afloat.Youâ€™ll benefit by seeing school children smile as they return to school.We all benefit.	0
1370002582396166149	3429214534	At least  we have a ton of confirmations from not only the story, but Horikoshi himself I believe on Shiggyâ€™s saveability Which is what leads to the question: How will this play out? Now - I could see Deku going out of his way to try his hardest and save him, maybe it works	2
1369990292917673984	98607454	 ...and  and  need to reassure families that there will be in person learning in the fall and attract them back to school. 	0
1369982518720618499	1136768844796760064	   You took the small bus to school...didn't you. 	0
1369943670913384448	119081594	Going to work for 0 hours after not being able to fall asleep all night 	2
1369917505133830144	739220046283673601	And this is part of why I do not go out no more lmao	0
1369882070001025027	1001009796370391041	Once I turn 0, can someone hire a Hitman to take me out? I wanna go out fighting but being on Earth for more than 0 years sound like torture	2
1369878652259868672	1301917796	Mhm I wanna go out for a drink this weekend	2
1369862519410589698	829901064	Being home has kept me from spending stupid amounts of money going out but itâ€™s also brought me to spending stupid amounts of money on vinyls. Like did I spend $0 for both a High School Musical vinyl and Hercules vinyl? Yes, and no I will not be taking questions.	2
1369854812939030528	3115738098	Iâ€™m such a nice person. Iâ€™m selfless, I go out my way for people, and I do things out of pure joy just cause. Love more. That is all.	0
1369844038489227265	4728975741	This place looks like stable job! Good atmosphere. Not just going to work two days a week anymore.	0
1369825646801747972	745540429	  Yes, for sure. The problem is Cuomo also denied a ~million kids access to school and denied nursing homes the right not to admit Covid positive residents	2
1369820589309976576	110536353	 Joe is the gritty dump it down low and go to work guy and sometimes you just gotta feed the big man and it works	0
1369816493471522818	3431143211	nj has made me a homebody. all i do is go to work then come home & work out or work on music.	0
1369810582732304385	273675801	Laid up contemplating on going out for a drink alone	2
1370524842500485120	2734168517	I teach in the same neighborhood I went to school in.. wow	2
1370524107306061824	395911792	Love traveling light! Therefore when I go out to shoot I bring my  card holder! 	0
1370519547090964482	1150088689218777088	Sometimes just laying on the couch and blasting music can be better than going out	0
1370517906556076043	629760387	   The ones who are getting it arenâ€™t getting to go to school cuz of mommy and daddy. His parents pay for his school and still claim him as a dependent. Thatâ€™s why he doesnâ€™t get anything ğŸ¤“ğŸ¤“	2
1370514046991097859	125817355	 literally why is he going out like scarface	2
1370497850501644288	152448004	The way I'm a slut for Jean Paul Beaubier. Started with Eve of Destruction and continued when he came to school during the Austen run.	0
1370489480289865736	702668460816470017	Why do yâ€™all think your friend boyfriend entitled to pay for you if yâ€™all go out?	2
1370488307038183429	2183148738	 Youâ€™re talking to a guy who got an athletic scholarship to college ğŸ˜‚ğŸ˜‚ğŸ˜‚ğŸ˜‚ğŸ˜‚	0
1370487460988342275	15228286	 Absolutely. Iâ€™ve had my first vaccine shot already so I should be able to go out in public soon. Uptown is pretty easy for me to get to.	0
1370486376421031947	2571515803	No friends to go out with and guess what ? Iâ€™ll go out with my fucking Kids! ğŸ¶â™¥ï¸ 	0
1370471984392462342	1274000772573933570	 As if big Pharma wasnâ€™t going to work on a vaccine unless Trump asked them to.	2
1370468219270627328	507855677	I didnâ€™t know how many white people actually feel threatened by Affirmative Action until I went to College	2
1370459070193369093	4828160761	 This is why I love going out w our brother bc you KNOW heâ€™ll murder someone for us and our friends.	0
1370448037621997579	919266656	$0 checks going out this weekend people will limit up on monday for next week plays fr.	0
1370447770964918274	2165668785	 Didn't Jackie say she was a lawyer? She didn't see its was wrong to use Gia in your  mess with Teresa, Jackie go back to  school. (Just saying)	0
1370443804411625477	38020131	Honestly I wouldnâ€™t even go out with my girl if her gfâ€™s coming to.	2
1370441668982415368	282741717	I just want to go out so I show off this drip.	2
1370440592715608066	136361065	Go out and get some sun	0
1370437363617390592	846532237801738243	Somebodyâ€™s Jealous! Trumpâ€™s Grandfather came to ğŸ‡ºğŸ‡¸ at 0 to work on railroads. Building their Brand thru hard work, gave them a great life along w millions of people who were able to buy homes, support families, send kids to college, medical/retirement benefits.  ğŸ‡ºğŸ‡¸ Dream! 	0
1370436871537397760	14624317	 Aw, poor Bird. That's a pretty sweet picture! Can you stand to look at them, or do you need to go out to the asscat house?	2
1370434440506306569	176532092	A week ago we were still wearing parkas, boots, warm hats, and gloves. Today was the first day to go out without a coat (yes, and a sun hat).  ğŸŒ¸ # @ 0th Street NYC Subway Station 	0
1370430286421450752	282741717	Iâ€™m going out for drinks next weekend	0
1370428515657650176	1358314741	If you go to work and a bitch say youâ€™re her work husband and you donâ€™t nip that shit right there????? Excuse tf out of meÂ¿Â¿Â¿Â¿Â¿ Youâ€™re a whore ğŸ˜­.	2
1370426997034381317	566626568	0 pack going out. Thanks for shopping with us. Check email for tracking number. Open today until 0PM. (0)0-0 ğŸ“¦  ğŸ“¦ @ TopShelf Kicks 	0
1370425932650020865	16643057	The American Rescue Plan will put money in peopleâ€™s pockets, shots in peopleâ€™s arms, and ensure that children can go back to school safely.   	0
1370418505942720514	384929695	Kid last night asked me where my sweatshirt was ?? I only go out wearing some of my signature black sweatshirt looks and have fully achieved cartoon character status w/ my repeat looks.Love love love	2
1370418124642783235	384929695	I very much do not enjoy going out and not having coca-cola w/ me. Based on data collected by me, there are signs that it literally never ends well	2
1370411926329655297	4017503320	These should go out in the third stimulus cause some of yâ€™all need them 	0
1370409747522981891	41615720	 I hope you guys donâ€™t need to go out today.	2
1370407572637880329	2747217200	I want to go out for breakfast ğŸ˜­	2
1370400344983896072	1048267848	"  Hi Janice. KEEP UP THE GOOD FIGHT! Even though I Believe Cuomo will be Out of Office in Due Time- I Firmly Believe He will NOT go Out ""Willingly "" Until he Loses Public Support from Schumer, Gillibrand, H Clinton,  Pelosi,  Harris & AOC."	0
1370385488964694017	203114508	I'm thankful that I'm still working remotely, even though that was looking iffy in July. I'm relieved that S has been able to go to work and come home safely for the past 0 months. I've dealt with many of the ups and downs that we've all dealt with over the past year. 0/	0
1370378771468009475	203114508	Today/tomorrow is my  On Friday, March 0th,0, I took a Via down to my office and got files and perishables from my desk. At that time, I had a sense that we'd be home for more than two weeks, but absolutely didn't imagine being home for a year. 0/	2
1370374519274283010	1033625180021706752	woke up annoyed went to bed annoyed and going to work annoyed how about them apples	2
1370371432539119625	336248276	Imagine your girl putting the video up of you going out bad on social media LMAOOO Jesus Christ she doesnâ€™t respect you at all.	2
1370272913832677376	1250818730281615361	I cant wait until i can go out with my girls for brunch	0
1370269332203257856	1245544410236039168	I hate going out with people who complain that they want to go home like okay take an Uber ... fuck u want to ruin everyoneâ€™s fun for	2
1370246725257080836	190814399	At the end of a mostly excruciating movie: Godzilla just deep-throating the entirety of Ghidorah. What a note to go out on.	2
1370239935475777537	69431943	This weather has motivated me to go out more and it has done a major number on my mental health. Thank you Mother Nature for hooking it up here in NYC itâ€™s been real â¤ï¸ğŸŒ	2
1370220962784931841	1042786364	Ok whoâ€™s going to college walk rn with me	2
1370220332410404869	958217236946145280	James Harden also says,â€œHe (Kyrie Irving) has that killer mentality â€” heâ€˜s gonna go out there and try to destroy the opponent.â€	0
1370216409062637576	64342930	I really hope  and  donâ€™t let Greys go out on this season. We watched Meredith Grey become a kick ass surgeon - she shouldnâ€™t die on a beach. 	2
1370211993165172743	182577520	 People gonna go OUT 	0
1370210440345759752	845974824	So Iâ€™m going back to College to study Law and Iâ€™m currently studying to be a Real Estate Broker. So Iâ€™m gonna take a break from Twitter. Love Ya â¤ï¸	2
1370200796508393475	861869114620608512	For all involved at 0:0 in the morning.We did everything we could and it wasnâ€™t enough It was doneMeanwhile, folks were still having to take the subway to go to work everyday And a lot of people who had to go in got sick. By grace no one at the office died.	2
1370200291610595329	75794057	"""too restrictive"" go out and get covid dude, I'm sure you won't piss your pants in fear of dying at all big boy "	0
1370199414229307392	1161101132	I really miss going out to the ballpark and being with family.  to August 0. 	2
1370180683151327232	87475783	 I remember! You played such a large role in helping me adjust to college! Thank you, Prof. Trevarton Ehman!	0
1370180386375016449	3027955583	  it means some people will get tomorrow and some Saturday and than a ton Monday and all through next week. last time it was in most accounts the day after the president signed. checks have been obviously set up to go out even before he signed	2
1370178854359293957	38067547	If she wonâ€™t go to  with me itâ€™s never going to work out.	2
1370171055751454720	560024124	Brooklyn *All Hands* Box 0. 0 0st St. All Hands going to work extra engine and truck for fire in a Multiple Dwelling 	2
1370169689989603333	827631701249708035	Do you plan to come to school?	2
1370164971737387015	1173595944	 In Sept when we were remote: â€œcan I come to school and meet you in person in the pkg lot? My mom said it was ok.â€ Made my day!! ğŸ™‚ğŸ™‚	0
1370163894338064386	982448714244648970	Someone explain how Rocket Watts went for 0 on 0-0 shooting against Michigan then in the very next game went for 0 points on 0-0 shooting. (Yes I know Eli going out was a big part of it but itâ€™s still ridiculous)	2
1370876994381041664	1421456701	IF WE GO OUT I DONâ€™T FUCK WITH THAT BROKE ENERGY !!! IF YOU GOING OUT MAKE SURE YOU CAN HOLD DOWN YOUR OWN. I SAID WHAT I SAID	2
1370869504780161026	1267647653334089728	I can't believe it's been a year since we haven't gotten back to school... 	2
1370862775736659971	99779578	 Thatâ€™s the other part is I was thinking there was NOOOooooOoOoooO way the other queens, Ru, or producers would actually let her go out there in an offensive way but I get where she was just wanting to be aware and mindful!!	2
1370858840695189507	25827743	 The Kremlin has instructed him to go out with a bang!	0
1370846810806349826	182577520	The gun lady voted to keep the money from going out 	0
1370838366212722688	39151040	Iâ€™m the only Manhattan Borough President candidate who has stood publicly with public school parents, teachers, students to  We need to end two-case rule and bring our kids back to school 0 days/week. 	0
1370837913974505473	1315683979673116673	the day I die will be the best day of my life im going out with a bang	0
1370832824232710151	105017546	 No, Shirley is a pup thatâ€™s bred for service and weâ€™re going to work with a trainer (or 0) to see what tasks, if any, she could learn in the next couple of years for me to believe she ethically qualifies (& behaves well) as a service dog. Otherwise, sheâ€™ll just be a beloved pet!	0
1370822817978195974	994299173842366465	Some Americans are already seeing the latest round of stimulus payments hit their bank accounts, as the first batch of funds is rolled out. Direct deposits will go out first, paper checks & prepaid debit cards will be sent out before the end of the month. 	0
1370822734163419136	353856970	First time going out in about 0 months. Brunch in LIC. Very delicious.    	0
1370819367739535368	378748333	Got a speeding ticket on my way to work this morning. ğŸ‘¿. 0 feet from the driveway to my office.Can I get a follow? I FB 	0
1370816545891487752	14199832	Itâ€™s on the  bus on Lewis/Bainbridge headed to school for me. Ha!!!!Happy Saturday @ Brooklyn, New York 	0
1370812741045342209	1370103494296883201	Please donâ€™t make me go out there today 	2
1370808844671127552	384584511	Watching Michael B Jordan in The Wire is mad funny now ğŸ˜‚. They had my boy going out bad with them neck braids	2
1370799331461201922	2492165570	Not even remotely surprised by this but those in a bubble will spin this away and go out of their way to remain disconnected from reality. Political violence is the last refuge for losers who cannot win and often refuse to enter first amendment convos and the battle of ideas. 	2
1370788873161351168	1035273966	 Picture it: 0, A boyfriendâ€™s 0nd birthday at a Chuck E Cheese (which already seems what? but whatever). I go out for a smoke & he leaves. Friends say I did it because he hates  ğŸš¬ He left me a note saying I hurt his heart. We dated 0 more years.	2
1370785241011515395	2500079166	 They be going out with their ID and lip gloss trying to mooch off of others like girl move	2
1370783857130225670	2364480586	Iâ€™ve never been to college  so please explain the love affair between college students and fraternities 	2
1370774712427675651	1777681	Republicans: Get kids back to school in person right now!Also Republicans: Spending one dime on schools is socialism! 	2
1370772712029818884	735975897715646464	Word we going out sad ova here ğŸ™„ 	2
1370764217154932746	62971195	Going out on Friday night has been tough for years even before Covid. Iâ€™ve been an all day Saturday into the evening and early morning if the vibes are right since about 0.	2
1370760691142041600	352580700	I live in NYC I have no problem wearing a mask when I go out. My living situation calls for it...and yes indefinitely if necessary 	0
1370735649494597637	235821932	Yâ€™all are going out of your way to make these men fathers and I.... 	2
1370719992749113349	822616594526466049	 I don't get the issue, I've seen Sam Rosen show his credentials going to work, it's Pat being Pat	2
1370701141663682563	478134225	                   Why do you write like itâ€™s going out of style ?	2
1370637409675804674	39946548	"I'll never forget when  saw me, you, Els, and Derrick in the whip going out drinking and she pulled me to the side and said ""make sure my brother good. If he not it's on you."" I deadass stopped drinking to watch you Brooks. Mind you I was the youngest out of ALL of us. "	0
1370607144547012609	1164990017078484992	Harley Ice Had no idea that when I went to his school we had air raid sirens on the corners. We had to silently go through our drills. I told him the parents did not drive the kids to school only a few. The rest of us took the bus or walked. Ice 	0
1370595084224303109	4719579760	a message to the three people who follow me: iâ€™m going to college like soon iâ€™m beyond horrified	2
1370573836647813123	325760257	i b wanting to go out and then all of a sudden i get tired	2
1370559794311000069	305024255	Also, the day I feel like being lazy and just stay in, is the day everyone hits me up to go out.ğŸ™ƒ	2
1370559042041622530	305024255	You canâ€™t hit up a 0 year old at 0pm and expect him to be down to go out, 0pm = 0am	2
1370549518782103552	906155086241521664	âš ï¸0-Day School Building ClosureThe building will remain closed through March 0. All students learn remotely through Google Classroom. Students return to school on Monday, March 0 for in-person learning.    	2
1370547159498637316	971763929256005637	A coach provides the system and the structure. They canâ€™t go out on the ice and score the goals, save the pucks. This is a talented young team, but no one is playing well right now for I donâ€™t think heâ€™s the best coach in the world, but stop pinning it all on David Quinn.	2
1370535457658970116	1163778931012591616	My ex wanna go out to eat...â€¢ Make him pay cuz he in the dog house for a solid 0 months.â€¢ Pay it cause Iâ€™m canâ€¢ Spin that ass and be on there mind all night	2
1370525397717299204	59482244	 Lmao I def understand but you please donâ€™t go out bad eating beans on toast	2
1371249408562577409	918988532022218752	I do not need a white man to ever tell me a Black woman who has been gang raped that rape is not funny. Only try to school me on prison rape that has disproportionately affected Black and Brown people. How dare you? Our bodies have been policed here for centuries.	2
1371243554685718534	1331769929394245632	First COVID relief payments go out to millions of Americans after Pres. Biden signed the American Rescue Plan into law last week.  has the latest report on the pandemic tonight on CBSN  streaming with   	0
1371238153445642242	39377605	I wish A, it wasnâ€™t Covid, and B, that when I go out to eat and there is another person whoâ€™s seated by themselves we can dine together. It might sound weird, but I always meet random people when Iâ€™m dining alone and theyâ€™re always super interesting, &itâ€™s always at the end	2
1371238080187920384	627683978	DAMN MICHIGAN GOING OUT SAD EARLY HUH?? 	2
1371237924663140357	1017058217640243203	Job Well Doneâ€¼ï¸Congratulations to former ğŸ¦   and Ryan Myers on your conference championships.You continue to represent CK with class and professionalism on a national stage. Now go out and get to the final four!ğŸ†ğŸ¦ğŸ† 	0
1371231477317373953	6355882	  He relocated his family to Austria in the middle of the second wave so his kids could go to school while arguing schools were unsafe. His arguments have been debunked and his reputation with other experts is terrible.	2
1371222902117441542	50179868	Seeing her go out sad on RHOBH was something. 	2
1371208535745437696	50179868	0 people so $0K each. I feel like if youâ€™re going out and spending like this, these people donâ€™t have any issues with this. No convo needed lol. 	0
1371208384159092737	23126232	The wind is howling and whistling. I am NOT going out there!	2
1371189368052985859	1481249582	 lived and died in District 0. Our city failed him, and in fact, our city killed him. If elected I am going to work tirelessly with organizations like The Kalief Browder Foundation, to make sure their priorities are taken seriously. 	0
1371172817635524611	1316780704357847040	"Idaho, House of Irresistible Legislators, Devided ""SOME"" folks can carry guns to school."	2
1371165650018783239	26742779	Black girl, visualize and then go out and normalize luxury in your life ğŸ§¡....         	0
1371145290779086848	950494597	Youâ€™re gonna go out of your way, in a pandemic, to pay for an expensive & exclusive meal, to act like little boys playing coodies at the table wtf 	2
1371143037808734211	19769121	The first time I heard my dad cuss was in 0th grade. He came to school and beat my ass on my birthday ğŸ¥´Until then not again until I was about 0. 	2
1371139400235683844	2349374112	My toxic trait is that I still think I can go out on a work night	0
1371139350558298117	1359854229121335296	I wish I had friends to go out to eat rn.	2
1371138611245166596	330536739	I want to go out to eat today	2
1371135921291202562	3394286375	 I dont disagree with that point. But why go out of your way??? Talk freely if you want but doing that is malicious. Just talk to the friend or stop inviting them out cause they bring their man ertime	2
1371133423558000641	34764324	Going out to eat is cool, but I feel you should be asking for plastic utensils at least.	0
1371120811403145217	73987740	â€œYou go to work, and sometimes what is demanded of you is that you break your heart. And at the end of the day, you hope that the spirit can help you put it back together. Itâ€™s a very mystical thing, artistry. But itâ€™s absolutely therapeutic for me.â€	0
1371107987922771970	435239737	I want to go out dancing so bad ğŸ˜­	2
1371107849800138753	45955056	i occasionally miss having a boyfriend when like the trash has to go out and... i have to be the one to take it. in short, i might finally let somebody love me this year lmao	2
1371106610358202368	1386502315	Everyday I go to school, itâ€™s just taking birth control! Itâ€™s amazing.	0
1371097082782699523	27771819	 Was thinking about this and a lot of times the final episodes didnâ€™t live up to the hype cause they try to go out with a bang so much.	2
1371090541585297412	303976333	I donâ€™t wanna go to work ğŸ˜¡ 	2
1371087838117306371	472758397	I would love to stay in my bed till 0 pm, then get up and get drunk off mimosas. Imma just go to work though.	2
1371070291573669895	39399394	  Same. I do get my nails done every two or three weeks and go out to eat once a month or so (and it has been in the same two restaurants during off-peak hours). I won't go back to the gym until I get vaccinated or they open more stuff.	2
1371037559841767424	828382334	Not going to work with one less hour of sleep would be siiiiiick rn	0
1370994811017306118	1319690503324110853	i knowww yall motherfuckers are gonna hit your kids with some â€œback in my day we WISH we could go to school but we couldnâ€™t because the PANDEMICâ€ ass shit when they dont wanna go	2
1370963380396244992	255604020	 I use an iron every time I dress to go out. ğŸ’ƒğŸ¾	0
1370936955962335232	385581129	â€œHaul you back to Mississippi...... send me back to school!â€ -Jerry Joseph	2
1370935732890656770	1242290893933043712	I love that every time I go out with ARMY friends I come home with an exciting fun-filled day, a full happy heart, and a shit ton of BTS faces ğŸ’œğŸ¥°âœ¨BORAHAE, YOU GUYS!!!Congrats on another successful cse,     ğŸ’œâœ¨ğŸ’œ 	0
1370929396966690822	1345101548465106944	Iâ€™m quitting to go to college	2
1370917602357350401	1136781737835585537	I wanna go out for drinks ğŸ¥²	2
1370914085974458370	627683978	I go to work then go to Verdansk babe I donâ€™t have time to cheat	2
1370906512705646601	2741398847	I keep agreeing to going out and drinking when really I should be sleeping and chilling. Like I was supposed to go through this phase when I was 0 now I am tired!!!	2
1370890268975726595	1145485937935310849	I got money, but if you got a foodstamp card... fuck i look like always going out to eatğŸ¤·ğŸ¾â€â™‚ï¸	2
