4755957498	2021-11-22T23:41:48.000Z	1462929336709779457	 As a Rams fan, some clowns in my section would always do the same thing. In the 0 years at the Coli I never met them once. It sucks but Vegas is like LA, Miami, or the Jerruh Dome, every snowbirds tryin ta visit.ğŸ¤®	{'place_id': '714789cf3b7a50d0'}
47057701	2021-11-22T23:11:42.000Z	1462921762467815430	  I say you fly to LA!	{'place_id': '3b77caf94bfc81fe'}
1262853708225802240	2021-11-22T22:57:53.000Z	1462918285851127810	i want to travel	{'place_id': '3b77caf94bfc81fe'}
1270083124928450560	2021-11-22T22:52:09.000Z	1462916843820118020	0-0 an estimated 0 million people were sick with influenza, 0 million seeking medical treatment. Hosting a  for your employees can boost employee participation in getting  Go to  for info on our concierge services in  +  	{'place_id': '3b77caf94bfc81fe'}
2372923580	2021-11-22T22:22:59.000Z	1462909500067700742	We are overwhelmed with all the generous support from   and community helping our neighbors in need. Our goal is to feed 0 families this Thanksgiving. To give, please visit  	{'place_id': '38ea9782c8d83a4b'}
1034913667395928064	2021-11-22T22:06:14.000Z	1462905288772636674	 fun fact: I worked on the final season of that showdespite the absurdity of the plot, those mfs got a good 0 seasons out of it and got to travel the world pretending every sound in the woods they hear is Bigfoot. quite literally one of the the biggest â€œreality tvâ€ scams ever	{'place_id': '3b77caf94bfc81fe'}
28131515	2021-11-22T22:02:11.000Z	1462904266553585666	 PS she lives in a hundreds of years old famous castle which she very publicly bought and whose address was on travel guides before she bought it and that is a tour bus stop.	{'place_id': '01c060cf466c6ce3'}
28131515	2021-11-22T21:42:49.000Z	1462899395045646338	        Her home address has been published on travel websites since before she bought the house - itâ€™s a historic castle/landmark. There are bus tours that stop in front of it every day.	{'place_id': '01c060cf466c6ce3'}
28131515	2021-11-22T21:41:41.000Z	1462899109992419328	   It was a historic site with the address published on travel websites before she purchased it, ffs.	{'place_id': '01c060cf466c6ce3'}
2234760798	2021-11-22T21:33:03.000Z	1462896935300337664	â€œThey werenâ€™t armed.â€ â€œNo one had a gun.â€ â€œIt was a normal tourist visit.â€ Mark Mazza, 0, from Indiana, has been charged with bringing a loaded gun into the US Capitol on Jan 0. 	{'place_id': '3b77caf94bfc81fe'}
28131515	2021-11-22T21:15:22.000Z	1462892486267789315	 Literally a google search for the house name pulls up a bazillion travel blogs with the street address included and photos.	{'place_id': '01c060cf466c6ce3'}
10368592	2021-11-22T21:02:51.000Z	1462889334042873856	  Thank you! FYI Dogs can visit Santa at Santa Monica Place on December 0th and 0th!	{'place_id': '3b77caf94bfc81fe'}
16716641	2021-11-22T20:43:09.000Z	1462884377998749697	  That river photo ğŸ˜ and the visit looks fun!	{'place_id': '3b77caf94bfc81fe'}
848640126	2021-11-22T20:36:18.000Z	1462882652260732933	Still waiting on  to visit	{'place_id': '3b77caf94bfc81fe'}
833041458609348608	2021-11-22T20:33:09.000Z	1462881862011944961	 You can 0% skip MK. Lots of cloned attractions and even when they are similar itâ€™s not that big of a deal. HM would be the biggest and as much as Peoplemover is fun, itâ€™s not worth a visit alone.	{'place_id': 'c84cc6061e2af8da'}
30736157	2021-11-22T20:15:11.000Z	1462877339260313602	Man it kinda just hit me that I have to pack for two trips today. I basically gonna come right back from Chicago, swap out my luggage and fly to Costa Rica. I also need to get my nails done but maybe I can do that in Chicago. I also need to buy weed. Ugh ğŸ˜­	{'place_id': '3b77caf94bfc81fe'}
546343195	2021-11-22T19:57:56.000Z	1462873001066516482	We are so thankful for all of our wonderful customersğŸŠ Visit our website at  and print out your FREE $0 Black Friday coupon valid NOW through Black Friday! Just a reminder: we will be CLOSED for THANKSGIVING!   	{'place_id': '6f24e28976abe656'}
2415155202	2021-11-22T19:50:43.000Z	1462871184337346563	Iâ€™ve always said, stop adding to the story and start answering questions left by whatâ€™s already told. Everytime they visit a space where lore and answers are expanded they do a fucking amazing job while also keeping it original. 	{'place_id': 'cce33d74ceffbe08'}
30284859	2021-11-22T19:47:39.000Z	1462870411134263306	fun weekend with my favorite crew!always so nice when family comes to visit ğŸŒ @ Santa Monica Beach - Calfornia 	{'place_id': '59612bd882018c51', 'coordinates': {'type': 'Point', 'coordinates': [-118.49000681, 34.00600091]}}
2752391339	2021-11-22T19:47:35.000Z	1462870395199967235	LAX to Belize $0 RT travel departing Jan-May multiple dates available 	{'place_id': '3b77caf94bfc81fe'}
2752391339	2021-11-22T19:18:56.000Z	1462863185375944706	Price Drop: LAX to San Salvador, El Salvador $0 RT nonstop travel departing Jan-early June multiple dates available 	{'place_id': '3b77caf94bfc81fe'}
2752391339	2021-11-22T19:15:03.000Z	1462862207746600960	JFK to Barcelona Spain $0-$0 RT travel departing Jan-mid June multiple dates available. Book: Ps. TAP Air letâ€™s you add a free stop over in Portugal for up to 0 days!	{'place_id': '3b77caf94bfc81fe'}
354339537	2021-11-22T18:44:23.000Z	1462854488511991808	Dogs = love. Sparky Rescued Me will raise $ & awareness about neurodiversity. Iâ€™m grateful for my Travel Connections cause they opened up my heart & soul to a new age: the Age of Aquarius. Drop a â¤ï¸ if you love ğŸ¶ğŸºğŸ¦ƒğŸª¶ğŸµğŸ¨ğŸ“š 	{'place_id': '3b77caf94bfc81fe', 'coordinates': {'type': 'Point', 'coordinates': [-118.43014506, 34.04658747]}}
2827689220	2021-11-22T18:18:53.000Z	1462848071130226696	Luckily my MIL is a clinical lab specialist and will be able to run our blood panels when we visit ğŸ‘ğŸ½Let's see ğŸ‘€ what's changed over the past 0 months.	{'place_id': '3b77caf94bfc81fe'}
24608788	2021-11-22T18:00:46.000Z	1462843513297465347	   Yo fluff you gotta come kick it! I get the sense you travel up and down the east coast a few times on a normal week anyway, no? Lfg!!!	{'place_id': '3b77caf94bfc81fe'}
218017668	2021-11-22T17:14:51.000Z	1462831959512551425	 And then you come visit in January ğŸ¤—ğŸ¥³	{'place_id': '3b77caf94bfc81fe'}
540222946	2021-11-22T17:02:05.000Z	1462828746314977280	  I keep a travel size can in my purse. ğŸ¤£ğŸ¦ 	{'place_id': 'b0b79caecef59fb5'}
2926657150	2021-11-22T17:01:14.000Z	1462828531419959298	Weâ€™re proud to donate to  this month! This non-profit is focused on serving the surrounding immigrant and refugee population by providing community-based public health aid. Please visit the top link in our bio to donate and volunteer! 	{'place_id': '3b77caf94bfc81fe', 'coordinates': {'type': 'Point', 'coordinates': [-118.25119882, 34.0870042]}}
22716731	2021-11-22T16:14:23.000Z	1462816739960315911	He knows weâ€™re getting ready to travelâ€¦ without him.      @ West Hollywood, California 	{'place_id': '1927193c57f35d51', 'coordinates': {'type': 'Point', 'coordinates': [-118.384, 34.0847]}}
1443947819505786880	2021-11-22T16:01:44.000Z	1462813557800665096	Go For A Ride Day ğŸš„ğŸš•ğŸš    	{'place_id': '3b77caf94bfc81fe'}
427208840	2021-11-22T15:28:40.000Z	1462805234040795136	Innovation tends to win! Canâ€™t wait to take pictures of the stars, and travel like this from a phone!       	{'place_id': '01c060cf466c6ce3'}
300963571	2021-11-22T15:25:01.000Z	1462804319267217411	Let's go one logical step further and ban resort fees. They're ridiculous and exploitive.    	{'place_id': '3b77caf94bfc81fe'}
1090683186424832000	2021-11-22T15:15:40.000Z	1462801966203953152	 is offering a 0% discount for all AR Filters & Motion Videos & Graphics until December 0th!Visit our website at  to begin your digital footprint journey today! 	{'place_id': '3b77caf94bfc81fe'}
1395845169069498369	2021-11-22T14:38:16.000Z	1462792553154035721	Coaches if your in So Cal for Thanksgiving my travel team   will be practicing this Sunday please get in contact with us we would love to have you come see us in action.Sunday, November 0th 0am-0pmMahogany Park0 Mahogany St Murrieta, CA  0	{'place_id': 'ef74afb7ccba74d6'}
210319527	2021-11-22T13:08:18.000Z	1462769912993042436	 I visited your apartment yesterday ğŸ¥° â€¢      	{'place_id': '97e336e1e3ed9e1e'}
1194437681650032641	2021-11-22T11:06:40.000Z	1462739303511986181	 Me too. Couple nights ago & roads were blocked off for travel	{'place_id': '3b77caf94bfc81fe'}
1310499703872659456	2021-11-22T09:43:38.000Z	1462718405505552392	I just want head , food , and have a guy make time for me. I donâ€™t care about expensive bags and jewelry, letâ€™s travel twice a year together instead.	{'place_id': '3b77caf94bfc81fe'}
1700596526	2021-11-22T07:14:01.000Z	1462680754916249607	if you know me you know i always gotta visit somewhere spooky 	{'place_id': '07d9cde81d481000'}
22189352	2021-11-22T07:13:01.000Z	1462680501961953281	Update/final: Smoke alarms were not present and/or working. Please take a moment to assure you have working smoke alarms in your home. Smoke alarms save lives. For more info about smoke alarms, please visit 	{'place_id': '70707114a9202b98'}
307490576	2021-11-22T06:23:42.000Z	1462668091272220674	thereâ€™s tons of ways to my heartâ€¦Pasta ğŸ Bread ğŸ¥– Cheese ğŸ§€ Ice Cream ğŸ¦ Puppies ğŸ¶ A Full Set & Mani Pedi ğŸ’…ğŸ¾ International Travel âœˆï¸ â€¦and the list goes on	{'place_id': '3b77caf94bfc81fe'}
1122379462895702016	2021-11-22T05:52:55.000Z	1462660341620346883	 Hello Kapil Bhaaji Love you. I always think when i visit India, I should come and meet you in your show, you've brought smile on my face after long time. I request you,to please help me to see you, in your show in February when i visit India with my wife.	{'place_id': '3b77caf94bfc81fe'}
237491876	2021-11-22T05:21:37.000Z	1462652467968032769	Loved my visit to  when I was in Phoenix last December. I want this next time! ğŸ˜Š 	{'place_id': '20ba6fb3b1ee82da'}
80451965	2021-11-22T05:12:32.000Z	1462650182428934150	Got to spend a few hours today with  from Texas at the  of the Pacific.     @ Aquarium of the Pacific 	{'place_id': '01c060cf466c6ce3', 'coordinates': {'type': 'Point', 'coordinates': [-118.19666862, 33.76230912]}}
26881131	2021-11-22T05:04:34.000Z	1462648174716219392	boyfriend, travel, new car ğŸ¥³ 	{'place_id': '3b77caf94bfc81fe'}
720479702532665344	2021-11-22T04:46:09.000Z	1462643543118266372	 Did i forget to tell you theyâ€™re coming to visit me?	{'place_id': '0c2e6999105f8070'}
1549821756	2021-11-22T03:58:30.000Z	1462631548679639043	Pathetic how I travel from one coast to another just to see this shit show ğŸ¤¦ğŸ»â€â™‚ï¸ğŸ¤¦ğŸ»â€â™‚ï¸ğŸ¤¦ğŸ»â€â™‚ï¸	{'place_id': '97e336e1e3ed9e1e'}
1227747681331793920	2021-11-22T03:57:34.000Z	1462631315086270467	Family came to LA to visit	{'place_id': '59612bd882018c51'}
362842387	2021-11-22T03:46:35.000Z	1462628550784077833	I KNOW THIS IS A LONG SHOT, BUT IF ANYONE HAS SEEN GROGU IN TERMINAL 0 AT LAX, PLEASE LET ME KNOW. HEâ€™S MY TRAVEL BUDDY AND Iâ€™M JUST TRYNA GET HIM HOME FOR MORE GROGUVENTURES!!! I think I left him at the sink in a restroom. (pls rt) ğŸ˜­ğŸ˜­ğŸ˜­   	{'place_id': '3b77caf94bfc81fe'}
1037867671	2021-11-22T03:46:04.000Z	1462628419695353857	If there wasnâ€™t so much Anjuna, deadass same, Iâ€™m so thankful the homies convinced me to visit that stage often ğŸ˜­ 	{'place_id': '3b77caf94bfc81fe'}
584917742	2021-11-22T03:37:38.000Z	1462626300145721350	staring today Iâ€™m gonna start acting so broke & only treat myself to take out on the weekends cause man I wanna save up so bad to live alone so I can have my friends in tx come visit me!	{'place_id': '3b77caf94bfc81fe'}
2380229564	2021-11-22T02:40:37.000Z	1462611951557623817	 Will travel to you for sureğŸ˜˜	{'place_id': '97e336e1e3ed9e1e'}
251029467	2021-11-22T02:22:29.000Z	1462607387206979586	 I need to come visit you like ASAP letâ€™s pls plan!	{'place_id': '3b77caf94bfc81fe'}
1231963726703497218	2021-11-22T02:15:48.000Z	1462605706209554432	ğŸš¨Real MadridğŸš¨Early game, no problemğŸ’ªğŸ¼We are not your typical fansToday our Socios&Socias gathered in our houseğŸ¤ The only home for FÃºtbol in the L.A. area  If you are ever in  come visit us and experience Madridismo like nowhere else  	{'place_id': '3b77caf94bfc81fe'}
15401047	2021-11-22T01:59:08.000Z	1462601511691698179	 Move somewhere warm and bring them to you. Or come visit me in CA. ;)	{'place_id': '01c060cf466c6ce3'}
632226295	2021-11-22T01:46:13.000Z	1462598258551754758	" I personally think armada is still the goat. He was never outside of top 0 and only lost to the same 0 players. He had to travel from Sweden and overcome more obstacles. Mango only won because he's more popular and plays ""cool"" lol Until Mango claims a  spot he's not my goat."	{'place_id': '3b77caf94bfc81fe'}
1393542794	2021-11-22T01:34:57.000Z	1462595426113130498	That shouldâ€™ve been a travel there. WTF?!	{'place_id': '3b77caf94bfc81fe'}
83696605	2021-11-22T01:07:41.000Z	1462588561941614594	Iâ€™m really gonna have to fly to Atlanta to get my hair done properly ğŸ™‚ I hate LA	{'place_id': '3b77caf94bfc81fe'}
348843021	2021-11-22T00:31:47.000Z	1462579527016607744	Travel, boyfriend & BUTTER ğŸ˜‚ğŸ˜‚ğŸ˜‚  Iâ€™ll take the butter on my travels lmao 	{'place_id': '3b77caf94bfc81fe'}
1079120511756468225	2021-11-22T00:24:15.000Z	1462577630079643652	The race to put supersonic flights back in the sky 	{'place_id': '19d41c6eff11e9d6'}
1252900134238576640	2021-11-23T23:44:34.000Z	1463292420938891264	I canâ€™t wait to visit my family for thanksgiving. ğŸ˜­	{'place_id': '3b77caf94bfc81fe'}
308136754	2021-11-23T22:08:08.000Z	1463268152142446594	Airport vibes !            ğŸ˜ŠğŸ˜œ  @ Hollywood Burbank Airport - BUR 	{'coordinates': {'type': 'Point', 'coordinates': [-118.35201089, 34.19649364]}, 'place_id': 'b0b79caecef59fb5'}
138643266	2021-11-23T21:45:26.000Z	1463262439902908420	  Unfortunately we will not be there tonight. We only travel for the post season however we will be cheering on the Bruins from Westwood ğŸ’™ğŸ»ğŸ’›	{'place_id': '3b77caf94bfc81fe'}
2234760798	2021-11-23T21:35:51.000Z	1463260028891131906	New video: Just â€œa normal tourist visitâ€. 	{'place_id': '3b77caf94bfc81fe'}
1740677816	2021-11-23T21:28:49.000Z	1463258260232761344	 travel penis beach	{'place_id': '3b77caf94bfc81fe'}
21372479	2021-11-23T20:44:38.000Z	1463247140319383558	Only for a moment and the moments goneâ€¦ ğŸ¦¸â€â™€ï¸     	{'place_id': '59612bd882018c51'}
2313564932	2021-11-23T20:38:17.000Z	1463245541375037445	Trying to travel home for the holidays is so stressful and so overpriced like I would actually like to skip them this year please and thank you	{'place_id': '3b77caf94bfc81fe'}
1357878790253211650	2021-11-23T20:16:13.000Z	1463239989752254466	My mom out here asking me for the recipe to a salad I made them on our last trip out to visit ğŸ˜­ğŸ¥º	{'place_id': '3b77caf94bfc81fe'}
32218597	2021-11-23T20:05:10.000Z	1463237205489422341	My nail tech today , he is from Vietnam and he told me how he was celebrating his thanksgiving in his culture and family and how my family celebrates. I am looking forward to actually visit Asia one day ğŸ’š	{'place_id': '3b77caf94bfc81fe'}
2278379204	2021-11-23T20:01:42.000Z	1463236334412185601	We got to visit Plastic Fabricators Inc today in Los Angeles! They built a beautiful new touch tank for us that is getting ready to be shipped. You can see some paper attached to the tank while itâ€™s still in the shop, and that will all be peeled off once the tank is installed. 	{'place_id': '3b77caf94bfc81fe'}
24433632	2021-11-23T19:56:32.000Z	1463235033813041155	Paying down my travel credit cardsâ€¦ 	{'place_id': '3b77caf94bfc81fe'}
1447200657836896261	2021-11-23T19:23:01.000Z	1463226598333685766	ğŸ’š gm. Travel safe my friend. 	{'place_id': '3b77caf94bfc81fe'}
1074844007275077632	2021-11-23T19:07:12.000Z	1463222620468428809	Weâ€™re looking for some fresh faces! Tag your favorite travel pages and influencers! @ Hollywood, California 	{'coordinates': {'type': 'Point', 'coordinates': [-118.33150864, 34.10142871]}, 'place_id': '3b77caf94bfc81fe'}
577514761	2021-11-23T19:04:42.000Z	1463221988617441280	PickUp USA Fitness is the premier destination for pickup basketball in the nation. Visit our website today at  to find a PickUp USA Fitness near you and experience a better way. 	{'place_id': '07d9dfff27c86002'}
1460368138843815938	2021-11-23T19:01:54.000Z	1463221287438880768	Visit ğŸ‡ºğŸ‡¸âœˆï¸ 	{'place_id': '81923aaf1207edc1'}
569641196	2021-11-23T18:52:51.000Z	1463219007255760898	 makes me wanna visit new york lmaooo	{'place_id': '4db990e393c2e28b'}
320383966	2021-11-23T18:35:24.000Z	1463214616893218819	 almost did! upper management told me to wait tho because I might be a Tech Lead soon and they travel 0% of the time anyways ğŸ’ªğŸ½	{'place_id': '3b77caf94bfc81fe'}
76365702	2021-11-23T18:09:59.000Z	1463208220076351488	Hereâ€™s a first look at â€™s 0 - 0 year old  hosted last Friday! ğŸ‘§ğŸ§’ğŸ‘¦So many little ones came out with their families to get that extra layer of protection from â€¦ right before the holiday season too! ğŸ‚Get vaxâ€™d! Visit:  	{'place_id': '206e932cc0e89fa2'}
854764931995979777	2021-11-23T16:46:19.000Z	1463187165450358787	A phone case is also an investment!ğŸ“±Double tap if you agree ğŸ’™-Donâ€™t forget to visit The Fix Northridge and get the perfect case for your phone ğŸ‘‡ğŸ»0ğŸŒ â € 	{'place_id': '07d9d220ed085001'}
415599621	2021-11-23T16:34:55.000Z	1463184294482886657	Interesting commentaryâ€¦a shame that conspiracy theorists have the luxury of making up fantastical claims, while science has to work w/in the confines of logic & reason. I guess that is why conspiracy theories travel faster than truthâ€¦ â¦â© 	{'place_id': '3b77caf94bfc81fe'}
21633069	2021-11-23T16:30:40.000Z	1463183226814361608	One thing about LA during the holidays is the traffic, thatâ€™s right go back home and visit yâ€™all families from your OG state lol	{'place_id': '3b77caf94bfc81fe'}
135091457	2021-11-23T16:05:29.000Z	1463176886973050880	PLS I CAN LITERALLY FLY TO NYC NOW WHATS STOPPING ME ğŸ™‡â€â™€ï¸	{'place_id': '0c2e6999105f8070'}
705920763996434432	2021-11-23T15:32:20.000Z	1463168544657530891	I took my girls for an explanation experience experiment. The Cali I travel has been tele transported. To the area of New Jersey. True or false?	{'place_id': '56909099a1d44057'}
159753152	2021-11-23T15:29:54.000Z	1463167933589471236	Stay bright & visible on your runs & walks with the  Strobe Flash Flashing Clip Light. Visit our stores to see the full line of visibility products we carry to help keep you safe.     	{'place_id': '07d9e3cf57081000'}
51279016	2021-11-23T15:29:47.000Z	1463167904938184706	 If youâ€™re not comfortable traveling in the presence of strangers, travel in your car. Your immune system is no oneâ€™s problem but your own. Stop asking others to make sacrifices for your health. Itâ€™s not our problem.	{'place_id': '3b77caf94bfc81fe'}
24769649	2021-11-23T15:16:24.000Z	1463164537746698241	 Time to visit the cafe coach.	{'place_id': '3b77caf94bfc81fe'}
256849947	2021-11-23T14:37:06.000Z	1463154645082075141	There are times when all I want is to drop everything and take this little dude and travel the world and meet kind people. Is that too much to ask?ğŸ˜’  	{'place_id': '3b77caf94bfc81fe'}
129637929	2021-11-23T14:32:19.000Z	1463153442629685248	The NYT reports this morning that Covid-0 cases are up with no reasonable explanation of the pattern. Isn't it about time airline travel is subject to vaccine mandates?	{'place_id': '1927193c57f35d51'}
1420947326978256902	2021-11-23T14:27:06.000Z	1463152131930611715	I am available now in Chatsworth, California, United States! To get in touch, visit me on  	{'place_id': '3b77caf94bfc81fe'}
55343577	2021-11-23T14:23:08.000Z	1463151132503543812	Itâ€™s 0 in LAâ€¦ no Iâ€™m not excited to go back home to ATL where the high is 0â€¦ on my days offâ€¦ I luv my momma but Iâ€™m over holiday travel when it doesnâ€™t suit meâ€¦	{'place_id': '3b77caf94bfc81fe'}
7121092	2021-11-23T13:52:06.000Z	1463143321287626759	   The  display actually has a pen with adoptable dogs to visit with!	{'place_id': '3b77caf94bfc81fe'}
79881538	2021-11-23T09:20:41.000Z	1463075018447867914	I wanna get paid to travel ğŸ¥º	{'place_id': '3b77caf94bfc81fe'}
23872146	2021-11-23T09:19:36.000Z	1463074744652247041	Touchdown Lalaland.. ğŸ‡ºğŸ‡¸ Saya mag travel.. havenâ€™t done this in a looong time.. ğŸ›© @ Tom Bradley International Terminal - Los Angeles International Airport 	{'coordinates': {'type': 'Point', 'coordinates': [-118.40959042, 33.94306005]}, 'place_id': '3b77caf94bfc81fe'}
20660296	2021-11-23T09:08:59.000Z	1463072072913936386	 Those ideas suck beauty is in the eye of the beholder discover what you find beautiful and travel there	{'place_id': '3b77caf94bfc81fe'}
164120417	2021-11-23T08:00:51.000Z	1463054929078013955	 Sounds about right. Everyone but the Secret Service anticipated Dallas to be a dangerous place for JFK to visit.	{'place_id': 'b0b79caecef59fb5'}
165756580	2021-11-23T07:44:31.000Z	1463050814625361925	Thank you for coming to visit!  Canâ€™t even begin to express how proud and happy I am of you! Keep up the amazing work. See you on the Big screen! ğŸ˜‰      	{'coordinates': {'type': 'Point', 'coordinates': [-118.08080256, 33.85748884]}, 'place_id': '19d41c6eff11e9d6'}
20660296	2021-11-23T07:18:51.000Z	1463044359171964934	I still donâ€™t care ğŸ¤·â€â™‚ï¸ about the price of egld blockchain technology isnâ€™t about money itâ€™s a vision of what the world could be like Iâ€™ve been living this way for 0 years waiting for everyone to come to my house party fly to LA	{'place_id': '3b77caf94bfc81fe'}
360027939	2021-11-23T07:01:00.000Z	1463039867093282816	 I miss the days when you would fly first class and get offered a pre-flight beverage while you waited for everyone to board. Flying used to feel magical. 	{'place_id': '3b77caf94bfc81fe'}
727318827327959044	2021-11-23T06:47:11.000Z	1463036390237564929	              Exactly! I just hope Thomas gets back full custody of his son after he buys a home. Hope can visit. ğŸ™„	{'place_id': '07432bdb1901f862'}
1316457167457783808	2021-11-23T06:40:50.000Z	1463034788567150598	crazy how niggas wanna come visit when they see you up.foh.	{'place_id': '1927193c57f35d51'}
14456685	2021-11-23T06:36:08.000Z	1463033607094558727	i havenâ€™t been to a doctor in A Very Long Time (0 ğŸ’€), and i think a visit to urgent care in the AM is needed.	{'place_id': '3b77caf94bfc81fe'}
1052250856316231680	2021-11-23T05:46:48.000Z	1463021192353234949	  go visit 	{'place_id': '01c060cf466c6ce3'}
1326258313	2021-11-23T05:00:52.000Z	1463009634101252099	the nomadic urge to take my savings & travel off to a new place & go backpacking again & just simply be	{'place_id': '3b77caf94bfc81fe'}
102262112	2021-11-23T04:58:54.000Z	1463009135725711366	Itâ€™s back and better than ever! Check out the 0  now through Nov. 0 at the LA Convention Center.         and other new cars, concept cars and cars you can test drive  	{'place_id': '3b77caf94bfc81fe'}
2455492735	2021-11-23T03:56:43.000Z	1462993490871083011	Almost time!! Just got to    	{'place_id': '3b77caf94bfc81fe'}
32473175	2021-11-23T03:41:07.000Z	1462989563400310784	 My wife was allergic to dogs and cats so when she was little the family would go visit their country cousins where she would chase down & cuddle a chicken.	{'place_id': 'b0b79caecef59fb5'}
49516492	2021-11-23T03:33:45.000Z	1462987707739607042	 I used to go there when we would visit when I was a tween so I could get discovered, I was obsessed with the torches!	{'place_id': '3b77caf94bfc81fe'}
70319747	2021-11-23T03:24:22.000Z	1462985349634813953	Everytime I go into a store they ask me if I have the app ğŸ˜…. I'm like I visit this place once a year ğŸ¤·ğŸ¾â€â™‚ï¸, I'm not downloading an app for this.	{'place_id': '3b77caf94bfc81fe'}
976537695869530112	2021-11-23T03:24:09.000Z	1462985293007663104	There is still time to pre-order our beautiful thanksgiving Turkey! Visit our website or call us to place an order. @ Los Angeles, California 	{'coordinates': {'type': 'Point', 'coordinates': [-118.2445, 34.0564]}, 'place_id': '3b77caf94bfc81fe'}
20348018	2021-11-23T03:10:08.000Z	1462981767376224256	Look, let he who hasnâ€™t done this on a typical tourist visit to a museum cast the first stone. 	{'place_id': 'c1e1a49e92ce1ba0'}
1420947326978256902	2021-11-23T01:35:52.000Z	1462958042450849793	I am available now in Chatsworth, California, United States! To get in touch, visit me on  	{'place_id': '3b77caf94bfc81fe'}
3941097740	2021-11-23T01:15:59.000Z	1462953039711535106	Canâ€™t believe this is November and so warm at 0 F. But a gorgeous view nonetheless         @ Redondo Beach, California 	{'coordinates': {'type': 'Point', 'coordinates': [-118.3885, 33.8492]}, 'place_id': 'e1e35d357ceefa52'}
1166185581996494849	2021-11-23T01:14:43.000Z	1462952718515855367	 Fall in love with someone, write a book, climb Kilimanjaro, travel and taste the foods around the world, raise a family, run an ultra marathon,bicycle across the U.S., find meaningful work, and become financially free.^ get rich or die tryinâ€™	{'place_id': '10de09f288b1665c'}
3941097740	2021-11-23T01:05:54.000Z	1462950499712339971	Red, red and more red. But beautiful.           @ Redondo Beach, California 	{'coordinates': {'type': 'Point', 'coordinates': [-118.3885, 33.8492]}, 'place_id': 'e1e35d357ceefa52'}
25203689	2021-11-23T01:03:08.000Z	1462949805756272641	 go to Austin lol when Jesse and I visit my parents we can hangout ğŸ˜‚	{'place_id': '3b77caf94bfc81fe'}
71567606	2021-11-23T00:39:27.000Z	1462943844937265152	 I just showed my son your pic.  Before the pandemic he was considering MIT.  He never got to visit.  One day Iâ€™ll have to drag him back there. :)	{'place_id': '0654b676d0359a31'}
1271919677950660608	2021-11-23T00:08:09.000Z	1462935967677878277	Had a great time on my visit to UC San Diego & just wanted to send thanks to one of the nicest coaching staffs there is & also all the girls for letting me join in on the fun!! Thank you!!      	{'place_id': '0b93bc6a33455615'}
57805365	2021-11-23T00:05:16.000Z	1462935243795558409	 For more information on the ways we can help your music career you are welcome to visit our official website  or contact the office at info	{'place_id': '3b77caf94bfc81fe'}
57805365	2021-11-23T00:02:14.000Z	1462934480050528257	 For more information on the ways we can help your music career you are welcome to visit our official website  or contact the office at info	{'place_id': '3b77caf94bfc81fe'}
53116971	2021-11-24T23:44:13.000Z	1463654721927868418	First visit back to a museum today, to view the incredible portraits of the Obamas. Definitely worth a visit to experience in person (photo installation is inspired by both portraits) 	{'place_id': '07d9e39f42083003'}
383323864	2021-11-24T23:28:44.000Z	1463650824928653317	  Beverly & LaCienga station is even higher, but it's $0 less a few blocks away - I have never seen this disparity in prices in any other city	{'place_id': '3b77caf94bfc81fe'}
444061874	2021-11-24T22:11:54.000Z	1463631490198097921	The restaurant I work at has been nominated by  for Best New Restaurant of 0, if you want to support ya boy go vote for MatÅ« at this link ğŸ˜ 	{'place_id': '3b77caf94bfc81fe'}
35877587	2021-11-24T22:09:52.000Z	1463630975829610498	News worthy traffic! L.A.â€™s infamous Thanksgiving traffic gridlock expected to return with vengeance  	{'place_id': '3b77caf94bfc81fe'}
1240247544	2021-11-24T21:41:00.000Z	1463623711815135235	On my way to LAX! Everyone travelling for the holidays be safe, mask up and have a good time!!! xoxo 	{'place_id': 'b0b79caecef59fb5'}
16108971	2021-11-24T21:24:16.000Z	1463619499815411718	0 million travelers expected over Thanksgiving - 	{'place_id': '3b77caf94bfc81fe'}
3142347147	2021-11-24T21:23:56.000Z	1463619416281673730	My new travel recruiter is the best.	{'place_id': '10de09f288b1665c'}
1408889839	2021-11-24T21:23:19.000Z	1463619261272715266	 waiting for you to come visit ğŸ™„	{'place_id': '0c2e6999105f8070'}
1463356894236446727	2021-11-24T21:17:20.000Z	1463617756436201475	If you want Korean hot dogs definitely visit Two Hands Seoul Fresh Corn Dogs located upstairs of California Market. They have Korean pizza, hotdogs and shaved ice located all upstairs. FREE PARKING!	{'place_id': '3b77caf94bfc81fe'}
1463356894236446727	2021-11-24T21:13:09.000Z	1463616704127242243	HI ARMY, so Iâ€™m gonna make a thread of location you can visit on a budget since merch, travel, etc for  is a bit expensive for those traveling! Since everyone will wanna visit Aghassi Gopchang bcus of BTS	{'place_id': '3b77caf94bfc81fe'}
36375130	2021-11-24T20:59:49.000Z	1463613347207659524	Happy Thanksgiving Everyone  from Travel Safe!            	{'place_id': '3b77caf94bfc81fe'}
1022646600659693569	2021-11-24T20:37:45.000Z	1463607795618443267	Perhaps I shouldn't visit a country that treats its citizens like shit. 	{'place_id': '3134f9d2892d2685'}
178314403	2021-11-24T20:34:53.000Z	1463607075376795650	But why would a bitch that really looks like that on ig fly to him ğŸ¤¨ 	{'place_id': '3b77caf94bfc81fe'}
74324560	2021-11-24T20:22:54.000Z	1463604057365307393	âœˆï¸This  holiday travel story will tug at your heartstrings. â¤ï¸Praying all travelers get to their destination safely! 	{'place_id': '3b77caf94bfc81fe'}
289363491	2021-11-24T19:47:47.000Z	1463595219606142981	"One of the best NA M/M romance books of the year.  This story continues to visit my thoughts even though I finished reading it months ago.""As Far as You'll Take Me"" by Phil Stamper "	{'place_id': '3b77caf94bfc81fe'}
2313072774	2021-11-24T19:12:26.000Z	1463586325085372416	I only get the day off so I couldnâ€™t travel home for the holiday. 	{'place_id': 'f2b1ac6c9d15503f'}
1463356894236446727	2021-11-24T18:39:25.000Z	1463578014470402052	I havenâ€™t really seen people share affordable but good places to eat during your LA visit for BTS PTD concert! Would anyone like me to do a video on tiktok?!   	{'place_id': '3b77caf94bfc81fe'}
99176855	2021-11-24T18:32:17.000Z	1463576219455164417	i ainâ€™t gon lie to you... ik im fly to you	{'place_id': '97e336e1e3ed9e1e'}
39166744	2021-11-24T17:41:17.000Z	1463563384117415936	Thank you  for our beautiful flowers for Momâ€™s visit there Gorgeous!!! â¤ï¸ğŸ§šğŸ¾â€â™‚ï¸ğŸ™ğŸ½ğŸ’ğŸŒ¹ğŸ˜˜ğŸ˜‡ make being kind the normal and muting out gossip and naysayers.  â¤ï¸ â¤ï¸  	{'place_id': '3b77caf94bfc81fe', 'coordinates': {'type': 'Point', 'coordinates': [-118.3136344, 34.09073173]}}
2728340596	2021-11-24T17:15:33.000Z	1463556909529636864	 I would pay actual money for you to visit Chicago in January and live tweet it lmao	{'place_id': '3b77caf94bfc81fe'}
64491829	2021-11-24T16:46:51.000Z	1463549688506765317	Doing that Thanksgiving thing where you visit friends from childhood. Pretty excited actually to catch up onâ€¦our whole lives. Or maybe weâ€™ll just drink ğŸ·	{'place_id': '3b77caf94bfc81fe'}
1934858142	2021-11-24T16:19:36.000Z	1463542830358405127	   Iâ€™m hoping itâ€™s still playing when I visit in April!	{'place_id': '01c060cf466c6ce3'}
80451965	2021-11-24T16:04:23.000Z	1463538999448981517	My little cousins from El Paso enjoying their very first time in the ocean.         @ Los Angeles, California 	{'place_id': '3b77caf94bfc81fe', 'coordinates': {'type': 'Point', 'coordinates': [-118.2445, 34.0564]}}
2752391339	2021-11-24T15:10:39.000Z	1463525479160311811	PHL to Cancun MX $0 RT nonstop travel departing Jan 0 multiple returns available 	{'place_id': '3b77caf94bfc81fe'}
75720951	2021-11-24T15:09:48.000Z	1463525264927825924	Things are heating up at   Lines are getting longer.  Traffic is steady.  Crowds over the  holiday travel period are expected to be the biggest since the  began.  	{'place_id': '07d9d2134a083003'}
2752391339	2021-11-24T15:07:34.000Z	1463524703423721474	JFK to Cancun $0 RT nonstop travel departing Jan-May multiple dates available 	{'place_id': '3b77caf94bfc81fe'}
171672792	2021-11-24T15:06:00.000Z	1463524307145879552	Well, only one comes with the ability to travel through time. A pretty nice perk. 	{'place_id': '3b77caf94bfc81fe'}
1369088263873392652	2021-11-24T14:58:41.000Z	1463522465762537473	Good photography shot for Belize 0   	{'place_id': '3b77caf94bfc81fe'}
2752391339	2021-11-24T14:46:46.000Z	1463519466365489159	JFK to San Jose Costa Rica $0 RT nonstop travel departing end of Nov-early Dec multiple dates available 	{'place_id': '3b77caf94bfc81fe'}
754054063256244224	2021-11-24T13:12:30.000Z	1463495745038741510	Itâ€™s that time again!! Expect delays on the road this  holiday.  is tracking current conditions & Iâ€™ve got AAAâ€™s best/worst time to travel predictions. Join us on  	{'place_id': '2da132a7bfebfc0c'}
180961343	2021-11-24T13:07:21.000Z	1463494446423502850	I always appreciate Uber drivers who are early and in a good mood. Travel day  is off to a great start  	{'place_id': '01c060cf466c6ce3'}
228525045	2021-11-24T12:46:58.000Z	1463489316873670666	 Those Prevost busses are the best! I love the two tone trim on outside. They donâ€™t make em any more. Thatâ€™s the only way for rockstars like you to travel!	{'place_id': '20ba6fb3b1ee82da'}
198420647	2021-11-24T08:13:47.000Z	1463420571610275841	 Barely! They tried to play us at first with some damn travel points ğŸ¤¡	{'place_id': '3b77caf94bfc81fe'}
19542354	2021-11-24T07:51:48.000Z	1463415036093747203	I just started to learn:When asked - â€œwould you be willing to travel?â€-donâ€™t say yes - say â€œif the compensation is substantialâ€ 	{'place_id': '905627646db90fef'}
15557616	2021-11-24T07:12:14.000Z	1463405080590237699	Boyfriend, Travel and  	{'place_id': '3b77caf94bfc81fe'}
123634478	2021-11-24T06:10:27.000Z	1463389530828857348	 We ainâ€™t gonna talk about that travel but he hit that bitch	{'place_id': '3b77caf94bfc81fe'}
844369957	2021-11-24T06:05:30.000Z	1463388287804919812	Pedestrians Have the Right of WayMillions of people visit  each year. Please slow down, especially on Santa Monica Blvd.We want everyone to enjoy the music, food & fun atmosphere without worrying about speeding cars     	{'place_id': '1927193c57f35d51'}
1381512047100272648	2021-11-24T04:54:01.000Z	1463370296103161860	Tea, Music,  you and friends together!WhereÂ youÂ are,Â whereÂ ES0Â is,Â andÂ whereÂ theÂ holidaysÂ are.Â       	{'place_id': '3b77caf94bfc81fe'}
1927853785	2021-11-24T04:45:18.000Z	1463368103404789769	Please contact your doctor or healthcare provider for guidance on when or if you will need your â€œboost to immunity.For more information, visit  	{'place_id': 'd71cc91cb651e322'}
829148807166205952	2021-11-24T04:08:39.000Z	1463358880944066561	 is my dream travel buddy, always has snacks and wants to have a good time   	{'place_id': '3b77caf94bfc81fe'}
19686449	2021-11-24T03:17:12.000Z	1463345930871062529	  Miami is all about cocktails and that place is now at the top of my list for my next visit	{'place_id': '3b77caf94bfc81fe'}
637300443	2021-11-24T02:47:07.000Z	1463338360483684360	How far are yâ€™all willing to travel to a gym u really like?? Cause the gym in weho is not doing it for me	{'place_id': '1927193c57f35d51'}
404261249	2021-11-24T02:23:08.000Z	1463332327023472643	I like our talks it feels like when I would hang out with a friend after school and we would either mess with each other and gross each other out or talk about our favorite shows. Hope you visit LA again and maybe we can hang this time!	{'place_id': '3b77caf94bfc81fe'}
1212330597055467520	2021-11-24T02:21:50.000Z	1463331999142137856	"    I sure enjoyed your city last week, used to visit the Malibu Colony Estates and then living there, actor and friend Larry ""JR"" Hagman, there with his wife Maj. ğŸ”µ Blue skies, glassy waves and delicious foods! Thank you! ğŸ‘âœï¸ğŸ™‚ "	{'place_id': '3b77caf94bfc81fe'}
224557574	2021-11-24T02:18:56.000Z	1463331268528009219	I think I need to visit Colorful Colorado again ğŸ¤”	{'place_id': '1193edda55d6fa3d'}
2314704452	2021-11-24T01:44:19.000Z	1463322558841835521	The holiday travel smog is giving LA the cutest sunsets	{'place_id': '3b77caf94bfc81fe'}
1061024385224474624	2021-11-24T01:31:47.000Z	1463319401176780802	 Off to the Olympic peninsula to visit friends who have just fled our post apocalyptic palm tree City	{'place_id': '3b77caf94bfc81fe'}
20548784	2021-11-24T01:27:14.000Z	1463318256324734979	It appears Thanksgiving travel in Los Angeles is back. 	{'place_id': '3b77caf94bfc81fe'}
3884508195	2021-11-25T23:37:06.000Z	1464015318875926561	I had such a good time in Palm Springs! I need go to go back for a longer visit. The men there were so nice and made me feel so sexy.	{'place_id': '3b77caf94bfc81fe'}
323400541	2021-11-25T22:07:57.000Z	1463992882012966915	 You donâ€™t travel what non in town bars do you usually go too??	{'place_id': '3b77caf94bfc81fe'}
1462025486389981189	2021-11-25T21:53:06.000Z	1463989144913264686	 You should visit my Etsy!!	{'place_id': '3b77caf94bfc81fe'}
3319680269	2021-11-25T19:57:03.000Z	1463959938326315011	Repost â€¢  The  GMT 0Âº in its final form. Such a low-key cleverly designed travel watch by Thank you     @ Los Angeles, California 	{'place_id': '3b77caf94bfc81fe', 'coordinates': {'type': 'Point', 'coordinates': [-118.2445, 34.0564]}}
2419229252	2021-11-25T18:38:30.000Z	1463940172127490077	This year I was able to graduate college, travel the world w my brothers, get a new job, and make so many new relationships/friendships w so many real mfs. Through the ups and downs Iâ€™m thankful for it all. Happy thanksgiving ğŸ¦ƒ everybody	{'place_id': '3b77caf94bfc81fe'}
1256283974311108608	2021-11-25T18:12:05.000Z	1463933524101111809	 It stems 0 days, combo of Christmas and Thanksgiving. Supposed to travel across all 0 states and eat turkey in each one as is tradition.	{'place_id': '3b77caf94bfc81fe'}
36418270	2021-11-25T16:20:27.000Z	1463905431848431618	Iâ€™M ON A PLANE!!!!         @ LAX 	{'place_id': '3b77caf94bfc81fe', 'coordinates': {'type': 'Point', 'coordinates': [-118.39844, 33.9444]}}
620255756	2021-11-25T15:27:19.000Z	1463892060952428544	0 L.A. thrift stores where you can find the best vintage, zero-waste holiday gifts  Time for you to come visit   	{'place_id': '3b77caf94bfc81fe'}
83983521	2021-11-25T13:14:19.000Z	1463858588384854020	 So does that mean you stayed home in Chicago and didnâ€™t fly to my â€œdick(neck) of the woodsâ€? :-( I was hoping that I would finally get a chance to shake your prolapse rose (hand) this year in the flesh.	{'place_id': '3b77caf94bfc81fe'}
391664487	2021-11-25T09:46:44.000Z	1463806350450827276	if you know me then you know that my love language is gifts, and even tho I had to do this ones a little bit rushed (and able to travel with them on a bus) I can assure you I put all my love and effort on them. canâ€™t wait for Friday 	{'place_id': '19d41c6eff11e9d6'}
182447811	2021-11-25T08:28:53.000Z	1463786757745307648	 ğŸ¤—ğŸ˜˜ğŸ˜˜ğŸ‘ŒğŸ¾ Babyyyy I miss you .. I travel now fuck that I gotta see you!!	{'place_id': '3b77caf94bfc81fe'}
1294749498711842816	2021-11-25T08:06:41.000Z	1463781170890432518	I came to visit my animal friends here on Twitter â¤ï¸	{'place_id': '3b77caf94bfc81fe'}
50139940	2021-11-25T06:21:35.000Z	1463754719889817601	Touched by my visit to the Panorama City Rock Garden today, where a neighborhood group has reclaimed a strip of dirt along the channelized Tujunga wash in Los Angeles. It had plantings of succulents and cacti with thoughtfully painted rocks throughout. 	{'place_id': '5a5619f28334e490'}
101689025	2021-11-25T06:05:24.000Z	1463750647149330436	  Currently watching a helpdesk ticket travel the globe, meanwhile we answer our phones and itâ€™s dead on the other sideâ€¦	{'place_id': '3b77caf94bfc81fe'}
1371871444863356929	2021-11-25T05:50:47.000Z	1463746971445780481	of someone did tynis for me id levitate and fly to	{'place_id': 'c1e1a49e92ce1ba0'}
15359901	2021-11-25T05:31:32.000Z	1463742126664163329	Worst carry on ever. I do not recommend it.    @ LAX - Los Angeles International Airport 	{'place_id': '3b77caf94bfc81fe', 'coordinates': {'type': 'Point', 'coordinates': [-118.40215254, 33.93745327]}}
2681048384	2021-11-25T04:10:07.000Z	1463721635769290753	"   Then, when I read the focus of the ds0 designed to vet terrorists. Drug cartels, human traffickers I suddenly realized the meaning of, "" they're coming here. Drug dealers. Murderers, rapists."" Why he needed to block Latin Americans. They ""all"" are worthy of travel ban per DJT"	{'place_id': '10de09f288b1665c'}
1458215202143432706	2021-11-25T03:55:45.000Z	1463718021789151236	Check out PCC's newest bible study. Visit the following platforms for the complete video: Facebook: Pacific Christian Center  Instagram: Pacific Community CenterYouTube: Pacific Community Center Upland For more info about PCC and their ministries visit  	{'place_id': '7b2a70199c4d7b6d'}
43032508	2021-11-25T02:54:02.000Z	1463702489719521285	One of the many farmersâ€™ markets I plan to visit in SoCal because â€” sunshine, fresh produce & happy people ğŸ˜‰ Any recos? ğŸ‡ºğŸ‡¸ @ Original Farmers Market, Los Angeles 	{'place_id': '3b77caf94bfc81fe', 'coordinates': {'type': 'Point', 'coordinates': [-118.36043358, 34.07210652]}}
706068198	2021-11-25T01:59:32.000Z	1463688773917499395	Did I really fly to LA to go to a  concert? Yesssssir ğŸ˜œğŸ¤© we litttt	{'place_id': '3b77caf94bfc81fe'}
20660296	2021-11-25T01:37:04.000Z	1463683121971281926	Who wants to fly to LA and eat food with me with all my favorite restaurants got shut down :-( which means you pick the place lol ğŸ˜‚ 	{'place_id': '3b77caf94bfc81fe'}
1167159309668503553	2021-11-25T01:24:24.000Z	1463679933335568387	 Growing up a Yankee fan, Phil Niekro inspired me to learn to throw a knuckleball. After a lot of practice, and up 0-0 in a junior high school game, I finally threw one. It didnâ€™t knuckle and it was very quickly 0-0.  An angry managerial mound visit resultedâ€¦	{'place_id': '59612bd882018c51'}
1450592975474475009	2021-11-25T00:55:49.000Z	1463672738791374855	Always happy to work with our customers with any custom requests on our products. As an example, we put together  characterâ€™s Miguel and Dante with custom text for a special order. Feel free to DM us or visit our  shop for more info! Link in bio. 	{'place_id': '3b77caf94bfc81fe'}
1008089451027812352	2021-11-25T00:23:42.000Z	1463664658326253574	 Sale ğŸ™Œ Come visit us ğŸ˜„  	{'place_id': '07d9c98b2f488001'}
19889880	2021-11-25T00:18:37.000Z	1463663376718991361	        I think our society just expects that people travel with company. I tend to do most things on my own and I always get odd looks. Whether it's eating, going to a museum, or traveling, I think it just looks out of place in our culture to be alone.  Enjoy!! ğŸ˜Š	{'place_id': '3b77caf94bfc81fe'}
206023888	2021-11-25T00:02:05.000Z	1463659216585912323	Low key want to fly to Chicago to just mail myself back a ton of pies and cheesecakes like I think thatâ€™s affordable enough in like a couple months	{'place_id': '3b77caf94bfc81fe'}
961968824735207424	2021-11-26T23:51:21.000Z	1464381292208803840	My granddad had one of these. I wish he still did. Fun little squirt of a biplane that was just hard enough to fly to keep it interesting.Itâ€™s a Stolp Starduster Too 	{'place_id': '122aef8d6840943b'}
1193131393548599296	2021-11-26T23:49:34.000Z	1464380841136562182	Told my self I wasnâ€™t going to visit this place anymore	{'place_id': '3b77caf94bfc81fe'}
1670110596	2021-11-26T23:09:03.000Z	1464370644607401985	ğŸ‡¦ğŸ‡º AUSSIES REPRESENT! ğŸ‡¦ğŸ‡ºAfter a couple of months planning the logistics of how to travel in a Covid environment and a 0 hour flight, this baby ARMY is finally here to see  ğŸŒâœˆğŸ¥³ Party party yeah!!!Kim Taehyung - I'm here to see you!ğŸ¥°ğŸ’œ  	{'place_id': '97e336e1e3ed9e1e'}
467596642	2021-11-26T22:41:19.000Z	1464363666497695744	  I'm a certified Welder. Make way more than a gamestop employee and I wouldn't dare travel for four hours on my wage. Making them open for four hours on Thanksgiving is disrespectful as hell.	{'place_id': '05b5c83b6407aaac'}
2471406504	2021-11-26T21:55:56.000Z	1464352245013782529	Give the gift of Health and Wellness this season.  Visit  to purchase.        @ Moya Body-Care 	{'coordinates': {'type': 'Point', 'coordinates': [-118.29286917, 33.8321399]}, 'place_id': '1d62d313a45d799f'}
20660296	2021-11-26T21:38:51.000Z	1464347947932393473	  Screw it 0 is when Iâ€™ll travel the world letâ€™s party in Syria ğŸ‡¸ğŸ‡¾ and film ğŸ¥ it just to say we did it there	{'place_id': '3b77caf94bfc81fe'}
863046650721337345	2021-11-26T21:34:00.000Z	1464346726106423297	Pandemic travel restrictions are back, along with the usual exemptions for citizens. Because if there's one thing we've learned in the last 0 months, it's that this virus checks your citizenship first, and takes special care to steer clear of Americans?	{'place_id': 'a75bc1fb166cd594'}
256852964	2021-11-26T21:00:41.000Z	1464338341520830471	Guess travel bans aren't racist anymore...	{'place_id': '01c060cf466c6ce3'}
1038109669	2021-11-26T20:34:27.000Z	1464331740059557891	This one hurts...... coach Steve was one of Brooklynâ€™s travel coaches, one of her biggest supporters and mentors in her pitching game . Gone way too soon ğŸ˜¢ 	{'place_id': '0706a21788cadb8d'}
250427357	2021-11-26T20:29:44.000Z	1464330552283058176	 could you imagine if Trump travel banned 0 African countries?	{'place_id': '0c2e6999105f8070'}
1022646600659693569	2021-11-26T19:53:03.000Z	1464321320385056771	 I hope if you ever visit America, you tried Cuban food. I think you will like it and soul food too.	{'place_id': '3134f9d2892d2685'}
222957799	2021-11-26T19:40:24.000Z	1464318137248083971	My lord. Context and critical thinking is really lost on some of you. HUGE difference in restricting travel because you feel like it vs restricting travel because of a pandemic/new virus variants. 	{'place_id': 'eb1bb64775708bc1'}
1355658244379738113	2021-11-26T19:39:44.000Z	1464317970906185731	 Hope u can visit California soon I WANT THAT ğŸ†ğŸ†ğŸ’¦ğŸ’¦ 	{'place_id': '2feb76248fd9c581'}
1079120511756468225	2021-11-26T19:37:34.000Z	1464317423083945984	BREAKING NEWS: Travel restrictions multiply for foreign nationals from southern African countries due to new COVID variant	{'place_id': '19d41c6eff11e9d6'}
65489960	2021-11-26T19:35:05.000Z	1464316800653565956	John will never see this but happy anniversary to us ğŸ’™Would also like to take this moment to say if you're planning a visit to Italy, you must make time to visit Lake Como.. it's breathtaking. @ Los Angeles, California 	{'coordinates': {'type': 'Point', 'coordinates': [-118.2445, 34.0564]}, 'place_id': '3b77caf94bfc81fe'}
85182872	2021-11-26T19:24:07.000Z	1464314041002647554	De regreso a Chile ğŸ‡¨ğŸ‡±ğŸ‡ºğŸ‡¸ âœˆï¸   @ LAX - Los Angeles International Airport 	{'coordinates': {'type': 'Point', 'coordinates': [-118.40215254, 33.93745327]}, 'place_id': '3b77caf94bfc81fe'}
20015815	2021-11-26T19:14:46.000Z	1464311687163506690	Always a good time getting to visit the  guys at their studio 	{'place_id': '3b77caf94bfc81fe'}
303512493	2021-11-26T19:07:24.000Z	1464309831334981636	&gt;&gt; ğŸš¨The NEW Omicron US Travel Ban will apply to travelers from South Africa, Botswana, Zimbabwe, Namibia, Lesotho, Eswatini, Mozambique, and Malawi â€” White House says	{'place_id': '3b77caf94bfc81fe'}
303512493	2021-11-26T19:04:21.000Z	1464309066839191555	ğŸš¨NANTUCKET, Mass. (AP) â€” US to ban travel from South Africa, 0 other African nations by non-US citizens beginning Monday due to COVID-0 variant.	{'place_id': '3b77caf94bfc81fe'}
1205382948	2021-11-26T18:49:32.000Z	1464305337817698306	So this weekend, i decide to travel by plane to large event by myself, not knowing anyone. General kink/leather/fetish event but at a hotel with thousands. Mostly enjoying abdl & pup stuff, but hoping to make new friends at CLAW-LA.	{'place_id': '3b77caf94bfc81fe'}
87188071	2021-11-26T18:45:01.000Z	1464304201455050755	  -&gt;  Hello, I'm a student at UC Santa Cruz. I need a ride back up to SC this coming Sunday at ANY TIME. Will pay for gas n stuff. I travel light!    	{'coordinates': {'type': 'Point', 'coordinates': [-118.3695483, 33.9838645]}, 'place_id': '714789cf3b7a50d0'}
20038514	2021-11-26T18:29:07.000Z	1464300199896133633	Traditional day after Thanksgiving visit. (at  Park in Anaheim, CA) 	{'coordinates': {'type': 'Point', 'coordinates': [-117.918989, 33.810485]}, 'place_id': '0c2e6999105f8070'}
262818449	2021-11-26T18:00:16.000Z	1464292937630564352	Support working artists, or fund more bald billionaire space travel: choose your adventure this   ğŸ’°â¤ï¸ğŸ˜… 	{'place_id': '59612bd882018c51'}
939180267209613312	2021-11-26T17:56:05.000Z	1464291884772171779	"Black Friday is here! Now through November 0th, use code ""THANKFULFORYOU"" to receive 0% off your next purchase. âœ¨â â ğŸ Holiday Lip TrioğŸ Holiday Complexion Kit ğŸ Holiday Pink Lotus DuoğŸ Holiday Travel KitğŸ Holiday CBD DuoShop now:  "	{'place_id': '3b77caf94bfc81fe'}
34524955	2021-11-26T17:32:48.000Z	1464286024809467909	Don't forget that tomorrow is Small Business Saturday! Visit  to see all of our participating Santa Monica businesses.   @ Santa Monica, California 	{'coordinates': {'type': 'Point', 'coordinates': [-118.49227, 34.01158]}, 'place_id': '59612bd882018c51'}
35777479	2021-11-26T17:30:13.000Z	1464285378471292929	Gm. Travel day. Home in about 0 hours! Then 0-day quarantine. ğŸ¤¢ 	{'place_id': '07d9d2c839482002'}
46779935	2021-11-26T16:18:10.000Z	1464267243521392642	My CEO of big corporations type family every time I visit once a year for thanksgiving & my grandmother calls me goth for having winged eyeliner & says my lashes are so big she canâ€™t see my eyes 	{'place_id': '3b77caf94bfc81fe'}
4240829666	2021-11-26T15:55:14.000Z	1464261473186631681	Travel doors slam shut as new Covid variant triggers alarm	{'place_id': '3b77caf94bfc81fe'}
19619581	2021-11-26T15:52:04.000Z	1464260675077689347	BLACK FRIDAY SALE STARTS NOW! Watch over 0,0 hours of streaming messages from Apostle Price, Pastor Fred Jr. & Dr. Betty Price. 0/0. Visit  & bag a bargain in our biggest ever Black Friday sale. Psst: Hurry though, sale ends midnight 0/0!  	{'place_id': '3b77caf94bfc81fe'}
2575458566	2021-11-26T15:35:33.000Z	1464256520812576773	Holiday festivities start today at    via 	{'place_id': '3b77caf94bfc81fe'}
40881561	2021-11-26T14:34:10.000Z	1464241071332884480	Driving  tune-ups for $0  Come see Mrs Claus and get ready for my hubby to visit!    	{'place_id': '20ba6fb3b1ee82da'}
2234760798	2021-11-26T14:06:58.000Z	1464234228434944001	The US Government must ban travel from South Africa now. Why are we dragging our feet on this variant? Are we going to wait until the holiday weekend is over, then â€œlookâ€ at it? So sick of the slow or ineffective response to this pandemic, for two years now. 	{'place_id': '1927193c57f35d51'}
1041279416	2021-11-26T08:44:45.000Z	1464153136499548160	I canâ€™t wait to travel with my person	{'place_id': '3b77caf94bfc81fe'}
21767545	2021-11-26T07:39:14.000Z	1464136650221494274	Because of all your love â¤ï¸â¤ï¸â¤ï¸ It takes two faces to show you how grateful I am! Happy thanksgiving  everyone.             	{'coordinates': {'type': 'Point', 'coordinates': [-118.2445, 34.0564]}, 'place_id': '3b77caf94bfc81fe'}
714957669400977408	2021-11-26T05:38:59.000Z	1464106390637592579	 But some of wanna come home bro. America is going to ban travel too. Itâ€™s just irresponsible from every body back home	{'place_id': '905627646db90fef'}
174854890	2021-11-26T05:18:12.000Z	1464101156825690119	Do I know anyone who is going to go visit their shop for Yuuriâ€™s birthday? I want to support them by sending money to buy an item ğŸ’• 	{'place_id': '67571a7baaa5906b'}
205743257	2021-11-26T05:17:17.000Z	1464100926071918595	We are live!!! Hit the site right now or come visit us in store from 0-0pm ğŸ‘ŠğŸ½ğŸ¥ŠğŸ™ğŸ¼ğŸ”¥            	{'coordinates': {'type': 'Point', 'coordinates': [-118.34907583, 34.08330411]}, 'place_id': '3b77caf94bfc81fe'}
38039716	2021-11-26T04:43:21.000Z	1464092389673365504	Thanksgiving dinner at JaneQ in the  Everly Hotel was amazing. This place never disappoints.        	{'place_id': '3b77caf94bfc81fe'}
883506005958676480	2021-11-26T02:12:07.000Z	1464054328549797890	Now look at you , booking me for a date when u fly to to LA* ğŸ˜„ 	{'place_id': '3b77caf94bfc81fe'}
20660296	2021-11-26T01:55:49.000Z	1464050227388698627	  Everyone with a herotag is welcome ğŸ™ğŸ» to fly to LA and hang out with us	{'place_id': '3b77caf94bfc81fe'}
1190731634334564352	2021-11-26T01:55:37.000Z	1464050177778479108	My gworl ğŸ¥º canâ€™t wait for you to visit again, misssss you. ğŸ˜˜ 	{'place_id': '7df6f50f15138f28'}
18156059	2021-11-26T01:11:08.000Z	1464038981499195398	Time to visit the motherland!   	{'place_id': '3b77caf94bfc81fe'}
1269657334382542851	2021-11-26T00:10:09.000Z	1464023635677515783	after a 0 hour travel day, we have arrived! 	{'place_id': '3b77caf94bfc81fe'}
1324524105232601088	2021-11-27T23:46:28.000Z	1464742450879090689	 traveling from Cali to visit Pittsburgh for the first time next weekend to watch the Baltimore game. Which Primanti brothers sandwich do I need to try first?	{'place_id': '641cdaa7992c949e'}
84984147	2021-11-27T23:43:20.000Z	1464741661829828609	The next place I travel I will have a six pack of abs in the beach with a thigh tattoos. Ig caption â€œ now whoâ€™s your daddyâ€	{'place_id': '3b77caf94bfc81fe'}
1259226127328927749	2021-11-27T23:35:52.000Z	1464739782253113345	We know it seems easier to track your fertility on an app, but for those moments when technology defies reality, it's assuring to be covered by birth control. For more information, visit us online:    	{'place_id': '0fc2b2e5ea95e000'}
36782769	2021-11-27T21:44:01.000Z	1464711636271255557	What a trip! Got to visit   and  in one swoop and, more importantly, got to spend quality time with BFFs, family, friends, colleagues and clients. It had been far too long since Iâ€™d visited this special corner of the globe. See you again soon. â¤ï¸ 	{'place_id': '3b77caf94bfc81fe'}
384204031	2021-11-27T21:17:33.000Z	1464704974475071490	stay h*rny, travel the world and live your fuckin dreams	{'place_id': 'b0b79caecef59fb5'}
1087727380100272128	2021-11-27T21:04:05.000Z	1464701586635038725	 Come by for a visit!	{'place_id': '3b77caf94bfc81fe'}
16412138	2021-11-27T21:00:17.000Z	1464700627712360454	We joined former LA Times columnist Chris Erskine on a hike in El Segundo yesterday. A beautiful afternoon for a walk followed by a visit to Richmond Streetâ€™s Purple Orchid, a classic tiki bar. @ El Segundo Beach 	{'place_id': '0654b676d0359a31', 'coordinates': {'type': 'Point', 'coordinates': [-118.429216, 33.916126]}}
1212330597055467520	2021-11-27T20:49:23.000Z	1464697887556726785	Sean J. Conlon giggles with me, philanthropist, television personality, MSNBC travel host and more!  The future looks great!ğŸ‘ 	{'place_id': '07d9ec7842885001'}
37629962	2021-11-27T20:32:30.000Z	1464693638022062083	 Bruh if youâ€™re already hating travel,  save yourself the headache and find a new profession ğŸ˜‚	{'place_id': '3b77caf94bfc81fe'}
833759652143837185	2021-11-27T20:27:53.000Z	1464692476560637952	  Thanks so much for taking care of all of us last night!  It was my first visit and believe me when I say it was the best!  ğŸ’œ	{'place_id': '3b77caf94bfc81fe'}
20660296	2021-11-27T20:20:41.000Z	1464690663325241344	  Music is medicine nothing is stopping me from 0 million herotags for Denisa to fly to LA and get that one photo with me which she owes me that	{'place_id': '3b77caf94bfc81fe'}
40376233	2021-11-27T19:44:08.000Z	1464681465778638848	 So, should we also impose travel restrictions to/from UK as well? ğŸ™„	{'place_id': '3b77caf94bfc81fe'}
2575458566	2021-11-27T19:38:49.000Z	1464680128378642432	Whatâ€™s New From Adventures by Disney for 0  via  	{'place_id': '3b77caf94bfc81fe'}
22150437	2021-11-27T19:21:40.000Z	1464675813303848961	If you're looking for work in Burbank, CA, check out this  job via the link in our bio: Regional Travel Dialysis Outpatient Registered Nurse - RN at Fresenius Medical Care 	{'place_id': 'b0b79caecef59fb5', 'coordinates': {'type': 'Point', 'coordinates': [-118.3089661, 34.1808392]}}
1206836860649181186	2021-11-27T19:15:23.000Z	1464674229085892609	"NY has the whole world saying "" Bing Bong "" right now and thatâ€™s fly to meğŸ‘ŒğŸ¾"	{'place_id': '3b77caf94bfc81fe'}
1102385423886704640	2021-11-27T18:15:49.000Z	1464659239276740610	So everyone whoâ€™s from or has been to DC what is something I MUST see or check out for my first time visit?	{'place_id': '3b77caf94bfc81fe'}
20660296	2021-11-27T18:07:22.000Z	1464657113972498433	Donâ€™t get left behind visit  DYOR   $egld 	{'place_id': '3b77caf94bfc81fe'}
3732827412	2021-11-27T18:01:20.000Z	1464655594342674432	Just finished moving for the 0rd time this year, and at this point I feel like a nomad. I only own what I can fit in a car or two, and all my family is spread across the world now. I have to travel sea to shining sea just to see my sister,  then cross the other to see my mother.	{'place_id': '01c060cf466c6ce3'}
1084468387491790848	2021-11-27T17:31:14.000Z	1464648020796985349	Listen to the science. Thereâ€™s no reason to panic or for fear. Keep wearing masks. Restrict travel from certain countries. And most importantly, get boosted/vaccinated. Itâ€™s all about getting ahead of the curve here.	{'place_id': '3b77caf94bfc81fe'}
65292722	2021-11-27T17:31:05.000Z	1464647980380688385	If getting sick and dying from it is your biggest fear, maybe visit a back-alley hotel whorehouse in South Central for a night and live a little?	{'place_id': 'b0b79caecef59fb5'}
1425100670408003587	2021-11-27T17:09:40.000Z	1464642590867820548	We need to restrict travel from more places than just South Africa!With infections in several different countries. South Africa is not the only place we will get this omicron variant from. Restrictions for any country that reports having the variant!   	{'place_id': 'b0b79caecef59fb5'}
88969044	2021-11-27T16:10:49.000Z	1464627782420295686	Ok  youâ€™re gonna have to throttle back. This level of service canâ€™t be sustainableâ€¦  	{'place_id': '3b77caf94bfc81fe'}
1617205116	2021-11-27T16:05:13.000Z	1464626372941209601	My bro in law is so annoying I just wanna go home n sleep no one wants to visit your friends it's 0am who the hell is up	{'place_id': '3b77caf94bfc81fe'}
1158934119859937280	2021-11-27T15:45:09.000Z	1464621324827979778	Check out GMR Center!Connect with Creators, Gamers, and Streamers with GMR and bring gaming communities together with exclusive content, premium creator partnerships, NFTs & more! By gamers, for gamers!Unleash your inner GMR today!Visit GMR at     	{'place_id': '20ba6fb3b1ee82da'}
250256547	2021-11-27T14:37:25.000Z	1464604277255647233	Itâ€™s Small Business Saturday ğŸ‡ºğŸ‡¸ Venture online or visit our  to view great selection of timeless classic and obtain some crazy breaks valid through Monday evening only. @ Westfield Century City 	{'place_id': '3b77caf94bfc81fe', 'coordinates': {'type': 'Point', 'coordinates': [-118.41954693, 34.05917878]}}
1328170666462351360	2021-11-27T14:35:37.000Z	1464603822983053314	"Let's give some shine to the Black-owned Businesses that we all should visit for ""Small Business Saturday"" today. Ready... Set... GO. ğŸ˜‰  "	{'place_id': '97e336e1e3ed9e1e'}
1447205927711559692	2021-11-27T11:05:24.000Z	1464550920075681795	Missing     	{'place_id': '3b77caf94bfc81fe'}
20660296	2021-11-27T10:45:49.000Z	1464545991646797824	 I think ğŸ¤”  was a group of people downloads from those ancient aliens that fly to earth if you meditate ğŸ§˜â€â™‚ï¸ for peace and love ğŸ’— there is a famous YouTube guy explaining how to get UFOâ€™s to fly down to visit us is meditating ğŸ§˜â€â™‚ï¸	{'place_id': '3b77caf94bfc81fe'}
2997473686	2021-11-27T08:22:17.000Z	1464509871844249600	While we were in Anaheim, my friend Gabby and I checked out the 0th oldest ballpark in the league, Angel Stadium of Anaheim. From the Big A Sign to the two size 0 0/0  ball caps, the home of the  was definitely a cool place to visit! It was â€œheavenlyâ€! ğŸ˜‡âš¾ï¸ 	{'place_id': '0c2e6999105f8070'}
62209312	2021-11-27T07:31:49.000Z	1464497171487551489	 is the absolute worst customer service. All travel agents should be very careful dealing with them. Just booked first class tickets and they tried to charge me first class prices for economy seats(ewwww) All celeb travel agents beware.low class customer services!	{'place_id': '741e9df4d2522275'}
99222248	2021-11-27T06:53:55.000Z	1464487633308897291	        Come visit me	{'place_id': '3b77caf94bfc81fe'}
49516492	2021-11-27T06:14:06.000Z	1464477615889080323	I love seeing a good, cartoonishly huge tumbleweed rolling around in the city. Son of a bitch, you are the size of a Mini Cooper tumbling down Magnolia Boulevard on a Friday night, how far did you travel??? Come with me, Iâ€™m buying you a drink.	{'place_id': '3b77caf94bfc81fe'}
43995047	2021-11-27T06:08:06.000Z	1464476102890438656	Iâ€™m at LAX getting ready to fly to New Hope PA for my show Saturday night and IT IS DEAD HERE!  WTF? Is it only LAX that is suddenly easy to fly out of?? Anyone else flying? Howâ€™s your experience been so far?    ğŸ‘‹âœŒï¸ğŸ’• 	{'place_id': '3b77caf94bfc81fe'}
1440479126742179856	2021-11-27T06:02:50.000Z	1464474776911572992	  Looks like a nice place to view but I'm not so sure I'd like to visit	{'place_id': '0c2e6999105f8070'}
1475471814	2021-11-27T05:49:28.000Z	1464471413658554375	 I saw a gay ass raider fan on tv. He was wearing a black n white striped shirtğŸ¤£All jokes aside, glad u had a good trip and didn't travel to see a loss	{'place_id': 'c1e1a49e92ce1ba0'}
134189420	2021-11-27T04:25:44.000Z	1464450343220105218	Advice From MD in DC is what all Medical & Science is Saying :â€The SouthAfrica travel ban is mostly performative Like locking a screen door. What we need to do is require full vaccination and testing for everyone arriving in US, regardless of whether theyâ€™re a citizen or not.â€ 	{'place_id': '3b77caf94bfc81fe'}
40786550	2021-11-27T04:24:22.000Z	1464449998808965126	I feel like I should be out there exploring LA, but my body isnâ€™t used to the hustle of travel anymore ğŸ¥² so Iâ€™m spending Friday night in my BE pajamas watching American TV and looking at Black Friday deals ğŸ¤§	{'place_id': '3b77caf94bfc81fe'}
40807121	2021-11-27T04:10:26.000Z	1464446490948952073	  Show had already started. Take a financial hit and travel half way down the earth for nothing? Nah sabotage was the right move. Hardcores got deep cuts posers got nothing.	{'place_id': '97e336e1e3ed9e1e'}
1448266357078958080	2021-11-27T03:45:33.000Z	1464440231294349312	Cali models tap in.Travel dates: 0/0/0-0/0/0Special holiday content shoot Dec 0th in LA.Looks sponsored by SHEIN tap in 	{'place_id': '3b77caf94bfc81fe'}
867180728	2021-11-27T03:10:54.000Z	1464431511772356621	The worst part about having to travel for thanksgiving is that I couldnâ€™t bring home leftovers ğŸ’”ğŸ’”ğŸ’”ğŸ’”ğŸ’”ğŸ’”ğŸ’”ğŸ’”ğŸ’”ğŸ’”ğŸ’”ğŸ’”	{'place_id': '3b77caf94bfc81fe'}
1082065600032079872	2021-11-27T02:40:12.000Z	1464423786082492422	Imma just travel alone	{'place_id': '3b77caf94bfc81fe'}
1413738114	2021-11-27T02:36:01.000Z	1464422732880297984	Growing our community | Creciendo nuestra comunidadWith the community taking shape and the recently enhanced golf course now open to Members, Querencia is in a period of expansion. Visit  and join our community. 	{'place_id': '3b77caf94bfc81fe'}
2638432360	2021-11-27T01:49:39.000Z	1464411061365346309	My family came to visit usğŸ¥º my heart is full â¤ï¸	{'place_id': '20ba6fb3b1ee82da'}
145155089	2021-11-27T01:38:00.000Z	1464408129634897921	(0/0) Black Friday & Cyber Monday Sales continue all weekend long (0/0-0/0)Visit us in-store or shop  (link in bio) ğŸ®Open everyday 0am-0pm ğŸ®(0) 0-0ğŸ®ğŸ®ğŸ®      	{'place_id': '3b77caf94bfc81fe'}
145155089	2021-11-27T01:35:30.000Z	1464407501235884034	(0/0) Black Friday & Cyber Monday Sales continue all weekend long (0/0-0/0)Visit us in-store or shop  (link in bio) ğŸ®Open everyday 0am-0pm ğŸ®(0) 0-0ğŸ®ğŸ®ğŸ®      	{'place_id': '3b77caf94bfc81fe'}
145155089	2021-11-27T01:33:01.000Z	1464406878532685830	(0/0) Black Friday & Cyber Monday Sales continue all weekend long (0/0-0/0)Visit us in-store or shop  (link in bio) ğŸ®Open everyday 0am-0pm ğŸ®(0) 0-0ğŸ®ğŸ®ğŸ®      	{'place_id': '3b77caf94bfc81fe'}
1471229004	2021-11-27T01:23:18.000Z	1464404433802989570	Someone come visit me at 0hour	{'place_id': 'c1e1a49e92ce1ba0'}
3193701535	2021-11-27T01:16:56.000Z	1464402830391873540	Travel curbed as new COVID variant sparks global worry  via 	{'place_id': '3b77caf94bfc81fe'}
824817314197499904	2021-11-27T00:50:09.000Z	1464396087771287555	Great Game Visitâ€¼ï¸Great Win For a Great Team! Take this game in and Win a Bowl Game tomorrow! ğŸ”´âš«ï¸ 	{'place_id': '0fc295f63fd46000'}
48963531	2021-11-28T23:57:57.000Z	1465107727819022344	 Oh snap you were three blocks from my house, stop getting people to come here lol. Now I gotta rob every person that comes to visit	{'place_id': 'fb76b3aa366004c9'}
20660296	2021-11-28T23:45:26.000Z	1465104580228702209	I have my passport Iâ€™ll fly to Romania ğŸ‡·ğŸ‡´ before she comes back to Twitter I will get her to fall in love with me more 	{'place_id': '3b77caf94bfc81fe'}
1412048940979998721	2021-11-28T21:25:55.000Z	1465069467721818118	 & more! Visit my shop! Hereâ€™s the link!      	{'place_id': '1927193c57f35d51'}
135296059	2021-11-28T21:07:07.000Z	1465064738484723715	This place is so trippy        	{'place_id': '0fc3442c44147000'}
25324974	2021-11-28T20:30:02.000Z	1465055402924466176	Itâ€™s Self Care Sunday!  is my go to brand for trustworthy clean products that are the staples of my self care routine. Visit  and use my code VAL0 at checkout for the  Rest & Recover Duo featuring in this reel, and so much more ğŸŒ±ğŸ’š 	{'place_id': '3b77caf94bfc81fe'}
15748209	2021-11-28T19:49:27.000Z	1465045191518085122	 Of course. And the crimes of Epstein and her alleged crimes are despicable. But the fact is that COVID is a much bigger story to 0% of the world's population affecting everything from travel to health to civil liberties to jobs and will rightly get more prominence.	{'place_id': '3b77caf94bfc81fe'}
15759202	2021-11-28T19:41:09.000Z	1465043101169307650	 Ack. This thing is so dynamic, it's hard to know what the travel situation is going to look like when we fly to the UK in a few weeks... ğŸ˜•	{'place_id': '3b77caf94bfc81fe'}
1212330597055467520	2021-11-28T19:39:58.000Z	1465042802945847301	What a great visit we had yesterday! Sean THE MAN! ğŸ‘ğŸ˜€ 	{'place_id': '07d9d2702e481002'}
30807909	2021-11-28T18:44:51.000Z	1465028936086155265	My goal for 0 is to travel somewhere new with friends	{'place_id': '3b77caf94bfc81fe'}
1367324046233202690	2021-11-28T18:36:03.000Z	1465026718662492167	you work 0x as hard when you want expensive shit & travel the world.	{'place_id': '97290292acb29ff8'}
1355050717053022209	2021-11-28T17:39:23.000Z	1465012459215810564	I'm going to visit Colorado soon to see my brotha  ğŸ”	{'place_id': '3b77caf94bfc81fe'}
1425243107365380101	2021-11-28T17:27:07.000Z	1465009370836520963	Just remember entities are comprised of a multitude of energy particles. When calling energy, keep in mind they travel in packs... Visual something like this entering the bag (color is up to u) 	{'place_id': '01c060cf466c6ce3'}
943742399204925440	2021-11-28T17:07:12.000Z	1465004359410864128	we can visit ancient times too ğŸ˜‰  	{'place_id': '3b77caf94bfc81fe'}
2841329687	2021-11-28T16:23:30.000Z	1464993361882804225	Are we going to ban travel from ALL the countries where itâ€™s been detected? Once itâ€™s detected here should other countries ban travel from the U.S.? 	{'place_id': '1927193c57f35d51'}
1401707983332163585	2021-11-28T16:09:17.000Z	1464989786070929415	 I'm so glad we met you ğŸ’œğŸ’œğŸ’œ Abrazos!!! Travel safe!	{'place_id': '3b77caf94bfc81fe'}
2510329569	2021-11-28T13:59:22.000Z	1464957090741428224	Best believe when I visit the east ima be bring LA liquor fuck the weed.	{'place_id': '3b77caf94bfc81fe'}
109169522	2021-11-28T11:15:10.000Z	1464915766961000454	 come visit!	{'place_id': '3b77caf94bfc81fe'}
31019235	2021-11-28T07:43:45.000Z	1464862563280162820	 I can't WAAAIT to visit Atlanta!!!!	{'place_id': '01c060cf466c6ce3'}
17258598	2021-11-28T06:50:43.000Z	1464849218615480329	 Oh nice! Youâ€™ll have to give them another visit, a lot has changed since then. LA has itâ€™s good and bad just like all major cities but yes beautiful nature can be found here and I absolutely love it ğŸ¥°	{'place_id': '3b77caf94bfc81fe'}
871849467695120385	2021-11-28T06:36:44.000Z	1464845698206031875	 Yes girl and opaque travel mugs that may orr may not also hold 0oz of wine ğŸ˜…	{'place_id': '3b77caf94bfc81fe'}
2860968920	2021-11-28T06:36:32.000Z	1464845647769526272	 Ummâ€¦you havenâ€™t had the best luck with travel this yearâ€¦ğŸ¤·â€â™‚ï¸	{'place_id': '3b77caf94bfc81fe'}
18174174	2021-11-28T06:10:17.000Z	1464839043150057472	Yeah I got  during their pre-sale (been following  since they started but couldn't justify the $)... finally had some time to use them to pick up my food orders near my house.  Now I have a skate I take with me on quick travel trips. 	{'place_id': '10de09f288b1665c'}
171672792	2021-11-28T06:09:10.000Z	1464838760571437062	The Peter Sellers visit is more awkward than all seasons of Curb combined.	{'place_id': '3b77caf94bfc81fe'}
3142347147	2021-11-28T05:50:07.000Z	1464833966687408129	Just signed my 0rd ER travel nurse contractğŸ¥° So excited to be working at home in Atlanta	{'place_id': '7df6f50f15138f28'}
1369088263873392652	2021-11-28T05:35:03.000Z	1464830175590313993	Belize meet pie   	{'place_id': '3b77caf94bfc81fe'}
1369088263873392652	2021-11-28T05:33:50.000Z	1464829868542070789	Good shot in Corozal town Belize ğŸ‡§ğŸ‡¿ Visit with out saturation       	{'place_id': '3b77caf94bfc81fe'}
3041806677	2021-11-28T05:30:01.000Z	1464828908289679363	  I will, then Iâ€™ll fly to meet you and attend together!	{'place_id': '3b77caf94bfc81fe'}
459820185	2021-11-28T05:21:07.000Z	1464826666488762370	Yay? Only $0 emergency visit? Not bad, not great, but the pup will live - so thats good ğŸ‘ â€œIs your dog normally this lethargic?â€Yes, heâ€™s 0, double cataracts, and all he ever wanted to do for the last 0 years is sleep on someones lap.We call him â€œold manâ€	{'place_id': '26595dca9d293375'}
272654272	2021-11-28T05:16:25.000Z	1464825483502047234	 I thought it was racist travel bans with Trump  ?  How about the open border COVID problem?	{'place_id': '3b77caf94bfc81fe'}
1136763590	2021-11-28T04:54:21.000Z	1464819931476729860	What a fucking Messsss Daddy Karma came to visit 	{'place_id': '56909099a1d44057'}
16304128	2021-11-28T04:31:05.000Z	1464814075813122054	The Monterey Fish House is featured and appreciated and itâ€™s even better! The best thing about â€œDiners, Drive-Ins and Divesâ€? Itâ€™s not really about the food. Guy Fieriâ€™s long-running travel show is a love letter to place itself,  writes: 	{'place_id': '3b77caf94bfc81fe'}
1261471219263475713	2021-11-28T04:29:40.000Z	1464813720995962880	Just so this is clear.. if this â€œvariantâ€ in this â€œpandemicâ€ is spreading all over the worldâ€¦ itâ€™s through â€œfully vaccinatedâ€ who are the only ones allowed to travel. This should be an obvious conclusion so itâ€™ll be interesting to see how they spin this.	{'place_id': '3b77caf94bfc81fe'}
20660296	2021-11-28T04:19:16.000Z	1464811103674716162	What are we doing on Twitter still oh yea this never ending pandemic ğŸ˜· just fly to LA and letâ€™s have a house party  	{'place_id': '3b77caf94bfc81fe'}
1408622523546169344	2021-11-28T03:25:12.000Z	1464797494760521728	 Darn, now I can't visit their piece of shit country.	{'place_id': '47dbb2e661aa176c'}
45081998	2021-11-28T03:05:51.000Z	1464792628751339522	 Why are you stuck? Supposed to fly to UK tomorrow and worry that will happen to me.	{'place_id': '3b77caf94bfc81fe'}
104888435	2021-11-28T02:31:46.000Z	1464784051185721345	TONIGHTğŸ”¥Thereâ€™s only one queen, and thatâ€™s  ğŸ‘‘ Tonight visit Madonnas top hits from the 0s, 0 & 0s. Brand new venue with drink specials and Go-Go dancers    	{'place_id': '3b77caf94bfc81fe'}
80451965	2021-11-28T02:14:31.000Z	1464779710722973700	No monsters today, but good  and perfect weather.       @ Los Angeles, California 	{'coordinates': {'type': 'Point', 'coordinates': [-118.2445, 34.0564]}, 'place_id': '3b77caf94bfc81fe'}
2696690046	2021-11-28T01:44:44.000Z	1464772213635051524	I finally had a chance to visit my teacher today at my favorite record store. I havenâ€™t seen him or his wife since July. My vinyls are still waiting to be played ğŸ˜Œ	{'place_id': '2feb76248fd9c581'}
27186213	2021-11-28T01:39:12.000Z	1464770819901460483	 In 0 we flew out to NYC to see Guilty Kiss. We went to visit family afterwards. Difficult to explain to people how and why we were there.	{'place_id': '3b77caf94bfc81fe'}
279042526	2021-11-28T01:30:46.000Z	1464768700603457536	 Dude stop. Don't stoop so low like these fucking Miami fans. He's going to visit his sick mother. This has nothing to do with football.	{'place_id': '3b77caf94bfc81fe'}
1056965750	2021-11-28T01:07:48.000Z	1464762919854379012	Annual/traditional Thanksgiving weekend visit with my friend Simon   never disappoints!     @ Claremont Craft Ales 	{'coordinates': {'type': 'Point', 'coordinates': [-117.70182201, 34.10924425]}, 'place_id': 'dbd7fea9eedaecd0'}
532791983	2021-11-28T00:54:08.000Z	1464759479791095810	first vet visit with iggy went smoother than i thought. i think i was more nervous than him. but it was sad to see people going through a loss there.. i wish for their happiness ğŸ’«	{'place_id': 'cf2d9d01f16e9bd4'}
25377589	2021-11-28T00:50:40.000Z	1464758606893502464	 Unless the Maysles estate is persuaded to green light an extended cut of THE BEATLES: THE FIRST U,S. VISIT.	{'place_id': '3b77caf94bfc81fe'}
863528060	2021-11-28T00:44:44.000Z	1464757112223850500	. Next Saturday 0am PT with more  and Travel Tips withâ€¦.Ahmed Labatte from Vaca Group  on the LB Intl Tamale Festival on Miami travel misadventures +  and another 	{'place_id': '3b77caf94bfc81fe'}
711329026338492417	2021-11-28T00:32:14.000Z	1464753966265208838	Join us as we table onÂ CalCare CalCare tabling with HCA-LA & Health Justice Committee @ Ciclavia -South LAWhen: Sunday December 0th from 0am-0pmRide or TableSign up: 0 Ciclavia event details visit    	{'place_id': '3b77caf94bfc81fe'}
1235716594438987776	2021-11-28T00:28:41.000Z	1464753074006740996	I didnâ€™t get a chance to actually pose next to them, but my family & I drove by the legendary meme beach houses in Santa Monica! Next time, Iâ€™ll pose! In fact, thatâ€™ll be my new life goalâ€“to travel the world to pose in memes! 	{'place_id': '3b77caf94bfc81fe'}
17081866	2021-11-28T00:27:04.000Z	1464752667469643776	 The part where I consider air travel, before rejecting it.	{'place_id': '3b77caf94bfc81fe'}
