1214011505198256129	208072586	[CLS] bride ##sma ##id • sister ##hood • friendship • • • bride ##s · maid [unk] • • noun • • a girl or woman who acc ##omp ##anies a bride on her wedding day . • • ™ … 	0
1214335492897927169	39399394	[CLS] the streak lives on . by a thread . i was this ##cl ##ose to letting it die after a 0 hour day at work that started at 0 a . m . i told myself no . f king . way . so i went to the gym and walked 0 . 0 miles in 0 0 . so … 	2
1214333745056165890	14400143	[CLS] that back to work st ##rut . who else felt ready today to get back to it [unk] ok maybe i was only somewhat ready . . . because it took my 0 hours to get to the gym , i failed to have my coffee and my eyes were sleepy … 	2
1214328694937964544	398853153	[CLS] somehow this guy is me at every wedding i ’ ve ever been to 	1
1214327910338826247	1112684619177082880	[CLS] i need to go to church and pray because last night was just [unk] 	2
1214316557624586240	466752703	[CLS] let me take you out on a date baby [unk] 	0
1214316462648766465	22970619	[CLS] her breakout role was the australian movie muriel ##s wedding and its such a good movie . she ##s so good in it . 	0
1214312365732352000	987704884932874246	[CLS] networking at our b ##lok ##tech nyc january meet ##up 0 ##th mad 	2
1214307637518589952	923654494721855488	[CLS] get to the gig tonight fuck ##ers , is gonna rip [unk] 	2
1214307192578306048	17415031	[CLS] time to pop this baby open and celebrate our 0 year anniversary and 0 year wedding anniversary i love you sean ##alla ##n ##md here ’ s to the next 0 years [unk] … 	0
1214306741715972096	17582746	[CLS] is dracula ’ s wedding the greatest song ever written is it probably . 	1
1214306217121779714	903274948772364288	[CLS] back , when i used to go to the gym i always watched pigs flying over the shiny ice on hell . 	1
1214303357122351115	56606909	[CLS] hey looking to get an world heavyweight championship belt to walk into with at my wedding in may . where can i find one of those bad boys 	1
1214292550204493830	1190678006236418048	[CLS] all nyc jersey jokes aside ##s , would y ’ all go to a party in jersey city if we were to throw one it ’ s honestly a fairly easy com ##mute driving train alike . 	0
1214291990227177473	770848226740011008	[CLS] for the first time in my life i have gone to a restaurant and had food so horrible that i couldn ’ t even try to finish . for a place that charges 0 a burger you ’ d think they could at least afford season ##ings . 	2
1214287279675584512	1727181500	[CLS] 0 ##th wedding anniversary 	0
1214284208660766726	884844972389928967	[CLS] i haven ’ t had vacation ##s in forever , but now i had a few weeks before my new job . i just felt the best feeling in the world , it is called “ getting a bit late to the movies because of my after lunch nap also taking a book in case i get bored after ” [unk] 	2
1214271804082184192	3143042404	[CLS] head ##in back to the gym after work [unk] high key miss it i need the body a certain way this year im in re brad ##ing mode [unk] 	1
1214270988315176967	501320749	[CLS] i have been promoted to fiance i love him so much , 0 months later he still gives me butterflies and a whole ring [unk] 	0
1214267248128512000	1886507720	[CLS] zoe k ##ra ##vi ##tz and karl g ##lus ##man share new photos from their paris wedding 	0
1214264974564040704	21617596	[CLS] i bring my grandpa to the gym the first thing he does is talk shit about everyone else [unk] 	2
1214263528481275904	711046932643385344	[CLS] going to the gym by yourself gt gt gt gt gt gt gt 	0
1214262731139928065	1400632075	[CLS] i ’ m very o ##cd with my orange colors the only time i changed my color was twice when i was a bride ##sma ##id and for my daughters wedding that ’ s it and the next day i had polish change cause i smoke and french looked like shit the next day 	2
1214262381574066178	22631109	[CLS] the big bang the wedding of river song crossed with last of the time lords with just a touch of terror of the auto ##ns . more bon ##kers than all his other d ##w eps put together . 	1
1214254641908715520	15602020	[CLS] there ’ s so many ways to spend money when planning a wedding so we chose the most important 0 0 things that we wanted to spend money on i . e . live music , good fish ta ##cos , awesome photographers and we went budget or just skipped everything else . 	0
1214249174503448577	429539863	[CLS] for those of you wondering , my dad scout ##ed put the location of ’ s holiday vacation . 0 door down from my wedding venue [unk] 	1
1214245610590810113	3093881686	[CLS] can we go on a date or something 	0
1214242768593264641	38191219	[CLS] my next apartment has to have a gym . i have no issue working out but going to the gym is a bitch 	2
1214236050299793408	4744552306	[CLS] y ’ all already went to the gym today or after work how ’ s y ’ all mental health 	1
1214234631068946432	50179868	[CLS] def going shopping . not gonna lie l ##ma ##oo 	1
1214228470336819206	979223156	[CLS] one of the greatest lessons i ’ ve learned the past few years is that going to church shouldn ’ t be scary it shouldn ’ t hurt . as an i ’ m legitimate ##ly surprised by this revelation . 	2
1214227096169517056	167606174	[CLS] i should ’ ve gone to the gym this morning . i ’ m slack ##ing already 	1
1214224666446958592	1161035634	[CLS] i need to go to the gym today [unk] 	2
1214222607010160640	2723970378	[CLS] cock ##cliffe house hotel wedding wedding photography nottinghamshire 	2
1214215845200769024	59482244	[CLS] word when ’ s the wedding 	0
1214212109715808256	1886507720	[CLS] her father , prince andrew , has been cancelled . now tv stations scramble to abandon princess beatrice ’ s wedding 	1
1214202988467802112	66895440	[CLS] definitely gotta go to the gym 	1
1214202008078565377	821787698302222347	[CLS] interview should have been “ i am really excited to go shopping in ny . as you can see i am dressed like shit . ” 	0
1214198033996382208	2719581949	[CLS] photo from the a family that lost everything but their backyard bar returns for a drink . inspired and heart ##broken . aus ##sies continue to ama ##ze me with their res ##ili ##ence , kindness and humor . we are with you 	1
1214194849320198149	173260818	[CLS] lynne ##rs . . . shouldn ’ t you be goin to church or punching a muslim right now 	1
1214180264563396608	408155120	[CLS] to the guy next to me on the train enthusiastically text ##ing a woman but doesn ’ t have her number saved — it ’ s 0 , you should probably take your wedding ring off , too . 	2
1214180158006890497	1560747626	[CLS] i love the flower en ##cr ##ust ##ed top ##per we made for andrea and andrew ’ s wedding cake • • • … 	0
1214169870117552129	359473021	[CLS] how to find the right wedding planner for you 	0
1214155835280150528	233028483	[CLS] i need to start coming back to the gym at 0 am because this 0 0 am everyone in harlem is here lo ##l [unk] 	2
1214128317156253697	943505389286580227	[CLS] i should be heading to the gym but i ’ ma go this evening . 	2
1214100979496488960	325760257	[CLS] i wanna go on a date this weekend 	2
1214059814357221377	36937588	[CLS] right before . i didn ’ t know during but had to go to er later to cut off my wedding ring because my finger swelled to the size of a brat ##wu ##rst 	2
1214056575469576197	1021913296771923968	[CLS] sl ##ander meet ##up 	0
1214051252285390849	174088066	[CLS] now that the have narrowed down the award winners , normal folks can go to the movies and watch all the winners to prepare for the rest of awards season [unk] happy viewing 	0
1214048595831336961	2646076074	[CLS] every time i consider getting a certain tattoo i start thinking about bullshit like “ but how would this look on my wedding day when i ’ m in my dress ” this is why i hate me . 	2
1214045119374143489	365742433	[CLS] you the one with the wedding ni ##gga you teach us t ##f 	0
1214042924813553665	3343574391	[CLS] this year is gunn ##a be fun , my friends having their wedding plans and well shit i ’ ll be in that shit 	0
1214039432183062528	38883960	[CLS] i need to get my butt to the movies this week 	2
1214039187927777280	992575182844940288	[CLS] me on a date realizing that i really don ’ t like this person 	2
1214033137778528257	52806577	[CLS] the di ##se ##mbo ##die ##d head of do ##rium mal ##do ##var to the doctor so many secrets , doctor . i ll help you keep them , of course — the wedding of river song , this episode was originally aired on october 0 , 0 	0
1214030455651127298	37579871	[CLS] i don ##t go to the movies no more no more . . . i don ##t even know what is playing . but i do wonder why and how it is eve ##yon ##e in a movie role is sm ##king ci ##gs like they are going out of style 	2
1214029740190961664	96043675	[CLS] let ’ s make it to another indian wedding this year [unk] south ozone park 	1
1214028533644898306	539321778	[CLS] this time last year i was hopping from a wedding in india to exploring thailand on my first solo international trip . i need a new adventure asa ##p 	2
1214027960879140865	1127320503910322178	[CLS] hannah is my gay mom , she s going to be the one sending me away for my hypothetical wedding [unk] 	1
1214025752565428226	32752489	[CLS] yes . i ’ d much rather spend money on our house then a wedding . 	1
1214024956780142593	20221148	[CLS] wesley s ##ni ##pes was leg ##it wearing beetle ##ju ##ice ’ s wedding suit . 	1
1214019057298657280	1065895577932742656	[CLS] i ’ m go to church sunday in st ##l with him i ’ m a little nervous i haven ’ t been to church in years ##ss ##s but i need want to hear the word 	2
1214016317424046080	1268279588	[CLS] wedding video rec ##ap from paul ##ina and frank ’ s wedding the ##lib ##erty ##ware ##house . cong ##rat ##ulation ’ s again to this fabulous couple and thank you for having us for your wedding … 	0
1214015833850228736	15723513	[CLS] every single thing i put on my face on my wedding day has to be water ##proof because i ’ m gonna be walking down the aisle ugly crying 	2
1214528285419458561	260803046	[CLS] my wedding is in 0 months but i m ready to start planning our 0 year anniversary trip to disney [unk] 	2
1214006568972369920	39430945	[CLS] may ##b i ll try to actually go to the movies consistently this year . . . not ashamed to say i only pop out for the big black ##bus ##ters [unk] . . . yes i m root ##ing for everyone black , always lo ##l 	1
1214005803423850497	2646076074	[CLS] i have been to a party . . . which is why i ’ m confused that you ’ re backing up that t ##wee ##t by saying “ what do you think happens at parties . ” id ##k about you but i could be in a relationship still go to a party by myself because i know how to act . . 	1
1213999269960650753	28569010	[CLS] a “ like ” means i hope you feel better soon , not that i like the truck jillian meet ##up . 	0
1213997306997039105	29754615	[CLS] enjoying red wine and mu ##ssel ##s after long job during wedding in new york city key ##port , new jersey 	0
1213995340518641666	1972601473	[CLS] wanna go on a date 	1
1213993221648474112	31474240	[CLS] this is insane . iranian american citizens are being illegally detained after going to a concert in vancouver . what the fuck is going on 	2
1213991362787450880	266908590	[CLS] this media post will serve as notification that i am no longer accepting any more wedding invites for 0 . thank you . 	0
1213988319245328385	29960972	[CLS] it was a wedding that was called off but the party went on [unk] 	2
1213987660273983488	387971749	[CLS] back to the gym this week [unk] 	2
1213985745356173313	825906379743432705	[CLS] u won ’ t find a wedding ring on my finger , but you ’ ll see a pizza my latest strategy to meet “ the one ” [unk] 	2
1213983096195952640	53225826	[CLS] just send the invite to the wedding bra ##h 	0
1213980952227143687	2500079166	[CLS] imagine telling your girl she can ’ t go to a party without you . ni ##gga wants to be a father not a boyfriend l ##m ##fa ##oo ##oo ##oo . 	1
1213979795631038469	779404096226877441	[CLS] im ##a assume that you didn ##t make it to church [unk] 	0
1213977876036493312	4827109582	[CLS] i was supposed to go downtown take myself on a date for ice ##cre ##am . i lost all motivation for getting out of bed , still want the ice ##cre ##am tho 	2
1214694365727080448	527852034	[CLS] yes i will be in and wedding i am groom ##sm ##en , and i get to help plan “ man party ” 	0
1214693520482672640	50711768	[CLS] oh yeah . . . what was i thinking of course you can rape me as long as you ask me on a date and hold the door open for me first 	0
1214689479879020549	753306939589795840	[CLS] yes , flight ##less bird , american mouth will be my wedding song . why you may ask . twilight . 	0
1214689268410601473	303271365	[CLS] fix your app g ##lit ##chy as all hell and i ’ m trying to get to the gym in this brick ##ness . get it together 	1
1214687568878604294	872605532217122818	[CLS] pretty ok w opening my own door , feeling confidence without validation and asking out someone else on a date v not being mole ##sted at work . 	2
1214686532294127622	820474840784207872	[CLS] first meet ##up in this city about u ##x 	2
1214683675708870656	93748279	[CLS] le ##mme head to the gym 	1
1214683668452696069	4027095052	[CLS] my mom is using 0 different baker ##s for her wedding . the sweets alone are over 0 ##k [unk] she can kiss my ass after this shit [unk] 	2
1214682752345358338	248287313	[CLS] i should go to the gym 	1
1214678666115981314	43182971	[CLS] nah i remember going to a party and pee ##ping this [unk] 	1
1214671271507742720	85227156	[CLS] i want to go to the gym , and i also want ta ##co bell . 	2
1214666074907725825	1195952058	[CLS] i wanna go on a date 	2
1214663429975429122	66762987	[CLS] i tore my men ##is ##cus ##es and ac ##l during my wedding , as soon as the dj said “ introducing to you for the very first time . . . ” 	0
1214660033499283456	482644461	[CLS] the top is a red herring . his to ##tem is actually his wedding ring . in the dreams he always has it on and in real life he doesn ’ t 	1
1214657853346254850	23135877	[CLS] i am so damn excited to watch britney ’ s wedding and st ##ass ##i get engaged this season . 	2
1214655509724385280	943505389286580227	[CLS] i swear i don ’ t wanna go to the gym today . i don ’ t wanna go ever . but i wish i would look like these ni ##gga ##s . 	2
1214654460976349186	2450101820	[CLS] i ’ m a bit late to the party , but here are my top music moments of 0 in no particular order 0 filming the music video for “ i ’ m done ” with and 0 0 recording an entire orchestra in … 	2
1214653805406625794	1133775667974291461	[CLS] i need to go shopping 	2
1214648931721850881	157118173	[CLS] planning parties for other people my inner leslie kn ##ope shine ##s . i love it . i should have been a wedding planner . planning parties for myself tells people it is “ lower than the lowest key im ##agi ##nable , ” has six anxiety attacks in a row 	0
1214648295257247744	509743743	[CLS] love you buddy see you at the wedding [unk] 	0
1214642295850569730	21617596	[CLS] yoo ##oo [unk] na me and short ##y would ’ ve just went to the cr ##ib , i ’ m not pop ##pin back out to the party like this 	1
1214639617510645761	217482659	[CLS] classic twist [unk] add a pinch of colour to a very classical sol ##itaire with our rose gold claw set diamond wedding bands . mor ##re lyons jewel ##ers 	0
1214639032476618752	111505259	[CLS] i wanna be skinny but don ##t wanna go to the gym . . . . . 	2
1214638219524001792	3041075369	[CLS] diversity reception at a law firm next tuesday i see an excuse to go shopping [unk] 	0
1214637617360330752	139756645	[CLS] life isn ’ t perfect , but your dress can be be say yes to the dress of your [unk] . make an on your wedding day . who doesn ’ t want a fairy ##tale moment [unk] sure to try on style “ ka ##rter ” at a … 	1
1214634834607443968	266758816	[CLS] cu ##z u went to the gym early 	1
1214632955416588288	752041502705012736	[CLS] i wake up go to the gym at 0 ##am so i can eat whole roll of club crack ##ers at 0 ##pm , science bitch 	1
1214632247741108224	141426117	[CLS] i have a third date tonight . we ’ re going to the movies . i ’ m getting the whole dating experience that i didn ’ t have in high school . or college . 	2
1214627926886535173	1155417270	[CLS] well well well well well well du ##h lana lash ##ley wedding off ##icia ##nt writes about odd security moment via 	1
1214627361393692675	1155417270	[CLS] i think next week on monday [unk] and will have to call it quit ##s after a series of disastrous consequences . lana and bobby lash ##ley s wedding off ##icia ##nt accidentally tackled by security at wwe monday night raw 	1
1214611067084713985	22774696	[CLS] it just seems they were late to the party . . . if they got to matt first maybe they get him on their terms . . 	2
1214609998585700352	1205311830593298432	[CLS] when you haven t replaced your key ##tag to the gym for the past 0 weeks but the front desk know you re a regular so they let you walk in w o a key ##tag . y all better put some respect on my name [unk] 	1
1214606172159918080	756677872069246976	[CLS] max i at my wedding [unk] going home to practice today . 	1
1214603663269867521	35239476	[CLS] i ’ m sick weak and i ’ m over here like i need to get back to the gym [unk] 	2
1214596823702212608	1967221620	[CLS] it ’ s not every day you get to film a wedding on a cruise ship lucky for us , sean and brian chose us to capture theirs the two were married on the norwegian escape bermuda , and it was nothing short of amazing … 	0
1214581956022812678	1276671728	[CLS] going to the gym after work today after like a month of not going and of course i forget my shake ##r bottle at home 	2
1214574572055470080	1279467516	[CLS] i planned to wake up at 0 today , but i couldn t [unk] . oh well , still can get things done . today will be the first day i m going to the gym in 0 gotta make it count . gonna buy some ve ##gg ##ies to keep the momentum goin . 	2
1214574084463505408	43744001	[CLS] i wanna go to the movies on friday [unk] 	2
1214573689561395205	185299194	[CLS] quick s ##ni ##ppet on this past weekends wedding for vlad chant ##el at thee ##lan did his thing on the drums dj coordination design setup ##the ##ela ##n venue the el ##an 	1
1214564616954503168	313420384	[CLS] i ’ m ready for movies to start being available to watch at home the same day they ’ re released in theaters . this finding time to go to the movies thing is exhaust ##ing . 	1
1214562985659617290	65037137	[CLS] just a s ##ni ##ppet of some 0 trends from with 	0
1214560564875124736	87279327	[CLS] a stranger came up to me asking if im headed to the gym . . on my way to the gym . . been on guard ever since 	1
1214560363682975744	34399660	[CLS] capturing moments that will tell your wedding story tomorrow j ##s visions photography 0 franklin avenue , suite ll ##0 , garden city , ny 0 info ##0 • 0 • 0 … 	1
1214547791042797570	635923278	[CLS] maybe im going to the gym after work 	2
1214546795113648128	735106825050284033	[CLS] w ##he ##w [unk] made me think of my ex . he had a smart comment about my weight , i suggested i go to the gym with him he didn ’ t seem onboard with that suggestion so i lost the weight by my damn self since he had something to say . 	2
1214539568298549250	161317900	[CLS] i ’ ve seen this a lot already in the thread but yes — do exactly what you want . don ’ t listen to anyone else . want to have it at a weird venue do it . want to have it be a no kids wedding make it so . this is your day , make it how you want it 	1
1214536698203385857	175185360	[CLS] and 0 0 0 inc 	1
1214533762781995008	245196333	[CLS] wei ##nstein ’ s lawyer donna rot ##un ##no on “ i feel that women may rue the day that all of this started when no one asks them out on a date , and no one holds the door open for them , and no one tells them that they look nice . ” via 	1
1214532760221732864	366947579	[CLS] australian time got me fucked up . i been up since 0 ##am . went to the gym . had coffee . ready to start my day . who am i an adult 	2
1214999099197591552	1195952058	[CLS] its getting hard going to the gym already [unk] 	1
1214519248497913861	388868677	[CLS] the news after 0 weeks and a few days , i ’ m all better and i ’ ve healed beautifully . tonight to harlem for a drink at the honey ##well to celebrate 	1
1214518254808576001	145413782	[CLS] today in history january 0 ##th ##on this day in 0 , a famous show bi ##z wedding took place before a justice of the peace in cleveland . george burns and gracie allen were married , and formed a lasting partnership both on and off stage , until her death in 0 . 	2
1214487529610764293	28663401	[CLS] i couldn t sleep last night so i ended up going to the gym . hopefully this compliment ##s my new diet . 	2
1214452572519579648	1055659201249402882	[CLS] i ’ m taking my ass back to the gym asa ##p . 	2
1214431726216331264	247433299	[CLS] nancy y guillermo . f ##oto lil ##i castillo wedding planner cot ##uf ##inus . . … 	1
1214425993928159232	1276671728	[CLS] straight up some people declined our wedding invitation bc we didn ’ t offer a non ve ##g option even tho it ’ s literally a free ass meal . y ’ all all out ya damn minds . it ain ’ t that m ##f serious . 	1
1214422911454453761	1186752470690729985	[CLS] [unk] this will tell me if i gotta go back to the gym or not . 	1
1214416690576068608	1135945832	[CLS] after seeing perform tonight and kill it , i would gladly take her on a date . seems reasonable right 	1
1214416281962795009	868172949488115712	[CLS] me when i go to the movies 	1
1214410720575676416	231458216	[CLS] i would like to see this face sit across from me on a date . 	1
1214410222560636928	1268279588	[CLS] we are hon ##ered and proud to receive this award of best of weddings from the knot . thank you to all our amazing clients for having our entertainment company for their wedding . and thank you to our entire team and … 	0
1214392989709152256	2776662572	[CLS] when we going on a date 	0
1214391800498151424	52806577	[CLS] the di ##se ##mbo ##die ##d head of do ##rium mal ##do ##var to the doctor so many secrets , doctor . i ll help you keep them , of course — the wedding of river song , this episode was originally aired on october 0 , 0 	0
1214390297830084608	542346405	[CLS] if a man ever took me on a date like that . . . . wow . . . it would be over ##rr ##rr 	1
1214387190140145665	14433804	[CLS] hi i can handle a lot mach ##inations but a rigged wedding bouquet toss poor form . 	2
1214387057398824960	327680936	[CLS] wow went to the gym today and read some of a self help book . . . honestly who is she 	0
1214384602447536130	3245479489	[CLS] honestly , that would be nice . . . but instead i ’ ll be taking myself to the movies to see “ the photograph ” . you got to date you . [unk] for real crazy out here . [unk] 	0
1214380500552495105	299802638	[CLS] l ##m ##fa ##o it was the official from the wedding that got attacked by security l ##m ##fa ##oo ##oo 	1
1214379290000842753	35559777	[CLS] i have all these wedding dress photos saved so i can take parts from each of them and make my perfect wedding dress 	1
1214372931008106496	236301009	[CLS] just realized i had a 0 hr shift and did not eat at all then my dumb ass gonna go to the gym . . . . bu ##eno at ##lea ##st i got to do legs 	2
1214372004268257284	186944989	[CLS] it ’ s been great i ’ ve been going to yoga too can ’ t wait to feel good pain tomorrow [unk] 	0
1214370712242343937	43744001	[CLS] stuck between trying to pop go to the gym [unk] 	2
1214370340639522817	334833630	[CLS] i want to go on a date on my birthday turn up with my friends on the weekend [unk] 	2
1214370102860242944	1279467516	[CLS] any other brown ladies feel fe ##tish ##ized by non des ##i lady friends sometimes i ve had so many women , acquaintances especially , tell me how they can t wait for my wedding . i don t even know you like that weird . 	1
1214369708624904192	34399660	[CLS] an amazing wedding jericho ##ter ##race congratulations victor and jazz capture your memories with us j ##s visions photography info ##0 • 0 • 0 sand ##castle ##ven ##ue … 	0
1214368555799633920	1039921056293838848	[CLS] a ##0 working on this in the new year . already hard trying to get back into exercising . when things get busy like , always i tell myself to just go to the gym even for a little while . even if it s not the ideal amount of time just go 	1
1214367198275354625	41213331	[CLS] 0 . 0 . 0 the “ meg ##han mark ##le ” of hotel chant ##elle nyc wedding [unk] thank you so much for allowing me to witness this beautiful ceremony reception [unk] be safe in your travels my love , and we miss you … 	2
1214363489822744577	78226591	[CLS] su ##p fatty today is the first monday of the new year and that means you ’ re finally going to go to the gym so i made a very high energy mixtape of all the songs you know and love check it out 	0
1214362927500873734	36444924	[CLS] left work to go to the gym at 0 0 and now i feel like i have all the time in the damn world this evening 	2
1214359347318460416	1155417270	[CLS] my annoying best friend s wedding 	1
1214353025508237319	26203334	[CLS] when i recover from this surgery , i am getting thin ##e ass to the gym and you he ##aux ##s won ’ t be ready . 	1
1214349881114009601	2169615501	[CLS] new year ’ s resolution stay true to myself . haven ’ t went to the gym once and am eating everything i see . . . seems about right . 	1
1214348820282314752	62971195	[CLS] stop hating on the folks coming to the gym at the top of the year . they want to get better just as much as we do . 	1
1214346964789342208	2910202732	[CLS] le ##mme get to the gym [unk] 	0
1214346051416555520	603738832	[CLS] went to the gym yesterday for the first time since november 0 ##th . . . . started with just legs and bay ##bee ##ee ##ee i ’ m wa ##ddling in these streets . 	1
1214343863932006400	118990336	[CLS] also after the only films i was getting offered were slave narratives or movies where black people died and when i reminded everyone i was a sci fi anime freak they kind of [unk] . then tam ##ir and saw my work and we went on a date and it was on 	2
1214343213831663618	3048891932	[CLS] i miss going to the gym so much , i need a gym [unk] 	2
1214342583414972416	15111972	[CLS] congratulations 	0
1214341616384823297	8999912	[CLS] this frame used to hold my ke ##tub ##ah . i burned it almost five years ago , and then i put on my wedding dress to go to hebrew college ’ s pu ##rim celebration . after the sp ##iel , i said the blessing mat ##ir as ##uri ##m , of course … 	1
1214341250805055488	23804571	[CLS] the latest in presented by at the new york flutter developer meet ##up at google nyc 	1
1214340066782384135	22504161	[CLS] thank you for what will be my wedding coat 	0
1214337264702181376	84655175	[CLS] an amazing surprise today when we got the raw footage from our wedding video ##grapher . what amazing packaging thank you holy ##smo ##kes ##film ##s for everything . go ##wan ##us , brooklyn 	0
1215057141343703043	773938886825353216	[CLS] happy wedding [unk] ozone park 	0
1215057005641117696	428766345	[CLS] every . time . i plan to go to the gym and am actually motivated to go , i have to work late [unk] 	2
1215056594091872256	50179868	[CLS] nah when i was on a date , i didn ’ t ride . i made him do it . 	1
1215051854293454849	429628873	[CLS] if you need new motivation to go to the gym , go pay a stupid amount of money for a gym membership and i promise you that you won ’ t miss a day 	2
1215048439018463233	284660370	[CLS] ni ##gga cheated on her multiple times , had a baby but she can ’ t go on a date st ##hu 	2
1215044147494768640	158549712	[CLS] an back to the gym tonight . 	1
1215038143902212100	1202760810	[CLS] you guys watch the man in the high castle surprisingly really good . almost caught up . i ’ m always late to the party 	1
1215037277061165056	295847584	[CLS] what ’ s up 0 0 , how are you seeing this go because he woke up this morning so i ’ m gonna give you mo — i cleaned the room , then we went to the gym . if it wasn ’ t so cold , i ’ d go to the gym again . but it ’ s cool . … 	2
1215035468066250753	295847584	[CLS] what ’ s up 0 0 , how are you seeing this go because he woke up this morning so i ’ m gonna give you mo — i cleaned the room , then we went to the gym . if it wasn ’ t so cold , i ’ d go to the gym again . but it ’ s cool . … 	2
1215033477831282689	174922505	[CLS] literally meg ##han is so smart get your rich husband ’ s horrible family to front the wedding and take care of all ur needs and craving ##s while you ’ re pregnant . then you pop out the kid , take a few photos and then dip a true legend wow she really thought this through 	0
1215028721490571276	37979988	[CLS] wedding 0 	1
1215019494470496258	133027300	[CLS] i wanna be in a wedding no ##oo ##oo ##oo ##ow . just the br ##idal party tho . def not the bride . 	2
1215019102697377792	14613168	[CLS] i met this girl at this diner , 0 years ago today . then , after breakfast , we went to rehearsal with freestyle repertory theatre . today , after breakfast , with kids in school , we going shopping yes , i flipped the … 	0
1215017745189871616	799071775	[CLS] can ’ t wait to start going to the gym again 	0
1215016755162206209	2425134484	[CLS] my ex ever go on a date in my apparel i ’ m shooting shit up 	1
1215016005484843009	266758816	[CLS] me walking to the gym every morning . 	1
1215012534362746881	72690154	[CLS] me and my cousins used to go to church to hook up with girls there [unk] 	1
1215009598979084294	18063861	[CLS] the link is now out for our latest event bold in gold january meet ##up is happening 0 . 0 . 0 hope you can make it [unk] 	1
1215007866442137600	22264512	[CLS] late to the party again the dem ##ented and de ##pr ##ave ##d how rude . 	1
1215001589133533184	31474240	[CLS] yes but know your audience also that ’ s half of dj ##ing . don ’ t pull up to a bar in brooklyn and play a techno set . 	1
1214999379142205445	103919118	[CLS] s will tell it better . long story short . by the time he got to the 0 ##rd page the entire wedding party had tuned him out . on the 0 ##th page the band started to play him off . lo ##l [unk] 	1
1214712371236810752	21749729	[CLS] should i go to the gym out here in new york [unk] 	1
1214998902564360193	20186557	[CLS] i go to the gym bt ##w 	0
1214997871260504064	103919118	[CLS] it ’ s certainly something that my dad never learned . did s tell you about his wedding speech lo ##l [unk] 	1
1214996647807049728	77650201	[CLS] love him . my ##mann ##y pe ##lham bay split rock golf courses 	0
1214992787516657666	1480189728	[CLS] my health journey began on this day in 0 when i went to a bar to play darts and woke up the next morning with a sore arm 	2
1214990328786231296	65044665	[CLS] i still think their child will have a difficult time coming to terms with the fact his dad went as a nazi to a party with his friends dressed as a k ##kk member and another in black face but sure this is a decent start 	1
1214989781198880776	29902828	[CLS] the gag is i would go a date with 0 year old before i would go on a date with someone around my age . any day . 	1
1214985592615948289	175185360	[CLS] and 0 0 0 … 	1
1214982895489736704	1151633106136440834	[CLS] i mean , yeah l ##ma ##oo technically . anyone can run their wedding how they want 	1
1214982225504043008	21429508	[CLS] welcome to wedding band wednesday ##s folks [unk] tri color triple ##ts are everything comprised of rose , white , and yellow gold , this trio is a perfect example of one of our most popular hand made , custom designed … 	0
1214981418478186496	267836097	[CLS] have a birthday , wedding or you just want to simply look your absolute best for whatever the occasion book your session today 	0
1214980453192605696	44919454	[CLS] looking for wedding photographers in the d ##m ##v area 	0
1214978201300152322	3350752786	[CLS] sign up to attend 	0
1214975441381085187	1140301515883732992	[CLS] should i take the bike or car to the gym 	2
1214973011037741061	118990336	[CLS] it ’ s thrilling to see people starting to yell out for the work of alice child ##ress , and even more ##so to have my work seen in conversation with hers bc it is there ’ s no way could know in 0 i saw the ant ##eus theatre production of wedding band . its only revival 	2
1214971320624128000	455355785	[CLS] one of the most beautiful places i have been to . if bengali could do destination wedding , i would have had mine . at least wedding pictures perhaps ia [unk] 	1
1214970794016673795	729446342154686464	[CLS] when im not sick anymore someone take me on a date i deserve it 	2
1214970772323741696	33538291	[CLS] i know it ’ s been done so many times but “ here now ” by luther van ##dro ##ss will be played at my wedding . and that ’ s that on that . 	1
1214967414582120448	998613547	[CLS] if i die young im ##ma be tight , what i been eating clean and going to the gym for [unk] 	1
1214966318815961088	727544144516800512	[CLS] if my husband doesn ’ t agree to rec ##reate this for our intro to the wedding reception it ’ s over . 	2
1214964366560374787	289828223	[CLS] finally got around to building out my january calendar and one of my goals was to take myself out in on a date once a month and let ’ s just say i am very excited for this long term commitment to me 	1
1214960980372983811	1123211586590605313	[CLS] so my dad was airlift ##ed to a hospital and i tried to go about my business . next morning on the way to yoga with some friends , and i ’ m standing on the corner of a one way . the car that hit my dad went by with his blood still sp ##lat ##tered on the back . the wife looked at me . . . 0 	2
1214957129003601924	21270727	[CLS] i don ’ t even know where to go in hopes of meeting someone . do i go to a bar target the corner store the mall 	2
1214953527300304897	750474400672182273	[CLS] damn this girl invited me to the movies i don ’ t even wanna go 	2
1214951847200473090	105336501	[CLS] haven ’ t been to the gym in forever and i just ran 0 miles [unk] 	2
1214947734739980290	14613168	[CLS] i met this girl at this diner , 0 years ago today . then , after breakfast , we went to rehearsal with freestyle repertory theatre . today , after breakfast , with kids in school , we going shopping west ##way diner 	0
1214946963122200576	401820335	[CLS] hey you need to join me for a drink at the king cole bar in the st . regis in nyc . 0 ##th 0 ##th . the birth place of the bloody mary . and there is a max ##field par ##rish masterpiece behind the bar if that painting were to go to auction it would likely sell for 0 m 	2
1214946890124533760	746692554498899968	[CLS] why did i decide to go to the gym on a cold ass day 	2
1214946060654858252	2157222616	[CLS] went to the gym 	0
1214941644606365697	23038353	[CLS] i wore sandals to a wedding and they were a hit . [unk] 	2
1214935366215581696	3485350277	[CLS] ya ##y , free class meet ##up queens choreographer ##s dancers , it s time to warm up for q ##df ##0 [unk] for choreographer ##s interested in meeting local dancers to work with , joining the q ##df 0 tour , and taking class … 	0
1214934918620430336	132917855	[CLS] now s the time to book your trial we re quickly booking up 0 and 0 dates already [unk] [unk] … 	0
1214928319327744000	63763479	[CLS] okay now to write something tender and moving about my wedding that will crack a thousand hearts 	2
1214923951157194753	30122171	[CLS] personally im now excited to attend the wedding of a huge celebrity . seeing this as a big win for myself as well . 	0
1214905891822166016	887880310565818368	[CLS] i had a dream with a wedding what does that mean 	2
1214905351595790337	47717793	[CLS] thanks for the shout out 	0
1214903439404273664	1163791326	[CLS] i got sleep last night and i woke up early and i ’ m going to the gym who t ##f am i 	2
1214898369933578240	409014388	[CLS] so happy i forced myself to the gym this morning was hard since i ’ m off almost didn ’ t make it at 0 but glad i did now i can nap still have the rest of the day [unk] 	2
1214890309596913664	38553311	[CLS] i am going to the gym today i am going to the gym today ##i am going to the gym today ##i am going to the gym today ##i am going to the gym today ##i am going to the gym today ##i am going to the gym today 	0
1214883256388214784	40203643	[CLS] come to the party and we can have a group hug [unk] 	1
1214875951873572864	75689623	[CLS] woke up a lil late but still made it to the gym . i really really wanna take a nap but that ’ s gonna have to wait till after work 	2
1214871312423886848	836681345975869440	[CLS] new favorite item , this was fun , wedding updates , do you take the time 	0
1214774004189421573	63763479	[CLS] i sent a friend a wedding picture and they sent me this message in response and it just feels very good that sometimes people get it [unk] 	0
1214772065544396801	30581721	[CLS] bless ur sister ’ s wedding for many reasons , one of them being an excuse to visit the basketball hall of fame [unk] 	1
1214764490874601472	78078663	[CLS] i need a date for wedding 	2
1214763585139826688	23486364	[CLS] can someone find me a fiji ##an to marry cause . . . these wedding photos i keep seeing are breath ##taking . i want a poly ##nesian royal extra ass wedding 	1
1214762812330987520	527852034	[CLS] am i not allowed to have an opinion it ’ s my wedding . [unk] 	2
1214759113252638720	52806577	[CLS] the di ##se ##mbo ##die ##d head of do ##rium mal ##do ##var to the doctor so many secrets , doctor . i ll help you keep them , of course — the wedding of river song , this episode was originally aired on october 0 , 0 	0
1214751885158158337	3394097177	[CLS] take we to church [unk] 	0
1214744488771497987	63363339	[CLS] umm ##mm ##m did nicole go on a date with tommy ’ s brother . . . . . 	1
1214743768286580736	14154023	[CLS] we should listen to what joe bid ##en says about drone strikes cu ##s no mala ##rke ##y , he ’ s an expert . “ donald , donald , donald , another country ’ s airport no ##oo . . . what you want to do is wait til he goes to a wedding . ” 	0
1214743751660331009	766273415615578112	[CLS] seeing how and come to the party as no blogger has two nights to wait to get basic functions they have paid for happening 	0
1214736692063678470	174088066	[CLS] so happy i went back to the gym and saw my favorite instructor , tr ##u dog , tonight he made us do some new exercises i ’ m already sore , but also , no pain , no gain gotta look good for australia 	2
1214735748697595905	390486590	[CLS] god i hate january when it comes to the gym 	1
1214735266667278337	12795922	[CLS] yeah who the hell goes to a bar and reads books 	1
1214734642156376065	542628478	[CLS] have y ’ all ever been to the gym drunk lo ##l 	1
1214734285040693253	233025078	[CLS] i kinda want to go to a bar . . . then again i have two bags full of groceries on me 	2
1214733567781220352	554010129	[CLS] the reason i was a horse girl in elementary school early middle school is bc i stuck my tiny todd ##ler fists inside a horse ’ s nostrils at a wedding , end scene 	2
1214733025306726401	51651179	[CLS] i once went on a date with a girl that later appeared on a reality dating show in the same year . that ’ s all you ’ re getting [unk] [unk] 	0
1214732823308967936	2322184437	[CLS] i wish i had friends to go to the movies with 	2
1214730706150146048	20465807	[CLS] i ’ m tar ##dy to the party as always , but just finished the watch ##men i was already a fan of but damn it everything about this was phenomena ##l . especially you , mama . but how you go ##n leave a sis ##ta hang ##in you walked on water or nah [unk] 	1
1214730536566046720	32668095	[CLS] it is a beautiful venue for a wedding 	0
1214720275411079168	186944989	[CLS] that ’ s literally the worst i didn ’ t go to the gym but i did meal prep meat ##less lunch ##es until i went back 	2
1214716470741078017	941137612789702657	[CLS] first meet ##up of the decade [unk] it right with an amazing talk about stores by and the use of bit ##mas ##ks by 	0
1215247442511384576	959877857890783232	[CLS] i gotta go to the gym . 	2
1214710225095331840	878061869570945024	[CLS] i d be rich if i stopped eating out so much 	1
1214710134414413824	51651179	[CLS] obligatory january gym going sucks t ##wee ##t . which is really more about saying i a go to the gym in other months and b i ’ m clearly special and an absolute gym expert [unk] 	0
1214708007319343104	365742433	[CLS] alright ##tt ##tt ##t let me go to the gym [unk] 	2
1214707805439090694	22801498	[CLS] so what do you do the morning of your 0 ##th wedding anniversary being married to a gorgeous blonde hit the gym of course . those car ##bs ain ’ t gonna eat themselves upper west side 	1
1214706311637749761	2490801	[CLS] and the one of my wife and i on the top of our wedding cake 	1
1214699694519177217	622960227	[CLS] unexpected attendance tonight nyc . will be t ##wee ##ting the meet ##up in this thread [unk] 	1
1214699421985845249	272440952	[CLS] i ’ ve had the same tu ##x since my wedding 0 years ago , i ’ ll be waiting for the key to the city 	1
1214698611306639361	894641085867331590	[CLS] hey . my . name . is . ashley marie ri ##ker . from . bronx . new . york i . am . a . huge . fan . it ” s . your . love . is . my . favorite . song . from . my . uncle . and . my . aunt ” s . wedding . song 	0
1214698432310513667	479918829	[CLS] update still thriving and been going to the gym at least 0 times a week since june . honestly don ’ t know how i did it but proud of myself for my lifestyle change 	1
1215422434758795264	396950630	[CLS] if you go to a bar and order a vodka on the rocks you ’ re a straight psycho ##path and there ’ s no convincing me otherwise . 	1
1215422228130664450	411679024	[CLS] wolf ##s wedding . [unk] 	0
1215412912845676551	5493112	[CLS] muriel ’ s wedding ec ##c . pearl studios in new york , ny 	1
1215411030781763586	4926268203	[CLS] this t ##wee ##t from has been with ##held in response to a report from the copyright holder . learn more . 	1
1215410845859155968	61370840	[CLS] it ’ s ir ##ks ##ome when people try to give me un ##sol ##ici ##ted , amateur psycho ##analysis like i don ’ t do that every minute of the day “ i think the reason you go to the gym everyday is . . . ” “ i ’ m gonna stop you right there . sit down and i ’ ll explain it to you and be prepared to cry . ” 	2
1215408277791690754	111246471	[CLS] let ’ s really plan this prior . maybe even do a duo meet ##up here and invite pee ##ps 	1
1215405542786596864	16252248	[CLS] sorry no walk this weekend join my meet ##up to be notified of next one 	2
1215399292376055808	35958150	[CLS] all this heat for nothing , because i just work , go to the gym , and sleep 	1
1215388650999033856	18088364	[CLS] my wedding is on a full moon , so i ’ ll finally get to see if i ’ m related to any werewolves 	1
1215386770357006337	120185045	[CLS] yes take your ass to the gym 	0
1215386397340831763	471453378	[CLS] the guitar solo at the end of american wedding is heaven on a record . 	1
1215384673502859285	1215333822692241415	[CLS] cool kids engagement session kelly louise photography 	0
1215381972740198400	790407846143913985	[CLS] taking myself on a date today because this week has been rough . 	1
1215379656309907456	471453378	[CLS] going back to the gym next week . . . hopefully i find a queen to workout with too [unk] 	1
1215377291427053568	1488630361	[CLS] maze ##l to ##v to holocaust survivors olga joseph ga ##ray , who celebrated their 0 ##th wedding anniversary this week to many more [unk] . [unk] y ##la member and grandson of olga joseph . . . … 	1
1215377262972997649	25515144	[CLS] i ’ m crashing that wedding br ##uh don ’ t me 	2
1215375060657152000	283724636	[CLS] mike leach sharing wedding advice is just the twitter content we need . 	1
1215370303465050112	254398092	[CLS] i think since i ve started going back to the gym i have to soon cut fries out my diet again [unk] 	2
1215366660057653249	389483424	[CLS] wedding present ha 	0
1215360769233166336	1276671728	[CLS] ai ##ght my goal is to start waking up early and going to the gym before work bc rn there aren ’ t enough hours in the day and i ’ m tired of eating dinner at 0 ##pm [unk] 	2
1215358280987480071	1268279588	[CLS] we are hon ##ered and proud to receive this award for couples choice award from wedding wire . thank you to all our amazing clients for having our entertainment company for their wedding . and thank you to our entire team … 	0
1215357631788875776	359788324	[CLS] our next get together will be for trip to hillsborough . join us at 0 w 0 ##rd st at 0 ##am on january 0 ##th . 	1
1215354675832197122	22516507	[CLS] id ##k why people compare in n out to shake shack . in n out is dead ##ass mcdonald ’ s prices . u can go to a restaurant wit the money you ’ ll spend at ss . 	2
1215354657830252544	66496935	[CLS] how do you ask a woman on a date that you ’ re terrified of 	0
1215353081652748288	124332711	[CLS] have you tried our bu ##bbly cup ##cake yet imagine how perfect it would be at any party or wedding . it ’ s available until 0 0 in the bakery , but you can special order after the 0 ##th for your next event . tag a friend you want to meet for cup ##cake ##s and champagne [unk] . 	1
1215351097415610369	2842977137	[CLS] “ you could have hike ##d to church with a friend ” 	1
1215341504912351232	248454419	[CLS] hey it ’ s 0 why don ’ t you have a single “ husband his ” wedding card 	1
1215338372606177280	303286364	[CLS] i ’ m going to the movies tonight and tomorrow 	0
1215331753809924101	57430592	[CLS] going to the gym super un ##mot ##ivated but i ’ m forcing myself 	2
1215329757602164741	917691348	[CLS] if my dad would ’ ve taken me to the mall when i asked him to i would ’ ve been m ##j ’ s son in law . now my family brings it up every thanksgiving [unk] 	1
1215328381132255233	254398092	[CLS] i wanna play cod but i should really go to the gym 	2
1215328345015160832	25885803	[CLS] the hardest part but the most awakening turning point was realizing i was addicted to the party 	2
1215327311022710787	273675801	[CLS] im dead going back to the gym cause im not about ##a be told in dr “ tu ta go ##rdi ##ta ” sm ##d 	1
1215325892592984065	173860882	[CLS] ain ’ t no way they was on a date and his hands ash ##y like that l ##ma ##o 	1
1215314275138449409	74536331	[CLS] adrian ##a s cot ##o de ca ##za december wedding 	1
1215313635146444800	43539020	[CLS] the freshman , private parts and the wedding crash ##ers . 	1
1215313132878553088	38191219	[CLS] well it finally happened . i ran into my ex on the way to the gym and it was even more awkward than i could have imagined 	1
1215297998164570116	524076913	[CLS] i ’ m laughing really hard at the thought of mr . jo ##st at colin and scar ##jo ’ s wedding . like hey what ’ s this guy doin here 	1
1215297572790730754	1189288932359442433	[CLS] on god , i forgot about 0 of the girls i “ dated ” i guess it was dating at the time and i wouldn ’ t remember if not for facebook memories lo ##l ##0 years ago i was on a date with a person i forgot i ’ d ever even spoken to like that 	1
1215296639830822925	216883683	[CLS] so why kanye look like he been eating out every night 	1
1215294084681740288	3077112749	[CLS] look how cute i ’ d look if you took me on a date . if only i wasn ’ t a tau ##rus who loves cancel ##ing plans and not getting out of bed . 	1
1215293919455535105	18808757	[CLS] i was a little late to the party , but 0 years already 	2
1215293466919493633	295847584	[CLS] what ’ s up 0 0 , how are you seeing this go because he woke up this morning so i ’ m gonna give you mo — i cleaned the room , then we went to the gym . if it wasn ’ t so cold , i ’ d go to the gym again . but it ’ s cool . … 	2
1215290802211115010	2719581949	[CLS] did something rare last night took myself to the movies to see it was as amazing as you ’ ve heard . i wept multiple times . should win all the awards 	0
1215290753162805249	2257932403	[CLS] if you marry a girl from new jersey and the jonas brothers don ’ t show up , did you even have a wedding 	0
1215290707763658753	121203893	[CLS] today until late sunday . have a wedding on saturday 	2
1215288580832219137	1353109004	[CLS] since we ’ re all re ##li ##ving our fa ##ve diana moments every time a friend tells me she wants a “ timeless ” wedding dress , i ’ m like why go abs ##ol ##ut ##ley nuts 	1
1215285567992356864	1025851714019225600	[CLS] still sick but managed to still make it to the gym this morning [unk] 	2
1215284624823410689	175185360	[CLS] and 0 0 0 	0
1215284124342280197	175185360	[CLS] and and and … 	0
1215283263851450369	9339692	[CLS] like the cold ##est winter chill . . . [unk] . . . . . . . . . . … 	1
1215282042159730688	175185360	[CLS] and 0 0 0 inc 	1
1215270162112434177	2283660220	[CLS] sa ##fi ##ya ny ##gaard looked . . . so amazing for her wedding 	0
1215268255545417730	496770357	[CLS] on the train headed to the gym , and this woman drops her purse . 0 bottles of pop ##pers roll across the n train floor . our eyes meet . she knows i know . we ##rk 	1
1215717539218673664	1189288932359442433	[CLS] i ’ m at a point in my life where i get a natural high from things like being productive and going to the gym 	1
1215239476135583744	166639733	[CLS] 0 years ago i was making 0 hr living at my mom ##s one year removed from getting my bachelor ’ s . . . now i ’ m one week away from the wedding and honeymoon of my dreams . . . life ’ s good 	1
1215230734602063877	986030887186952192	[CLS] why come to the gym in full make up if your doing it right you will just end up like alice cooper 	1
1215206178751500288	1877001738	[CLS] i feel like im ##ma fall asleep right before im supposed to go to the gym 	2
1215164586959175680	40718501	[CLS] every time i see lal ##a in the news , i think about how we used to go to the gym and the white folks used to let her play gangs ##ta music , while i had to work out to fucking indie pop . also that one time i came in early , and saw mel ##o long ass , doing suicide ##s ever ##so casually . 	1
1215162947749797888	22990826	[CLS] yo i was on a date and i . . . liked the dude 	1
1215162154598522880	155114163	[CLS] when i first saw the video i cried [unk] at the end when hit that last note at the wedding when he picked her up om ##g my heart dropped 	2
1215137610173161473	34485937	[CLS] i brought my iphone charge ##r to the gym and left it on a nearby mat while i worked out . my gym crush , glistening with sweat and speaking to me for the 0 ##st time , asked if he could borrow it . i looked at my phone . 0 . i gave him the charge ##r . he smiled . i have no regrets . 	2
1215134958534234112	39119656	[CLS] leaning dragging myself against a wall on our classes way to go to church and falling face first into a doorway of a full classroom . 	1
1215133721977937920	989317483776610305	[CLS] last night , i went on a date with a girl who looks like 	1
1215125978982375425	1516661	[CLS] my favorite piece of commentary from their wedding was now arriving , noted human rights lawyer ama ##l cl ##oon ##ey and her husband . 	0
1215123385409294338	1855427294	[CLS] back to the gym monday [unk] 	2
1215109095918899201	123356393	[CLS] please dive ##st from your suv rides from the u ##es to park slope just to go to the gym it ’ s called leading by example 	1
1215108315061137408	52806577	[CLS] the di ##se ##mbo ##die ##d head of do ##rium mal ##do ##var to the doctor so many secrets , doctor . i ll help you keep them , of course — the wedding of river song , this episode was originally aired on october 0 , 0 	0
1215106140947861504	46010899	[CLS] u ##gh they could have just done all the wedding ’ s in this dam episode 	2
1215105507872120832	1148406728163254272	[CLS] tattoos always look terrible with a wedding dress . always . too bad so sad me ##ka 	2
1215104833067286534	21609549	[CLS] you don ’ t need that if you frame the story as child prodigy in the church , struggles to find success after being signed , abusive relationship , sky ##rock ##ets to success , free ##s self from relationship , returns to church for triumphant performance . boom . that ’ s a perfect arch . 	0
1215102533615616000	923540406071123968	[CLS] my wonderful second home . . although i m running around trying to plan a wedding trying to find a solution to my respiratory problems . . otherwise i d be there so glad i got to hear them with my class yesterday our music program rocks 	1
1215102400404623362	37023147	[CLS] my good friends in austin had a fa ##jit ##a and na ##cho bar at their wedding and for drinks a margarita machine and ke ##gs of beer . it s was really the best 	1
1215101660466503681	46010899	[CLS] listen she couldn ’ t even wear a fresh wig for the wedding . i don ’ t have high hopes 	2
1215101405066932224	1148406728163254272	[CLS] there is something odd about the grandmother asking for her own dance with brandon . this isn ’ t a typical wedding . it just seemed to isolate taylor a bit . i get the sense brandon is cod ##dled by his mom , gma , aunt ##s . no wonder he is so problematic . 	2
1215097778571005953	970512558	[CLS] did not go to a bar for my 0 ##st . 	2
1215092870404808705	2619728153	[CLS] they ’ ve kinda had it out for her since day one with the “ straight outta compton ” stuff . after ph ’ s statement they calmed a bit but after the wedding when she was amazing on tour w the drove ##s of folks who came to see them were more than for any royal ever , the press turned on her . 	1
1215089528333094912	775332000785924096	[CLS] real talk . he loves her b c she was probably going mad keeping up that facade while the media follows her minutes , hours , days , weeks , months a time since the wedding sh ##red ##ding her , making judgement ##s , publishing racial crap she wanted out . trust believe . 	1
1215085904731222017	335954481	[CLS] i ’ ve been to the gym more days in the first week of 0 than i did in all of 0 which is nice as well as disgusting 	1
1215085260750364674	46010899	[CLS] that ’ s all she gotta do . how you gonna wear an old ragged ##y wig on your wedding day 	0
1215085140592013312	801252082816876544	[CLS] for a beautiful wedding ceremony a couple months ago doesn ’ t this family look great hector top right wears the ar ##land , art ##chan bottom left wears the b ##lase , and luc ##io bottom right wears the noel . see more of these custom hand embroidered baron ##gs at 	2
1215084547685134338	1198169755271733248	[CLS] any good mood cause for a [unk] 	0
1215084003155435520	46010899	[CLS] tay tay . i know you didn ’ t let them gel down that same tired ass wig for this wedding . could the have at least plucked the part some 	1
1215079988212441094	201552886	[CLS] br ##uh , i know guys do this and that s totally cool , but i can t post a photo of me in someone else s car . if i post it , i m gonna tag the owner or let you know it was rented so if we go out on a date , i will not be pulling up in that [unk] 	1
1215075583593517056	1128427819388821504	[CLS] finally had time to cook today . . . been eating out all week eh ##h [unk] . . . spin ##ach chopped cabbage mixed w white onion , olive ##s , peppers [unk] eggs and lemon dressing . . . topped with pork lo ##in that was bro ##iled in a … 	1
1215075075017211904	93986955	[CLS] [unk] of my favorite looks wedding at the roosevelt hotel with elevated center ##piece ##s in the grand ballroom [unk] roosevelt hotel new york city 	0
1215068141526667276	13955342	[CLS] met my fiance on and we ’ re using for our wedding site . . . [unk] 	1
1215066657951047680	29858166	[CLS] planning a wedding is not a personality trait 	2
1215061208463806465	481349391	[CLS] 0 kids and no sign of a wedding ring or husband and she s happy 	0
1215785007957995521	16106513	[CLS] took a di ##y wedding field trip yesterday at lunch . link in bio to read me plead my case for bird ##houses . [unk] … 	1
1215783432699219969	731803688	[CLS] except at a cantonese banquet , especially a wedding banquet , when you will get both fried rice and e fu noodles in a last course . but yes that s my answer too . 	1
1215781032785596422	81745981	[CLS] i will prove you wrong at my wedding 	0
1215779303239102464	56880369	[CLS] exactly . . . . but im ##a make it to the gym one of these years [unk] 	1
1215777652507803648	188487140	[CLS] join us at for some football [unk] at dad ##s championship sunday fund ##ay the tavern 	1
1215775890979852290	3276500322	[CLS] can someone tell me how everyone has enough time to go back to the dressing room that ’ s not connected to the gym apparently in between scenes especially troy gabriel ##la 	2
1215774834778693634	293708555	[CLS] don ’ t think he had a choice to pay for education but that ’ s neither here or there . a lot goes into being a proper father his actions past b ##0 the wedding is not something a father would do that has relationship with his daughter . i think his words of support r his . 	2
1215774427360776192	13955342	[CLS] easily one of my most productive weeks and great start to 0 now gone the next three weeks for school , wedding tasting and a tech conference . 	0
1215770987398074368	254415475	[CLS] take me on a date here 	0
1215769333823090693	373944108	[CLS] you hear that . . . business won ##t support you unless the likely that you can win . hence no wonder our roads are the way they are . give me a contractor a road to do and then money feeds back to the party . politics fra ##id a politicians and [unk] 	1
1215769038783176706	226856549	[CLS] single life . . . bout to go on a date with 0 girl and link a different 0 for the night . . . [unk] 	0
1215765605028179975	71891563	[CLS] this sunday we continue our series “ just jesus ” , and we are going to look at jesus is the overcome ##r ” invite someone to church this sunday to one of our icc campuses it is all about jesus international … 	1
1215765600439545861	547165616	[CLS] i want to go on a date fr 	2
1215764552983490561	603157387	[CLS] how many times of watching the office will it take for me to stop crying at jim and pam s wedding 	1
1215764111096713216	43353692	[CLS] me heading to the gym 	1
1215761474385317890	789907076583661569	[CLS] i wanna go to the movies out to eat [unk] i really need new friends 	2
1215761471407259649	3254017245	[CLS] sweet something ##s , a special online exhibition just in time for valentine ’ s day , is now available to view at the gallery ’ s website , click the link in bio [unk] ed si ##ever ##s , untitled , old couple with wedding … 	0
1215759975852711936	371600202	[CLS] feels like forever since i ’ ve been to the movies 	1
1215755041006669824	204659840	[CLS] are we all try ##in to go blonde that ’ s a longer version of what i ’ ll be doing after my sisters wedding . 	1
1215754485227835393	1057299704676016129	[CLS] work was horrible today , i ’ m gonna go shopping to feel [unk] 	2
1215753554482356230	161540065	[CLS] it ’ s fr ##iya ##y so naturally a trip to the gym to get me pumped for the weekend [unk] new york , new york 	0
1215749451681337344	21129818	[CLS] this def gonna be the walk out anthem for our wedding , [unk] 	1
1215746730102284288	285961054	[CLS] i started watching when ste ##ffy sabotage ##d hope and liam ’ s wedding in aspen . 	0
1215742541791944707	17969146	[CLS] seriously hope you ’ re fr ##olic ##king into 0 , full of love , joy , and excitement [unk] cong ##rat ##s to all those celebrating engagements . . . have you found your wedding photographer yet i ’ ve got some ideas for you . . . … 	0
1215739032921088000	858737614274387968	[CLS] damn i was gonna go in for a drink maybe they ’ d let me in [unk] 	2
1215736181654200321	631276254	[CLS] i wanna go to the movies again cause last time was too much fun . 	2
1215734273417863174	2314514372	[CLS] i haven ’ t been on a date in so long . i love cute fun dates . 	0
1215729949803532290	16732171	[CLS] lame ass trends that need to die in 0 likely stale don ##uts hanging from peg ##s on plastic ivy covered particle board . why , people , why 	1
1215722818094190593	4026538720	[CLS] never forget that i love so much that i told my mom she couldn ’ t have straw ##berries in her wedding cake cause then za ##tori ##a wouldn ’ t have been able to eat any of it 	2
1216442540997718017	1371210373	[CLS] wedding showcase time ruth s chris steak house 	0
1215715806081888258	707238880278355968	[CLS] tonight ’ s games from 0 ##x civilization to hidden identity to silly party 0 pm every friday , new and different games every week 	0
1215708583423348737	1406126880	[CLS] going to the gym before work such a great decision 	0
1215704925126242305	749657035374034948	[CLS] talk about being whipped and blinds ##ided is he out of his fucking mind a divorce would be celebrated in this case . he should have known it was a huge mistake 0 days before the wedding . how s her family doing they happy about this 	0
1215701399796760576	14661445	[CLS] check out this printed aisle runner we created with our clients wreath frame artwork . sw ##ipe left to see the matching corner details at the back of the aisle . this one ’ s a beauty . . . . . . … 	0
1215694859450966018	350558501	[CLS] last time up against southampton , we celebrated a wedding and watched the boys put away a record 0 goals . who wants to tie the knot tomorrow for good luck [unk] vs . [unk] 0 0 a . m . , saturday , jan [unk] [unk] 	1
1215694124822736898	586040641	[CLS] sal ##lus ##ti ##o wedding details 	1
1215687999046004741	33959161	[CLS] today is a good damned day so far got my 0 ##st order and payment in my new business , bought me lunch ok let ’ s get to the gym then get to [unk] 	0
1215687918905446400	1084144224512151552	[CLS] my life coach is one of my best friends . she s definitely getting an invite to my wedding . 	1
1215687577447141376	614830036	[CLS] ain ’ t nothing wrong w . taking a guy on a date . 	1
1215686613193367554	575075043	[CLS] why is this thing parked on to go shopping in supermarket 0 ##nd street 0 ##th ave 	2
1215685194209992709	35958150	[CLS] going to my first wedding in mexico in may , its lit 	0
1215684200176721927	336647239	[CLS] open gym at my wedding before the ceremony . right next to the church . 	0
1215669977761701888	1189288932359442433	[CLS] went on a date with a columbian girl who barely spoke english — i understood about 0 of what she said and it was amazing 	1
1215669577704706053	281836611	[CLS] i wanted to add a little flair to a d ##nd party after having played human characters for so long . so i asked the d ##m if i could be a tor ##tle . he said yes . now we have a party of 0 tor ##tle ##s . [unk] 	2
1215666931610591233	3350752786	[CLS] fin ##tech friday applications are now open join co founder and chief officer at and more , to get mentor ##ship for your startup . limited availability . 	1
1215664494019518470	287470559	[CLS] you ’ re late to the party . pull up a chair and enjoy those fc ##s performances 	0
1215664272459685889	22990826	[CLS] l ##ma ##oo ##oo ##o . i only wear that shirt to the gym 	1
1215659622759051269	22492549	[CLS] flight to ca is booked for our daughters wedding [unk] in may 	1
1215657423387746304	145381287	[CLS] l ##ma ##oo ##oo i really miss it here ##ee ##ee somebody playing loud as hell ##l welcome to the party “ bitch im ##mm ##ma tho ##t get me lit ##tt ##t ” [unk] 	2
1215655296808505344	811581980	[CLS] big facts ##s we gunn ##a have the do ##pes ##t wedding ever 	1
1215652765420134402	2569261	[CLS] i went to the gym this morning . . . [unk] 	2
1215637392117452801	29937422	[CLS] yesterday was not only my brother ’ s birthday , but also that of the legendary buck ##y pizza ##relli , who turned 0 and had his 0 ##th wedding anniversary this is a photo from my very first gig with him , a birthday concert … 	1
1215635190346932224	38449857	[CLS] i too was tested l ##ma ##o . team went to a bar for lunch and god looked out with some buffalo ca ##uli ##flower bites 	1
1215634203146145793	2797833442	[CLS] i dream ##t i went to the movies with jonathan pry ##ce and anthony hopkins both in character as the two pope ##s to see in 0 ##d , and they were not happy about it . 	2
1215633253736026112	73211338	[CLS] like this wwii veteran who got married there . he wrote lo ##y a letter about his 0 wedding reception and he framed it and put it on the wall of the bar . 	1
1216147750972284930	319355917	[CLS] the only upside of not going to the gym all week is how much less laundry i have 	2
1216147684488368128	1325799295	[CLS] tonight ’ s a night to go to the movies but i don ’ t have a special someone to take me [unk] 	2
1216138842870251521	2880245348	[CLS] told mom that i was sad st ##asia couldn ’ t come to a party with me and she responds with “ well at least you didn ’ t get into a fight ” well about that katie . . . 	2
1216137362872229888	95285695	[CLS] shortly after our 0 ##th wedding anniversary a week ago , we gathered at home last night to celebrate the life of this magical , hard working , un ##mat ##cha ##ble , and immensely pat ##ite ##nt woman who i am proud , lucky and … 	0
1216137003303084033	326798233	[CLS] i never day ##dre ##ame ##d about a wedding , but i day dream about my dream career and dream house every day 	2
1216114553617969152	928021057583411200	[CLS] i ’ m currently on my way to church to pray for everyone [unk] 	1
1216113774517805058	3292639344	[CLS] just went on a 0 ##rd date and i ’ m already calculating wedding timeline ##s help why am i like this 	0
1216113229937684480	760909441629913089	[CLS] i rec ##com ##men ##d starting dance lessons at least 0 months before your wedding . this will give you enough practice time to feel confident and look natural as you share your first dance together . [unk] … 	0
1216110758641242114	1080216508045975553	[CLS] i swore up and down i was finn ##a sing this to my husband at our wedding [unk] 	1
1216110665477316609	217692294	[CLS] we ve got a spring weekend in the middle of january . 0 ##° ##c [unk] . it is a little weird , but also makes going out a little more fun because we don t need a ba ##zi ##lli ##on layers of clothes . like we went with friends to a party … 	1
1216107288697720835	89262314	[CLS] going for a drink . . . [unk] york new [unk] en new york , new york 	0
1216105710284689409	22070359	[CLS] me at your wedding 	0
1216099300637401090	850232960313774080	[CLS] ice told me “ give him 0 he ’ ll be out at the end of the day ” . ice told him “ remove your wedding band ” . lies 	1
1216098568378966016	320412389	[CLS] when my roommate ##s return and find me on the couch and say “ oh i thought you were going to the gym . ” 	1
1216096380512546817	178041839	[CLS] story time around this time a year and a half ago joe asked me to go on a date , he suggested hiking at first i said yes definitely and then i started to think about all those crazy lifetime movies and how he could … 	1
1216087030532386818	24222417	[CLS] i ll be attending and playing guitar for liz ##zy i ##up ##pa s wedding at in long island city , ny 	0
1216082288913477632	1013841812304232456	[CLS] oh shut w ##had ##du ##p the og is throwing a meet ##up kelsey and mike have been to this bar ##cade , it ’ s awesome . and their food is killer 	0
1216079048818003968	1008110425865621504	[CLS] re do her wedding to break the record [unk] 	0
1216077518303907840	2270038093	[CLS] i was just asked if i would give a toast at my close friend s wedding reception next month and i said i would love to then proceeded to ask if i could read chen chen s poem winter i haven t heard back from my friend [unk] 	2
1216509389512880129	2758379992	[CLS] hell ’ s studio meet ##up part one 	1
1216506778172698624	210724961	[CLS] do not ever say , speak , or think of the word wedding again 	1
1216496663931453440	2241612313	[CLS] im gonna start going to the gym again but at my own pace 	2
1216493791798013952	36514049	[CLS] congratulations to the bro super excited i got to witness you and ak ##u ’ s wedding . wonderful time bro 	0
1216492865485824000	13463782	[CLS] the tower of babe ##l , wedding bread 0 , 0 x 0 inches hollis tag ##gart 	0
1216489295525093376	1702603429	[CLS] me walking back in the house after shopping when i was specifically instructed to not go shopping 	2
1216484349194964992	423794754	[CLS] just walked past a guy wearing the raf pol ##ter ##ge ##ist sweater , debated on asking him on a date . . . . the taste 	0
1216483398929264642	875086111927914497	[CLS] a man can ’ t even go to church and worship the lord anymore 	2
1216480623210135552	1021223328160395264	[CLS] mad o . . . i went to a friend ’ s birthday get together and this charming dude asked for my number but i declined and ask for his instead , guess what he did , he leg ##it wrote his number on a benz and gave me the key [unk] hello to the new benz owner . . mad ##des ##t o 	1
1216479758491570182	23223835	[CLS] no better way to get your place in an epic wedding party for wedding than to have the grin ##go man ##ding ##o drop the news 	1
1216475317260505095	46594785	[CLS] great start to a great year g r e a t n e s s jericho terrace 	0
1216465889077481472	928021057583411200	[CLS] on a date . . . kinda nervous 	2
1216463843628634112	229701155	[CLS] im dressed for the gym like a guy who ##s never been to the gym 	1
1216449686921453568	173071071	[CLS] then have a small wedding lo ##l 	0
1216448807908577286	34061926	[CLS] play this at my wedding [unk] 	0
1216447540482269186	2866442018	[CLS] now that i ve done my due dil ##igen ##ce towards wedding stuff for the day , it s time to focus on my soon to be hub ##by s birthday 	0
1216446880869167113	1206876389795909633	[CLS] nun it ’ s called stupidity . . . like who gonna be in our wedding [unk] if i cut my m ##f pp ##ls off [unk] 	1
1216444480410341376	1400632075	[CLS] om ##g linda you must go and see you would love it [unk] x ##o i would love to meet you for a drink [unk] 	1
1216443683819737088	993917262590562305	[CLS] i ’ m literally on board with this idea 	0
1216160922525487106	36772561	[CLS] l ##m ##fa ##oo ##oo ##o the church none of them ni ##gga ##s even went to church [unk] i definitely died and came back right before this video [unk] 	2
1216440582320553984	56606909	[CLS] what do i have to do to get to come to my wedding in may 	2
1216430382205325312	336647239	[CLS] bro , go to church l ##ma ##o 	1
1216427299903614978	1568834400	[CLS] someone drive to the mall [unk] 	1
1216422577427623938	24188726	[CLS] i really enjoy making people happy . it feels like it ’ s my true calling . making sure couples are smiling and enjoying themselves it ’ s almost like a passion for me nowadays . especially when it it a wedding . but … 	0
1216416751304339461	268498395	[CLS] so now you can go to the mall and ski . winter american dream meadow ##lands 	1
1216413230056321024	23891217	[CLS] girl . getting out of bed was not an option i ’ m not even going to the gym [unk] 	2
1216410706972676103	2448113629	[CLS] went out to go shopping for myself , ended up shopping for my mom . she deserves 	1
1216402281756794881	37533366	[CLS] id ##k where to look for non hideous long sleeve class ##y wedding dresses . women of the internet help a bitch out [unk] 	1
1216399714167422977	26886518	[CLS] remind me to never wear tim ##bs to a party again . happy feet got my shit ##s on a trillion ##n [unk] 	0
1216398229794971648	101970219	[CLS] com ##fy and aboard with ap ##lent ##y for my days at tonight the meet ##up and 	0
1216397303097053184	2760896343	[CLS] good morning it s time to go to church [unk] and this is how we do it 	0
1216396249731084288	1321550544	[CLS] i got a light jacket on walking to the gym and i ’ m already hot lo ##l . 	0
1216395495322652672	796235060	[CLS] my wedding dance was “ old enough to love ” . . . 	1
1216394890113884162	38473421	[CLS] well in denver i know there are some queens that get shit stolen from them in the dressing room . i have heard of tips , jewelry a fucking wedding ring , and even wig ##s and outfits getting stolen . so i ’ m glad she gave you shit on chat ##am ’ s behalf cause he earned that 	1
1216394668520411137	707238880278355968	[CLS] new campaign starting wednesday ##s from 0 0 on 0 0 regardless of your experience level with you ’ re sure to have a great time 	0
1216394144123441153	2306573867	[CLS] time to go to the gym [unk] 	1
1216391739965169664	712637681948368896	[CLS] headed to church bc this me . 	1
1216390040017887234	26777112	[CLS] on my way to church because he is worth it 	0
1216388551551733761	1388327803	[CLS] beautiful wedding with and the powerful [unk] . atomic ##amps mono ##cre ##ator … 	0
1216386186492760066	39099011	[CLS] i went on a date last night 	1
1216380561628987395	142267469	[CLS] too sick [unk] to go to the gym [unk] 	2
1216379762924576769	30837053	[CLS] i need to start going back to the gym 	2
1216378045252153346	2868092767	[CLS] i told my cousin i was going to the gym last night at the bar apparently this tram ##p believed me , ringing my doorbell talking bout come on . . . bitch why you believe me after my 0 ##th cup if it was 0 yes . . . 0 ##th 	1
1216376784150724608	783099817	[CLS] so billy and i wr ##e going to learn the dance to poison for our wedding . we decided this while dancing to a play ##list of songs we ll be playing at our wedding in our living room this morning . 	0
1216376372949659648	2758639492	[CLS] lo ##l if i ’ m on a date [unk] 	0
1216374828334297090	334833630	[CLS] i want someone to take me on a date on my birthday like on the day of but . . . 	2
1216374192842723328	409014388	[CLS] made it to church happy sunday y ’ all bless up 	0
1216368473707896834	2813749790	[CLS] i need to stop eating out . . . it ’ s my love language at this point . 	2
1216359221094207488	2683151377	[CLS] l ##ma ##o . you ’ ve already gone to church today , so you ’ ve at ##oned in advance [unk] 	1
1216357329395949568	336942739	[CLS] went to a party last night and sees ##aw stole the show 	0
1216340975569833984	65986406	[CLS] so i go to a group meet ##up and one of the ice ##breakers was to be blind ##fold ##ed exploring by plato ##nic touch . me and my partner end up kissing . at least i got to grip that thick ass boot ##y . [unk] 	1
1216337937794764800	20686644	[CLS] this was my morning view today as i get up and med ##itate and write for a couple of hours before heading out to the gym or a meeting . these are the things that inspire me . . . . . hamilton heights , manhattan 	1
1216325291297136640	2586457549	[CLS] congratulations and paul for your beautiful wedding . thank you for including in your day . wish you more love and happiness . pleasant ##dale chateau 	0
1216293671739498496	1084325907903455232	[CLS] seriously , there is no writer that should already have publications eating out of his hand . y ’ all better get him before black history month 	1
1216273518406635520	64532077	[CLS] on a date not nervous 	2
1216263203581235200	342559184	[CLS] today i spontaneously walked for 0 miles s o ny for 0 degrees in january journal ##ed took myself out to eat watched football went to the movies solo self care on point 	1
1216258423903395840	63363339	[CLS] hi guys , drunk high amanda here . i actually went out to a bar with friends and made out with a complete strange and he told me how cool i was lo ##l that i should scare him lo ##l [unk] but i ’ m so nice 	0
1216242900159422469	91224923	[CLS] i ’ m . getting home at 0 am and sincerely debating still going to the gym at 0 am before work because of my ob ##ses ##sive personality 	2
1216226897778089984	82775720	[CLS] eating out of pot after cooking type of night . . . [unk] 	1
1216221680722378752	52806577	[CLS] the di ##se ##mbo ##die ##d head of do ##rium mal ##do ##var to the doctor so many secrets , doctor . i ll help you keep them , of course — the wedding of river song , this episode was originally aired on october 0 , 0 	0
1216221663626452992	23152987	[CLS] these new york women aggressive . i ’ m gonna but my own wedding ring soon so i can be left t ##f alone without being called gay 	2
1216212051242168320	370821467	[CLS] i wan ##nna go shopping [unk] gu ##cci is dropping i wanna go cop it . . heard them purse ##s is pop ##pin ##nn . . 	2
1216210542089723906	45249784	[CLS] remembering one time a few years ago when i was on a date and got asked if i watch keeping up with the ka ##rda ##shi ##ans and i said no and they asked me if it was bc they ’ re armenian . i ’ m no expert but don ’ t accuse your dates of being fans of et ##hn ##oc ##ide . 	2
1216209562933563392	2156477931	[CLS] i remember when my parents dragged us to church in chicago when it was like 0 ##° man i was pissed l ##m ##fa ##o like we can just pray at home [unk] 	1
1216205367140585472	7766032	[CLS] “ . . . christians who claim to be citizens of the kingdom of god went to church , cheered the de ##pr ##ave ##d words of a president , and warmly embraced his offer of political power . such a display by evangelical ##s is unprecedented in american history . ” 	1
1216203163042226176	1008110425865621504	[CLS] elite crowd and wedding [unk] 	1
1216198903512563712	29368108	[CLS] i attended a wedding that was “ black tie preferred ” . set the message that tu ##xed ##os was preferred but not required but bare minimum was formal suit . 	2
1216192730482774016	980715404	[CLS] ready to go to church [unk] 	0
1216185213597908993	17839976	[CLS] no di ##sr ##es ##pe ##ct , but this has nothing to do with what she wrote . it ’ s her wedding . 	1
1216178816105832449	59530238	[CLS] okay but how many rt ##s for to do video for my wedding [unk] 	2
1216175213844496385	54281968	[CLS] honest and consistent for decades i ’ m late to the party of thinking that our votes matter when the choices were so poor for so long . i ’ m with bernie since 0 and i was born 0 . 	2
1216168500944941057	522559624	[CLS] went to a bar by myself and had a beer sat in front of a mirror and all i can say is that my date was amazing and i ’ m in love 	0
1216168180755902464	1021223328160395264	[CLS] person tell you say you have a beautiful smile , you con de ##y go begin price wedding gown ##o de far ##a bu ##ru ##ku bal ##e 	1
1216166546478895105	21599322	[CLS] took pre ##work ##out so i could get to the gym before my late performance at ap ##ap tonight and got to the gym and it closed an hour ago ha ha ha going [unk] tingle ##land 	2
1216165598079700998	473504980	[CLS] we are all trying to survive and eat out here in these streets respect my hu ##stle . 	1
1216161491885416448	22990826	[CLS] did i even go to the gym if i don ’ t post pic ##s 	2
