1315801660602503168	155500510	LOUIS VUITTON & THE NBA  COLAB LUXE TRAVEL CASE FOR THE LARRY Oâ€™BRIEN TROPHY GOES TO THE LA LAKERS ğŸ† @ Los Angeles, California 	0
1315798419429097473	28684544	Have you bought your shares in my new face yet? What? You thought I was kidding? Sending out these official certificates today... Visit  NOW! @ Hollywood, California 	0
1315795923134365698	1168138251690897409	 how's your afternoon going beautiful. I would fly back there to visit you but I don't think I could handle the humidity, or the cold. And I don't who would watch my car.	0
1315793639348396033	21541950	I havenâ€™t gone back home for a long time. first, the violence kept a lot of us cousins away. lately, my bad leg makes me hesitant to visit for fear of not having much accessibility. Mami is aching to go home and the pandemic has made it feel like sheâ€™s in limbo.	2
1315791357433143296	2547588981	You really have to carry a lot or just use the neverfull GM to travel . Itâ€™s a really big bag	2
1315789433065492480	1121442807233818627	One of the most important aspects of  is that it gets me out of my comfort zone. What is it about travel you love? New episode out!         	0
1315785432332816384	989523836092612609	  ~ come visit LA and Zac and I can make it happen!  xx	0
1315782882577661952	21541950	I donâ€™t know much of my ancestors but I know my grandmother. the 0 years she lived this life. the 0 children she raised & their 0+ kids. each time Mami had a baby Mamita ToÃ±a would travel to Los Angeles via Coyote to welcome us into the family.  (0/?) 	0
1315779336264273920	444960734	So what day is it? October 0, 0? With the  no need of a time machine. You travel in time by witnessing appointments of people who live the past! Like centuries ago! 	0
1315779207671107585	1408889839	 U the size of a travel toothpaste, u blacked out off 0 mikes hard I ainâ€™t forget	2
1315778142020100096	341531219	 â€œvisit  slash Ohioâ€ said an angry Mr Biden screaming into the microphone. I think he is getting really angry. Like he knows he is losing it. Sad. 	2
1315774783955533833	3298978284	"""Sunday in the Garden:  Native Garden"" November 0nd!Sunday in the Garden extends TPF's  by spotlighting  year round. Visit includes conversations with homeowner/designer & time to explore.  "	0
1315773803750776832	317266264	 Lol mine was wine, boobs, and travel ğŸ˜‚	0
1315772558537494528	27295545	 Thatâ€™s why I donâ€™t visit my family in Bama or Florida!!  I make them come to CA ğŸ¤£ğŸ¤£	0
1315766892196319233	52684857	Iâ€™ll be a Guest Speaker at the 0st â€œVirtualâ€  Show next Wednesday, October 0st. If you love Travel, join me & many other  Get your Discount Tickets today ğŸŒâœˆï¸ 	0
1315762280521293825	54929994	I chaired an accreditation visit to El Modena HS several years ago.  Good school.  Nice to hear the impact the school & his coach had on him. 	0
1315759935435677696	834589638920507393	As production restarts, the Dominican Republic and its many locations in a close proximity might be the right fit for your film. The secluded beaches, lush forests, and a well-established industry have attracted the likes of Jurassic Park and Apocalypse Now. Visit  ğŸ 	0
1315757631873507328	2675366293	Want some inspiring art for your walls while supporting a good cause?  Protest art prints are here! âœŠ Visit the all-new  âœŠEach archival-quality print features direct action from LA + beyond.  All proceeds go to local charities! 	0
1315733408727752706	2693213363	Which are the best parks to visit at wdwğŸ¤” asking for a fren	2
1315729567521206273	339102721	Get in the Halloween spirit and join in on our Pumpkin Carving Photo Contest! Send us a photo of your pumpkin masterpiece and you could win a prize!ğŸƒğŸ†ğŸ—“Submissions due by October 0st! For more information regarding contest rules visit  	0
1315721210139869184	1158754991366000640	Mercury retrograde is when  Mercury â€œappearsâ€ to be moving backwards (or retrograde) when viewed from the Earth. When Mercury is in retrograde, technology, communication, travel, logic, & all communicative information gets disrupted. Best not too buy electronics, make travel plan 	0
1315720361892212736	3431717713	I want to travel so bad	2
1315719919879614464	1148037552374349825	Sometimes you gotta be creative and experiment in order to find true greatness! ğŸŒ±ğŸ’š                  	0
1315719145527242752	255224830	In the midst of having an amazing weekend with my friend who came to visit me I had a breakdown over another one.	2
1315717665160400898	2494243536	Looking for a FANG-TASTIC way to celebrate Halloween? ğŸ¦‡Join us for Chino's Drive-Thru Halloween Spooktacular! Registration is now open to Non-Residents! Visit  for details.ğŸ‘»Interested in sponsoring or hosting a booth? Visit  	0
1315716700478697472	29283114	Putting this out in the Universeâ™¾ğŸŒ0 will be amazing I will travel to many places meet new Interesting ppl & explore the world. Festivalâ€™s will be tf OPENED & Safe for everyone ! ğŸ™ğŸ¾ğŸ™ŒğŸ¾ğŸ˜‡          	0
1315715186926338048	203348714	Literally lost my home, citizenship, family had to leave the country, received death threats, wanted dead by many, unable to visit ME for standing up for Jewish people,I disagree on one thing while idiots try to force me to change my opinion suddenly (showing my true face) ... 	2
1315705182810861569	190799144	Bedminster Trumpâ€™s club charged the Secret Service its usual nightly rate $0 for the cottage, record show. Because of Trumpâ€™s spur-of-the-moment travel habits, officials say that the Secret Service rents the Bedminster cottage every day from May-November, just in case he visits	0
1315698988507693057	3301117966	Stables Inn â€“ Rustic Chic Accommodations in Wine Country  	0
1315694141297188865	1481556997	Did we time travel? ğŸ¤”  	0
1315684820719075338	30994347	Three small business owners on the 0 block corner of Melrose and La Brea. Jared from  Claire from  and Ryan from  It has been so amazing to have good neighboring businesses that complement each other. Come visit, we are all open! 	0
1315678696196325376	108813540	  And now itâ€™s too late! Sorry I didnâ€™t visit.	2
1315668767800582155	1315663625042817028	"""Phrase Seven"" is an audiobook  had produced with  &  Coming to  very soon. Visit  to learn more.        "	0
1315659165323288576	2197881895	I had this thought because I was thinking about my expat friends in Hong Kong who can relate. The difference is that my expat friends can go back to their countries and fit right in, at least in terms of appearance as travel and living abroad changes you.	2
1315658200604049408	2197881895	You know that feeling when you travel and you make eye contact with locals and you get the sense that they know youâ€™re not from there? Thatâ€™s kinda what itâ€™s like being mixed (at least for me).  	0
1315654664088547328	357176730	PG&E equipment have been accused many times before. Watch Deborah Tavares on Youtube and visit  	0
1315629036765208578	24503209	" Laura, I'm only going to say this once: ""I think you're killing it.. you great looking, daaammmmnn intelligent, articulate, and you take chances and travel with the show.. And more.. & I realize you don't wish to put on your lawyer hat. But it time!! I think â¤ï¸ğŸ‡ºğŸ‡¸ğŸ‘"	0
1315614394848407555	72171727	The remark has nothing to do with the travel ban. Biden was not aware of the travel ban when he made said what he said about DJTâ€™s xenophobia & fear-mongering. Fact check CNN	2
1315603418954653697	97781259	There can b travel and economic with Cuba. 	0
1315578899560984578	100453107	  Yes Jeremy's feed always a pleasure and particularly spooky fun to visit when ghosties and gremlins are amongst us.  ğŸ”ªğŸƒğŸ˜ˆğŸ‘ºğŸ‘»â˜ ï¸ğŸ‘½	0
1315550100807065601	3268368750	    I canâ€™t get enough of VdG. Just took another visit last month. The food is pot of this world and there is some amazing wine as well!	0
1315543862992154625	23386812	YassssssğŸ‘ğŸ½ğŸ‘ğŸ½ğŸ‘ğŸ½ğŸ‘ğŸ½ğŸ‘ğŸ½ Back when we could go outside and travel ğŸ˜ğŸ‘‘ğŸ‘‘  game, this season was such a dope time!!ğŸ’œğŸ’›ğŸ’ªğŸ½âœ¨        	0
1315541663410839555	19103758	GOD I REALLY HOPE TRUMP DOESNâ€™T GET A VISIT FROM LAKERS AND/OR A JERSEY. FDT! 	2
1315536272589377537	885361557756153857	took me three hours to travel one mile to get home in dtla and Iâ€™m so pissed	2
1315527601499250688	915679654962331648	 This was a great pod cast and interview. Youâ€™ve come a long way from the meat plant in Ottumwa.       	0
1315523448802746374	255774724	Canâ€™t wait to travel the world with the love of my life	0
1315518215808716803	28758357	Please visit the  website for official drop box locations. 	0
1315514609609003008	385702199	I always laugh when I travel to other cities in the US and meet people who go, â€œomg how do you do LA, the people are so fake / superficialâ€ when itâ€™s literally ONLY the transplants seeking fame who make up that stereotype... the folks actually FROM SoCal are like all chillers!	0
1315511427923238912	2786149299	My favorite answer to time travel into the past  is when travelers realize that they canâ€™t influence the past and alter the future aka their present. Because anything that could happen in the past has already happened. Love that shit. 	0
1315503540777840641	17051161	Me in every city I visit... 	0
1315497286282084352	321074823	So I was thinking, have this idea where we.......???            @ Abbott Kinney- Venice Beach 	0
1315496791723307010	1268596868193402880	 will get you right for all your travel needs ! Mexico and Texas was an experience youâ€™ll never forget ğŸ’›	0
1315496495253053440	1168689651499945984	I agree and this is likely just the start. Chargers my team are paying the brunt to an extent today but knock on some hard wood. Rona will want to visit all the teams. Not a super fan but a super virus. ğŸ˜¡ 	2
1315494164943888385	1631458657	Watch out yâ€™all! I dropped off mine at an official mail drop box listed on the ballot. For my Dena peeps:Pasadena City Hall Jackie Robinson Community CenterGrant ParkRose Bowl Washington Park Allendale Library More locations visit  	0
1315485931114123264	108468990	Trump waiting for the  to visit the White House with the trophy and a jersey 	0
1315480811789938690	36102835	 Give em a visit. Quality product.	0
1315466000230309888	43967777	That was a travel ref wtf!! 	2
1315459025824292865	274887776	It was fun seeing my nephews again always love their company. Hopefully within 0-0 years Iâ€™m able to go out to their new home and visit them. They will always be in my â¤ï¸ğŸ˜¢ğŸ˜ŠğŸ˜˜ğŸ¥° @ Buca di Beppo 	0
1315455152363503616	1066374154381737985	Stay-At-Homecoming SPIRIT WEEK starts tomorrow! Itâ€™s time to travel through TIMEğŸ•–and show your COUGAR PRIDE ğŸ¾        	0
1315451902482472960	768574405886771200	Clear travel on Jimmy lmao	0
1315451693186727936	15785017	Not gonna lie, if I perfected time travel right now I would find a way to see  in Clueless. Seriously.	2
1315448386636505088	203348714	Which country should I visit (flee to) just right before  ğŸ¤”	2
1315447519032172544	1245422140456718336	I be going broke coming home to visit. Gotta get everyone to meet in one spot. This â€œletâ€™s do lunch/dinner/drinksâ€ shit got me spending like a trick ğŸ˜‚ğŸ˜‚ğŸ˜‚ğŸ˜‚	0
1315444102641725441	42873306	Day 0 of  â€˜Half Domeâ€™. In focus. Yosemite National Park, CA. 0.      @ Half Dome, Yosemite 	0
1315443705998761984	26309386	I gotta travel âœˆï¸ 	2
1316166592632299520	519624699	If your family is looking to have your student back on campus, 0 days a week, Whittier Christian High School is the community for you.Take a virtual tour online or schedule your on-campus visit today at:  	0
1316163030225354753	1309251584	No judgement, or malice, to of each our own but idk why its probably just me, but I see alot of women having kids or having more kids, and I'm just like why? Don't you want to travel? advance your career? idk I just have so much I wanna do before settling down.	2
1316162805721034752	248115637	Be sure to visit Salvation Mountain, and The Slabs (also, must be Hot ğŸ”¥ there today [the Library at Slabs has cold drinks]) 	0
1316157155628650496	1408889839	yeah Iâ€™m built like a travel sized Pringles can 	2
1316153890388221953	344183143	   Going to Miami on the 0th. Probably stay for few days. Visit Do some 	0
1316148003862847489	14141281	  I will do anything to catch up with this exhibition, wherever it's anchored when the pandemic lets up enough for travel.	2
1316146462321860609	1305086255995080705	 Come over to my house and Is visit me	0
1316132579867721730	1121442807233818627	â€œTraveling is what we do. It is not who we areâ€ said  on our new episode. Howâ€™s your  with  Who are you? Come join the conversation.           	0
1316132497265242115	135981064	Cowgirls welcome here! ğŸğŸŒ» Throwback with  & friendsâ£ï¸ We still have a few spots left for our Ocean View tour this Sunday in Malibu! Visit  to reserve. @ Zuma Canyon Trail 	0
1316131711948791808	1121442807233818627	â€œCOVID has taken away the best part of travel - freedomâ€. Do you agree with our guest  ? What do you miss most about travel? Come join the discussion in our new episode.         	0
1316124934863814661	1138891888667156480	Road trip soon.    @ Los Angeles, California 	0
1316124889602899968	1468171736	 Please do this travel the world, and experience culture. I just hope the world wakes up and beats this covid thing	2
1316123711041282048	118837238	Find the  Alumni Travel trip that best fits your interests- you can filter by tours featuring  faculty, here:  	0
1316122545666453504	2914145754	ğŸš¨ğŸš¨â€Trend City Radioâ€  Recap & Highlights with iTsDjAnt!ğŸ™ğŸ¼ğŸ”¥ğŸ‘‰ğŸ‘‰ .Featured Artists ğŸ‘‰ğŸ‘‰    ..â—ï¸â—ï¸For more clips visit our YouTube channel: .. 	0
1316118152762195968	565989027	Make a movement with a smile ğŸ™‚:::  @ Los Angeles, California 	0
1316115391563751424	845852358382825472	Shop Loveth0game Clothingâ—ï¸Visit our website to browse our various different styles in stock. ğŸ“¸ shots by   @ Marina del Rey, California 	0
1316109916663291904	21826598	travel 	0
1316100616872108032	768882087940063233	To find an office near you, visit our website at  	0
1316094983061925891	1054254266	Money, friends, travel. Iâ€™ll take it 	0
1316093080789942273	717108504	This has been a long morning.. doctor visit turned into going to surgical urgent care to get an abscess cut and drained. MRSA sucks ass and I am so physically drained from the pain I cried. ğŸ˜”ğŸ˜”	2
1316092709464150021	80607338	Drawing in TorontoSelfieâ€¢               @ Turtle Island 	0
1316088882660663296	339102721	Get your home in the Halloween spirit and participate in our Halloween Home Decorating Contest!ğŸ˜ Send us a photo of your decorated home for a chance to win a $0 gift card to Hobby Lobby!ğŸƒğŸ‘»For more information regarding contest rules visit  	0
1316088638162247682	845852358382825472	Shop Loveth0game Clothingâ—ï¸Visit our website to browse our various different styles in stock.  @ Marina del Rey, California 	0
1316085099352317952	1017429689948725250	Online Soon Time Travel Therapy! Where imagination healsğŸ§˜ğŸ¼â€â™‚ï¸âœ¨Join for updates:                        	0
1316081843754598400	2302546657	Marriage pussy travel 	0
1316081301238185984	2494243536	Do you have bulky items that just won't fit in your trashcan?âŒğŸš¯âŒOur partners at Waste Management provide up to 0 bulky item pickups a year for our residents.Schedule a bulky item pickup today by calling 0-0-0-0. For more info visit  	0
1316080566958133248	27644378	Itâ€™s  Did someone say Barnes & Noble run? ğŸƒğŸ½â€â™‚ï¸ğŸ“šThese are just some of todayâ€™s new releases. Come visit or check out  to view our selection......     	0
1316080163411488768	490031902	Xprescheck âœ”ï¸ Airport Medical Facilities will be the future!              .... Making Travel Safe Again Boston Airport Covid Rapid Testing ğŸ‘ 	0
1316076926767828992	16336977	This camera is amazing but itâ€™s a difficult buy with Quarantine until 0 + international travel canceled until 0. (At least) 	2
1316075161032949760	31046923	 Iâ€™ve never understood it either Iâ€™m always in sweats and hoodie. I have to have shoes and socks too, I canâ€™t travel with my feet uncovered. Lol	2
1316074560039469056	15300073	Want free ride in a helicopter flight 0 people? Looking 0 people to join me. Leaving early 0/0 from PS, fly to Catalina/breakfast and on a yacht/lunch. Then San Francisco for dinner.If interested pls pm me.Preferably someone with a helicopter and yacht, otherwise we can't go..	0
1316072663844962306	3183494317	  ...and consider a visit to an ear specialist	2
1316071657518186496	458961607	 Travel...oh wait. ğŸ˜‘	2
1316069314252816384	62635451	You're only allowed to visit GHANA, in Africa, lol!! Muscles via steroids & CandomblÃ© magic, haha!! They may have, genetically, low body fat...that's why muscles protrude [remember Bruce Lee? Alm. 0% body fat]!Izzy Adesanya, UFC champion, is fr. Ghana but says Nigeria! 	0
1316068882478637057	47420204	Waiting now for fly to bury itself in Cruz beard, find itself finally a home. 	0
1316066295075475461	112705702	My biggest nightmare is that Humpty will fck up 0st contact when in reality, there's no chance for a visit from my subspace pals until he is incarcerated, or in self exile. @ Los Angeles, California 	2
1316062221512912896	2372414311	Working on my online store.  The  collection is up and running. Please visit. This is the Diamond Bar Drop Earrings.Arrow points down as a call to be grounded. @ Los Angeles, California 	0
1316061861532499968	25382485	Episode 0 of Public Space Pod is essential listening for any creative! Salute  for breaking down the hustle, the grind and journey during their pre Covid visit to Venice. Big â¤ï¸ to x  Listen ğŸ§ 	0
1316061352402640896	738779772	At times I feel as if my ancestors speak through me. Iâ€™m a conduit, a transmitter, I receive their transmissions daily. Especially in the morning when I rise to greet the southern sun. When they come at me itâ€™s always with love. Iâ€™m honored their voices travel far and finds me. 	0
1316059300888891392	436336674	Someone invent time travel already! I need to go back and fix some things	2
1316048591488577536	1039605607781691392	  I know Iâ€™m just saying he didnâ€™t have to have people fly to Florida to see the obvious	0
1316037510300987393	510834581	Growing up in Napa Iâ€™d never even met another armenian person other than when I would go to LA to visit my moms family. Now that I live here in a city with the highest armenian population in America Iâ€™ve never felt more at home	0
1316035886581051396	265119982	Why would I pull out 0 k in lax YOU DONT TRAVEL MUCH HUH? ğŸ˜‘ğŸ¥º 	2
1316035674550616064	25775123	My love life has been such a rollercoaster this year and now Iâ€™m just focusing on myself and doing me to make me happy and I am so proud of myself of how far Iâ€™ve come theres so much I want to do and hopefully I get to do it next year ğŸ™ hopefully next year me and bell can travel	0
1316026260192067584	20169430	 Perfect!  I love it there and plan to visit again soon.  Talk to you in a few hours.	0
1316024821487083527	120595550	Visit  to shop online.DM Ink Books, Art & Merch         ğŸ‘‘     	0
1316023739029442560	1024720117232328704	           You visit family?! I know what you do play in the orchards and the evening drinking apples and booze ğŸ¥ƒ. Whoâ€™s taking care of Benny. Are you Doods and Benny with you?! You gonna Visit Dolly?! Just a few hours down the road. Everyone rehash the hash.	2
1316023374171176960	557020584	I got travel gwap walking vault	0
1316022059772735489	857747729761443840	 Last year, while on my visit to England, I took the train to York to meet this wonderful woman, my friend, Rachel. We had the time of our life. Thank you, my friend. 	0
1316021065387110400	142507472	 Travel to see people and do my favorite part of my work.	0
1316018559407980554	108961386	  You guys enjoy mediocrity. Rambai makashinga. A stadium with no bucket seats is one of the best in AfricağŸ˜­ Itâ€™s cause yâ€™all donâ€™t travel. You have normalized nonsense. ğŸ˜‚	2
1316018383834345473	14141281	  It's been on my list for a while, for the next time I visit the wonderful  And I can see why it's so difficult to find. 	0
1315998181281333248	19958836	 Awesome!!!  	0
1315955093875814401	1197379589774835713	Low key want to visit ATL soon I miss my friends	2
1315922004587868160	17358422	Thankful for another year around the sun and for all my besties who make space/time travel bearable. ğŸ˜Š love u guise.	0
1315898108195209217	1276505479	Goal for 0 Have  pay us a visit! Hey a guy can dream right?	2
1315894427521413121	2686774686	I just want to travel the world in a boat. Thanks	2
1315886321332707328	175228559	 Shes iconic pls come visit us	2
1315885909322076160	15723895	   God. I was supposed to visit your country and i swear that i am happy the trip was canceled. How in the world are you guys so ignorant. Unreal. 	2
1315876579134763011	778180669688143872	Sometimes less means more. Go with less baggage and more travel with Runway Heels. Do more with just a click!ğŸ’ƒğŸ’« Explore the collection at ğŸ‘      	0
1315870780249436161	165704826	I might just pack up and travel	2
1315861637232951297	229110337	yes this is after a dentist visit, and yes she didnâ€™t actually ask for a pic, and yes i sent the closeup one	0
1315861400883875842	2437287458	 vol 0 - Richard Ayoade. Stuck in lockdown and canâ€™t leave the house, but Travel Man is here to remind you why the big wide world isnâ€™t as great as you remember it being.  	0
1315851116156866561	2607247127	   I work with a lot of surgeons and the fascinating thing is attitudes like this usually travel along with those of subpar skill	2
1315850926196883457	15489429	All of my Instagram/Facebook memories are full of travel adventures in Mexico, France, Hawaii, etc. So now Iâ€™m suffering from some serious wanderlust 	2
1315849591250591746	26881131	can one of my friends pls come visit me in LA I need to hug someone familiar before I actually die	2
1315835449001222144	26253284	la county voters: visit  for info on your local drop box locations and more :)	0
1315829631161827328	1002050317444202496	The Creepiest Place To Visit In Every State  	0
1315828082612133889	18485176	A List of Great Importance. I can personally vouch for most of these excellent choices. You are welcome. Vogue-Editor-Approved Sweatpants to Buy Just in Time for the Holidays  via 	0
1315827666323345408	2914145754	ğŸš¨ğŸš¨â€Trend City Radioâ€  Recap & Highlights with iTsDjAnt!ğŸ™ğŸ¼ğŸ”¥ğŸ‘‰ğŸ‘‰ .Featured Artists ğŸ‘‰ğŸ‘‰  ..â—ï¸â—ï¸For more clips visit our YouTube channel: .. 	0
1315823266569699328	19688237	Took time out today to visit some people I admire RIP Nip, Brittany, Paul 	2
1315821202556870656	389917468	Steve Martin just made a crappy day, better. Visit his feed right now. 	0
1315816266020474885	2941478899	Travel, friend, sex. 	0
1315813494231453696	1168693955791216640	Uncle Ted is in town & Dad said itâ€™s my job to keep him satisfied. So I deep cleaned my hole & had it plugged until his arrival. I kissed him & told him my hole was his to use as he wants during his visit. I fucking love it when he finger fucks me to cum. Tells me itâ€™s his pussy 	0
1316523765875068928	17176190	Bob Dylan was turned away by his hero, Harry Smith, when he went to visit the American folk music archivist in the mid-'0s. 	2
1316523559095693312	404943171	 I thought Iâ€™d visit my fav gal. 	2
1316521022711984128	20220936	Back home from a quick family visit in San Diego. 	0
1316515614769307648	111234632	You registered, but do you know your vote? Visit  to learn more about whatâ€™s on your ballot. â£  	0
1316515288326828034	2400830827	Boy do I miss work travel.	2
1316510235188621312	17261913	Crabs ğŸ¦€ Marriage ğŸ‘°ğŸ»ğŸ¤µğŸ¼ğŸ‘©â€â¤ï¸â€ğŸ‘¨Travel (or rave, but Iâ€™m in my 0â€™s so, travel it is.) ğŸ›«ğŸ›¬ğŸ”ğŸ—» 	0
1316505576478846976	15654898	When my dad came to visit, one place we showed him was the Arboretum. He was the one that got me into photography - he loved taking pictures of trees and flowers. @ Los Angeles County Arboretum & Botanic Garden 	0
1316499023600050177	1247749831264624660	Why Armenians love strangers  via 	0
1316499016234876930	1281311778534682624	I just wanna travel the world with the love of my life, have great sex, eat good, sleep good, be excited about music, and be stress free.	2
1316498266704408577	335970638	ğŸ©¸Please join us October 0 for our next Community Blood Drive! To ensure safe social distancing, this blood drive is by appointment only. Please visit  and enter the sponsor code â€˜CityofBevHills.â€™    	0
1316497455085576194	379481752	Bro why canâ€™t these dumbass influencers stay home?? Now is not the time to travel the worldğŸ™„ğŸ™„ğŸ™„ 	2
1316496815580082177	1130537558344052736	ğŸš¨ There is a fake Armenia Fund website and IG created - again. This time itâ€™s called â€œArmenias Fundâ€. There are ads running through IG, so please donâ€™t click on any links. If you want to donate, just visit  or  directly.	2
1316491305858396162	74553413	Today is  Do your part to put an end to bullying, both in person and online. For information on bullying visit         	0
1316490293697343488	2740991177	Denade always folds my laundry and cleans my room when she comes to visit me ğŸ¥ºğŸ’•	0
1316490219965751297	46470122	There's still time to fill out your 0 Census before TOMORROW'S deadline. It only takes ten minutes, and your response will help our community receive the funding we need! Visit  before the end of the day Thursday. 	0
1316483248105553920	211638730	I got MARRIAGE, FRIENDS, and TRAVEL. Iâ€™ll take that. ğŸ’ 	0
1316479483344351232	21064871	Itâ€™s my  but when  comes in for a visit and celebrates our cashiers for CAM, I get excited!!    	0
1316470479603998721	2536742486	 Thank you for sharing I feel I went to the palace. Magnificent palace and from the furnitures and architecture and I love the colors of each room and you will enjoy the paintings as well. Great idea for this virtual visit	0
1316469855483129862	1207456662291771393	   Yeah I agree.  when are you gonna come visit us?!	2
1316462937096122368	1058457279941332992	This sums up 0 - the year of travel. 	0
1316461252256784384	198420647	That just reminded me of  and our goal to visit Delaware ğŸ˜‚ğŸ˜‚ğŸ˜‚ğŸ˜‚. At this point it ainâ€™t happening lol smh	2
1316458162040401921	2258422687	I either need to start work again or get Covid just before the holidays so I donâ€™t have to visit family.	2
1316456636723032065	1289291335116001280	Did you see? Visit  for more info about the campaign, then vote. 	0
1316452227410608130	31539249	 Travel across the country for revenge. Avoid mushroom people. Fail in revenge, but learn some valuable lessons along the way. You can no longer play guitar.	2
1316450640667848704	523694178	Day 0 in CaliğŸ’«I normally donâ€™t vlog when I travel to different places, but this time I decided to give it try.  Shot + Edited by  @ Los Angeles, California 	0
1316449990739456006	1280905838312349696	 AGAIN.. NO TRAVEL.LOW FINANCES.DEVASTATE THEFT.CRIME.WAR.PLACATORS AND LIARS.OUTLINED PROGRAM FOR PANDEMIC QUARANTINE TO CDC AND GOVERNMENT.	2
1316448689594994690	2914145754	ğŸš¨ğŸš¨â€Trend City Radioâ€  Recap & Highlights with iTsDjAnt!ğŸ™ğŸ¼ğŸ”¥ğŸ‘‰ğŸ‘‰ .Featured Artists ğŸ‘‰ğŸ‘‰    ..â—ï¸â—ï¸For more clips visit our YouTube channel: .. 	0
1316441867240828932	14141281	 Gorgeous. When we sailed down the coast of Albania a few years ago, I really wanted to just jump out and swim to shore. The whole area - from Croatia to Montenegro to Albania - is amazing. Well, Greece, too. I'm dying to travel!	0
1316439182852513792	14141281	 October and November (in addition to early March - artichokes are still in season around my birthday!) are my favorite times to visit Rome. Far fewer tourists and mild weather.	0
1316438970704760834	808059936886255616	vodka, BOOBS, travel. iâ€™ll allow it ğŸ‘€ 	0
1316438873287819264	808059936886255616	 i got vodka, boobs and travel. ğŸ‘€ iâ€™m about it.	0
1316436072226672640	3391473939	At a visit to TEAM Industries in MN, Ivanka  made reference to 'revisionist history'. Her father,The Donald, is a first class revisionist, rewriting his actions and statements on a daily basis .	0
1316432865975062534	222592152	 I met this old lady at the park and she said non of her 0 children call or visit her. You are blessed to have so many people checking for you. ğŸ™	2
1316429790421942272	29873677	Watch me on  this Friday 0pm ET, brought to you by   &  I can't wait for you to check it out. Visit  following the broadcast! See link in Athlete Ally's bio to tune in.  	0
1316427537069735937	783563838	 Just added it to our â€œmust visitâ€ list for our next trip over...Summer 0? ğŸ¤	0
1316422663078916098	25399889	If you could travel back in time 0 year, what 0 piece of advice would you give yourself?-Model  photos by -     @ Los Angeles, California 	0
1316422040061001728	3665987533	it felt like a gift. like i was being given some time with him, as a treat. like he saw what i had to pay yesterday and was like â€œyou dumb bitch. i should probably visitâ€	2
1316421848603607040	20577717	Our son Abraham prophesied in a  video that   would make a visit to a certain address. 0+0+0+0 = 0Yesterday,  posted a 0ST street exit sign from his official  page. To hear the prophecy, visit  	0
1316420983734050819	280511940	He takes good care of me. Love me some  ğŸ¥°            @ Lax Ariport 	0
1316414692072386567	2281098763	 Soon as itâ€™s safe to travel, we will be visiting as many of the schools as we can! Whales and London have such great opportunities!	0
1316413111629348865	1148037552374349825	What alternative pastas do you like to use, we love pasta made from chickpeas!? ğŸŒ±ğŸ ğŸ’š               	0
1316410927600693248	21910173	ğŸ‘€ğŸ©¸ğŸ›¢ Blood Drums Virtual Halloween Special October 0-0 Full virtual concert experience!For tickets please visit: 	0
1316404263124262912	1146245949200617472	What a good morning for me and Iâ€™ll eat some breakfast before I finish my Crash Bandicoot Fanart. And after that, Iâ€™m going to visit my grandmother again to help her gather few things to be put in her storage in Chino. Wednesdayâ€™s going to be busy for me. 	2
1316402605866639361	161740281	  in big  makes it  to  or cultivate your own  plus remember: these   do not just disappear; they travel through air, water, even produce & bioaccumulate. 	2
1316400891038105600	1023413444513390592	I'm looking back at my goals and aspirations for 0...- Travel as often as we can- Meet and work with client's all over the world- Visit Greece, Paris, Italy, Bali and Australia 	0
1316400370910855168	16716641	     He looks it!	0
1316399578350931968	16716641	     I give his outfit 0/0 and yes Iâ€™m loving such experiences as well!	0
1316399072119410688	878411149640847360	Excited to travel to Dallas tomorrow a.m. We'll be at the game. Whatever happens Dallas/Fortworth area is nice to explore.  Haven't visited in 0 years so excited to see what's changed.	0
1316386555087392768	1158754991366000640	DONTSMake major decisions that could have you changing your mind later.Buy electronic or cars Plan travel - may be canceled or even rescheduled Make serious commitments Go on a first date	2
1316382295033405441	2439092689	Cristiano Ronaldo breaks quarantine to fly to Italy onboard private ambulance plane after positive coronavirus test, He was taken to the nearby Oeiras by ambulance.to be travelling in a Bombardier Learjet 0XR LX-ONE which is specially equipped to fly him 	0
1316380102624604162	49887303	 Need a Ms. Pat travel show	2
1316375519995203586	87370174	Life is amazing as I travel from hosting  in  to  and back just in time to catch  Of course, I got some  , of course I got some  even an appearance from my    Premieres  	0
1316333306389110786	28088694	â€œYou can visit but you may never leaveâ€...  @ San Pedro, California 	0
1316308434103353344	39173015	Iâ€™m staring to think these â€œfried king crabâ€ jawns are fake. I travel way too much not to have had these yet. 	2
1316283684383870976	350161788	 Byron Jamez Visit My Website To Hear More Music @ Los Angeles, California 	0
1316276610564198400	1159664491648315392	broooooo i wanna go an travel 	2
1316273504153526272	1312335861699145728	Call on Congress and the State Department to End Azerbaijanâ€™s Veto against U.S.-Artsakh Relations Dialogue and Diplomacy. visit   #	0
1316260893273911297	29283114	I h0 planning shit, Iâ€™m more of the I see a wave ğŸŒŠ & Iâ€™ll kno if I want to ride it or na! That sea sicc feeling anxious shit suxBut there is Good in planning shit out I kno, I juss always Contemplate shitğŸ™ƒ      	0
1316248514213498881	196740371	   Your talent & expertise in your market demanded my support & encouragement buddy ...and as I recall our 0st Starbucks visit went waaayyyy better than our 0nd thx to the thieves of centro STGO ğŸ’ ğŸ˜­ğŸ˜­ğŸ˜‚ğŸ¤·ğŸ»â€â™‚ï¸	0
1316233513222336512	307104638	I just make money, travel, and vibe.	0
1316221039752355840	1150979219431628801	  Legally, per standard of care and continuity of care, the doctor must if it's a necessary medication.  This applies even if you owed the doctor money.  They can require a visit or lab work.  But if something happened you they would be in serious trouble.	2
1316220495126126592	335970638	In an ongoing effort to promote and protect public health, the Beverly Hills City Council tonight approved an urgency ordinance that restricts Halloween activities in the City due to the ongoing COVID-0 pandemic. For more info, visit  	0
1316215115897683968	910532977670725633	donâ€™t ask me where Iâ€™m going as I travel in this limitless world, every step I take is my home	0
1316211641688616961	2931630131	This is what makes time travel for sandwiches possible. 	0
1316209168903266304	50231048	ğŸ¥ ğŸ¿ Drive in at LA Zoo ğŸ…ğŸ˜ğŸ¦’ will be producing a series of Drive-In Movies for the LA Zoo. For tickets and more information visit  ğŸ¦ ğŸ¦… ğŸ¦“ğŸ¦’  @ Los Angeles Zoo and Botanical Gardens 	0
1316207427830771712	42054385	 just saw le vlog! If youâ€™re comfy with traveling a bit from the SFV, Underwood Farms in. Ventura or Kellogg Ranch Farm by Cal Poly Pomona are fun patches to visit. It feels like a whole different world. ğŸ˜Š 	0
1316204728661860353	474520598	 Yes ask. Gregâ€™s moving there for a job and I wanna visit.	2
1316204245285179392	474520598	 My brothers moving out there and im gonna visit Iâ€™m tryna see what there is to do ! You know ?	0
1316198760049897477	1674355062	Hey Dodgers if you guys can stop looking like my brothers travel team when they canâ€™t hit that will be highly appreciated by every Dodgers fan ğŸ™„	2
1316197343180406784	255846423	Hey  I tried to get an uber last night and the only options that kept appearing on my phone were $0 for an Escalade or $0 for a Camry. To travel two miles!!! Thatâ€™s a joke. Iâ€™d rather walk.	2
1316194736638586880	25004344	If Florida goes blue this year Iâ€™ll visit my aunt	2
1316186185916538880	1243273942174859264	  My situation is similar...they re cruel. They didn't even want to bring my son into rehab for visit. My son was just a baby. He just turned 0 week ago.	2
1316181734648553473	3268561027	 Oh thatâ€™s a dope job they get paid really good and you get to travel for free I most definitely see you doing that how tall are you ?	0
1316176243599896576	501449996	Why my dumb ass spend over $0 today .. and this is only my first visit back since the mall opened back up ğŸ˜«ğŸ¥´	2
1316171353146322944	1031576656203341824	 Letâ€™s make travel agents essential workers.	0
1316853372557897729	855528248771436544	Downtown Los Angeles looking nice today.        @ Los Angeles, California 	0
1316853360671113216	1175129120935538688	One more home visit!  Congratulations Kaylee ğŸ™ŒğŸ¼ Love seeing our families ğŸ’™ 	0
1316839276940791813	112705702	Fleeting honor for sure, but well worth memorializing so that past me will recognize future me when my continuum rift is stable enough for bi-directional travel. @ Los Angeles, California 	0
1316829051873419264	490031902	 Airlines Marketing Virus Free Flights Is Big/Testing prior to travel is beneficial for the entire earth ğŸŒ ...Not only COVID0 but all communicable Diseases--- Safety Is Huge ... ğŸ‘€ğŸ›«	0
1316828451731513345	356755443	On the subway in Long Beach heading towards my parents to visit. Hopefully there is still leftover birthday day food. Also waiting to see if my flying green beetle friend appears again......  	0
1316828215369846784	14303901	The cards I have are 0GB but say â€œU0â€, unlike the photo on the Samsung website. I wanted to visit their product page to decode the markings. BTW, Samsung has a Windows program you can run to see if the cards you bought are genuine or counterfeit.	2
1316825714553888768	1311833724523143181	Join us tomorrow night for Pineapple Express, Starts at 0:0pm ! $0 Ticketsâ€”&gt; Pineapple Express:    To see more of our shows visit     	0
1316824098467504131	203374128	God has a plan.â¤ï¸ Wait for it! Visit my new and improved art website: Link above in my bio. Merch coming out SOON!  	0
1316822262553563137	14303901	 I may be learning more about embedded LTE telephony soon. Itâ€™s amazing what you can build now from prototype boards and then turn into shipping products. This stuff didnâ€™t even really exist 0 years ago, much less 0.Maybe Iâ€™ll even get to visit Shenzhen some day.	0
1316821478550106112	1274489393378553857	 Hey handsome visit me	2
1316819903626711040	159753152	Village Runner crew member Ally demonstrates the benefits of the   is one of our most popular items right now, especially with runners. Watch Ally & visit here for more info:    	0
1316804456567062528	57805365	 For more information on the ways we can help you establish a music career you are welcome to visit our official website  or contact the office at info	0
1316804413025972224	57805365	 For more information on the ways we can help you establish a music career you are welcome to visit our official website  or contact the office at info	0
1316801663806496768	29233592	Excited for my 0st visit to a  center! Learned so much from talking to the director & senseis at the San Marino center, and watched JR ninjas working on  &  projects! Also awesome to finally meet one of my fellow remote coworkers in person!  	0
1316798822161375232	149219539	 I donâ€™t know. Travel is exciting	0
1316796653899141121	2752950775	ALL STUDENTS: More great colleges coming today! Donâ€™t forget to drop in and visit with the reps! 0:0-University of Portland 0:0-Hillsdale College 0:0-Purdue University	0
1316791507186151424	478944256	The deadline to register to vote in California is THIS COMING MONDAY, Oct. 0th! Visit  to find all the information you need! ğŸ—³  with PCC Athletics	0
1316785735136018432	90508698	I voted for  Where do you stand? Vote now for a chance to win a $0,0 adventure. NO PURCHASE NECESSARY. Ends 0/0/0. To enter and for Official Rules, visit   	0
1316784671175385088	30333723	â€œFRIENDS that travel together, stay togetherâ€ ğŸ’• @ Los Angeles International Airport 	0
1316781803932270593	382813875	When you are ready to travel weâ€™ve got the destination of a life time thanks to our jet setter  we are heading to The Maldives ğŸ‡²ğŸ‡» ğŸŒ´ğŸ’¦    	0
1316780454599561217	545307073	His God mother was a Powerful roots wombman from Louisana who come visit us and prophesy.	0
1316780271291703296	754731825654665216	 ima have to visit that one for sure	0
1316779125059866625	111120497	DROP, COVER and HOLD ON today @ 0:0 a.m. for the annual  earthquake drill! Post your ShakeOut photos with hashtag  to show you participated. For more info on this year's drill and how to stay safe during an earthquake, visit  	0
1316778931412897795	3719297954	 families - The last day to complete your 0 Census is Thursday, October 0 at 0:0 p.m. Visit   to complete your Census today.      	0
1316778009639100418	1486275330	   You guys should read. I know you travel for work and such. 	0
1316774680322174977	82507723	The 0 ShakeOut is today, 0/0! Join millions across the globe by practicing how to Drop, Cover and Hold On during todayâ€™s Great ShakeOut Drills. For more info and to participate, visit   	0
1316769567079763968	760196984988852224	Today is the Worldâ€™s Largest Earthquake Drill, the Great Shake Out.  Spend a few minutes at home talking about how your family can stay safe in an earthquake!  Visit  for more information.  	0
1316767685338783744	93241358	"China's President Xi Jinping has told troops to put their minds on ""preparing for war."" He made the alarming comments during a visit to a military base in the southern province of Guangdong. "	2
1316766139209314307	21264229	And remember, if your property is damaged by an earthquake (or any disaster), our office is here to help you recover. For more on the Assessor's Disaster Relief, visit     	0
1316765843443740674	1041543968008232960	Whoops!  Kamala Harris halts travel after 0 involved in campaign test positive for coronavirus 	2
1316764795962449921	47695096	 i know for a fact whenever my dad comes to visit heâ€™s gonna be like why you ainâ€™t got no shades on this lol	0
1316761219718541317	1392749484	Nachos Crabs and travel LMAOOO 	0
1316760161130815490	1128523092	 may as well just meet me for lunch, since travel is cancelled   ğŸ˜‚ğŸ¤·ğŸ½â€â™‚ï¸ 	0
1316759542638628867	72783788	My dope ass travel buddy today âœˆï¸ğŸ›« 	0
1316759121035550722	91947999	Sen. Kamala Harris Cancels Travel Plans After Staffer Gets COVID-0  (vÃ­a TMZ)	2
1316758764700098560	512635855	âš¡ï¸ â€œKamala Harris suspends travel after two people close to campaign test positive for COVID-0â€	2
1316756747260817408	4056984615	 Youâ€™re always from the Bronx. ğŸ™‚ Yeah I moved out here to California three years ago. I prefer the weather out here I really grew to hate the winter LOL  I havenâ€™t been back to visit in about two years so once we can really travel I need to do that.	0
1316743555851771909	545307073	Who decided to come visit and chill with me in the spirit realm?	0
1316743280260902913	278069561	Harris suspends travel after staffer tests COVID-0 positive	2
1316741930022174721	15748209	ğŸš¨TWO MEMBERS OF KAMALA HARRIS' TEAM TEST POSITIVE FOR COVID. Her travel has just been postponed	2
1316741833326653442	941375720458149888	TODAY is the last day to complete your  If you have not yet completed your Census please visit  or call 0.0.0. We need you to ensure our communities gets its fair share of resources.   	0
1316739240349200384	2234760798	Kamala Harris cancels all travel and appearances through Sunday as staffer tests positive for coronavirus.	2
1316737036431224834	1203051108974780416	Todayâ€™s the great  Download the  app, and be ready at 0:0 for the test alert today. See  for more preparedness tips.For kinship/foster resources visit  	0
1316713892941242371	190799144	Former Graham supporter.This is kinda stuff my mom would say, the soil. But she was dramatic Death and the south. Sunday visit cemetery. No wonder weâ€™re nutsâ€œMy brother, grandparents, and generations of other relatives lie dead in South Carolinaâ€™s soil.â€	2
1316674292541607936	97781259	There can b travel and economic with Cuba. 	0
1316666968221523968	28427989	 I was hoping to travel for December out there but I guess itâ€™s a no go :/	2
1316653424436408321	994378631471292416	OAC Day 0: Quar the Devil! Visit my Instagram to see previous iterations of the idea.â ğŸ”¹                 	0
1316644403142823936	1185838656323387392	 For a great Cali visit	0
1316638092296683523	14915109	BONUS HAUNT STOP- 0nd visit. What a funny, brilliant animatronic show.  @ Burbank, California 	0
1316636191194660865	146510281	My preference are asians and whites, but they always seem to travel and me, well I'm too poor or too busy to even travel very often. ğŸ˜‚ğŸ˜­ğŸ˜‚ğŸ˜­	2
1316634560021458951	860686186003791872	 Moms always told me we not bailing you out cause we broke! Pops was like if you get locked up i can't visit you cuz I got a felony! Didn't listen	2
1316619287814172672	1183870153093722112	Took her to Jalisco, now her first time in La. best believe ima put my ama on a flight b0 any female! We gon keep the lil tradition of ğŸ˜™âœŒğŸ¼ erry pic we take when we travel. Thailand next si dios quiereğŸ™ğŸ¼ 	0
1316618252483616768	1170872049146851329	***ANTENTION FROM THE NCLC***IN 0 DAYS TWITTER IS SELLING ALL PERSONAL INFORMATION (TS.0.NC0)IF YOU REWTEET THIS (NOT COPY AND PASTE)0 GROWN MEN WITH 0 YEAR OLD FINGERNAILS WILL VISIT YOU IN YOUR SLEEP WITH ALL YOUR PERSONAL TWITTER INFORMATION.AUGUST 0, 0	2
1316612165617377280	421410321	Every time I travel and go through  I get searched and the security asks me if Iâ€™m  because of my size I assume lol. No unfortunately I didnâ€™t have that privilege and honor. God bless our  men and women	2
1316611456687730688	3431717713	Come on maan, Iâ€™m suppose to travel next month I donâ€™t want no issue at LAX lol 	0
1316605578341351424	16638693	 not sure if youâ€™ve been, but you can always visit  The VPâ€™s positions are clear. What heâ€™s not going to do is get into your partyâ€™s silly game of cat and mouse. Trump was just in Iowa complaining HE wasnâ€™t getting coverage because THEY had a flood. ğŸ¤·ğŸ¾â€â™‚ï¸	2
1316594903732768768	773274066710958084	 well thereâ€™s the ability to have series go with no travel days and all back to back games so teams need more depth and canâ€™t rely on off days to reset their rotation, etc.	0
1316593274056974338	15245547	Literally all I can think about when watching Emily In Paris is how she gets to travel internationally and no one has to wear masks ğŸ˜·ğŸ¤§	2
1316591478949306369	1195395510	 Time travel! It worked!!	0
1316585242673569793	571850924	Now is the time to apply for Magnets! Visit  Chose Franklin Dual Language Magnet! Grade 0-0!    	0
1316584835050135552	1247957336947224576	 ğŸ¥º I helllaaaaa appreciate the positive reinforcement!!! And say less, travel vlogging is already in the works ğŸ‘€ just waiting for the world to open back up fully	0
1316573601793933312	1138889228891197440	 Visit meee ğŸ¥ºğŸ¥ºğŸ¥º or meet halfwayyy	0
1316564002713989120	78803949	 Oh this is just to take him to Sacramento lol heâ€™s not ready for any international travel yet lol	2
1316563319134679041	460284273	 Can't wait to visit you guys!!	0
1316561268040368129	53213141	The iconic  is offering a â€œMaserati Suite Driveâ€ package. Visit their website for more details!      	0
1316561189044846592	28014782	"A0: I have created a virtual Care Room with SEL reaources and visit it with students! I also use a ""Daily Check-in"" that has questions that track student's mental wellness and self care. "	0
1316544499888209920	15408476	 socially distant air travel	2
1316542384755228672	3732141930	Greece is on my travel list! ğŸ˜ 	0
1316533287729336321	1146245949200617472	My grandmother ğŸ‘µğŸ¾ came by to visit. She and I worked together to help her gather some of my old books ğŸ“š to put in her storage. After the hard work, she rewarded me by buying some sushi ğŸ£ from  ğŸ˜˜ğŸ‘ for dinner! Yummy!    	0
1316531436287979520	1206391445914972162	 Ooooo you like whiskey?You are my friendToo bad you can't visitAnd hang Zak's Haunted museum 0th	2
1316530997681442816	197973386	Happy  ğŸª Satisfy your cravings with this sweet deal from Torrance Bakery. Now until October 0th you can buy 0 Halloween cookies and get one free! For more information visit the link ğŸ‘‰  	0
1317252197961191424	2977550299	Remember you have to pay for your trial , touch up kit or extended touch up services. Remember you cover mileage , Parking , travel and stay. Give yourself room to have the best day you can	2
1317250557430566912	189315450	Fall menu cravings!  0.0.0 Outdoor Patio dining and Delivery available only. Hours of operation: M-F 0am-0am Saturday-Sunday 0am-0am  For delivery please visit  We have a strict social distancing policy.  Please wear your masks 	0
1317248970540912641	2494243536	Are you ready to vote? If you have not yet registered to vote, friendly reminder that the last day to register to vote in the November 0rd Election is Monday, October 0, 0.ğŸ—³ï¸â˜‘ï¸To register now visit:  	0
1317243242438557696	335970638	ğŸ§‘ğŸ¼â€ğŸ¨Join us this weekend for our 0 Fall Virtual Art Show featuring live artist interviews, studio tours, on-site workshops (reservations required) and more! For more info, visit    	0
1317241175464538112	1306671580118806528	Go visit my website for instant manicures ğŸ¥°   âœ”ï¸ 	0
1317230818419376128	47439306	IG has a feature where you can see your travel map ğŸ˜ and apparently Iâ€™ve been to the Gulf of Guinea near Africa!! ğŸ˜‚ I wish!! 	2
1317227352259055616	286965454	Best visit to Harbor Iâ€™ve ever had 	0
1317219120295768064	482446498	 Visit me hoeğŸ˜‚	2
1317214578955087872	118851968	another doctors visit another go see this doctor another bill	2
1317208281345974272	949921521023188992	 I think a lot of the reason people visit is to read the comments.  But you guys know better than me.  Thanks for the response	0
1317203682593804289	2926067869	Archer travel agent Violet ready to take your calls in rainbow Style!   @ Archer Travel Group 	0
1317201352615841793	244161908	not me getting a bill for $0 bc my insurance refuses to pay for my ER visit where they just gave me morphine and did a covid test akdkakdk 	2
1317197280819097600	1255000524438433792	     I know this is off-topic and not super relevant vegans are *far* from all white. Really!I never harass people about eating meat IRL & I've never ever made a tweet about it but I challenge you to visit a slaughterhouse and feel the same way you do now.peace tho & FB sucks!  ğŸ¦–ğŸ’œ	0
1317196891705102336	949921521023188992	 John, I used to visit your blog all the time.  Why I stopped was the terrible comments section.  The commentariat was hostile, pointlessly contrarian and self-hating.	2
1317194341593485313	829767661	Thank you for  and  to support and collab with local business. Visit restaurants at little Tokyo during the this big campaign. For detail visit  	0
1317180710986293248	1207456662291771393	 Come visit and weâ€™ll all feel lucky ğŸ˜ˆ	0
1317178913617965058	288374146	During todayâ€™s  stream Iâ€™ll be chatting about turnips and time travel! Join in at 0pm PT!  	0
1317177414544285696	26691059	     Did you do the free CVS test or the paid travel one?	2
1317173024731312134	25759493	Beef cheung fun at first visit to Monterey Park Capital Seafood in a while. @ Capital Seafood Restaurant 	0
1317172357383868416	2322905905	Enjoy beautifully made cocktails & great food, while learning Hollywood history, on our Hollywood Speakeasy Bar Tour. Every Thursday, link in bio ğŸ¸ğŸ˜Š.    	0
1317169795570167808	20118678	 Itâ€™s called making a good ass living for your family. And they went back to visit their family during those times. Itâ€™s not your life so why do you care? Her family is cared for and a LOT of people are jealous of their lifestyle trust me.	2
1317167330804129793	25271393	...  neglected a cancer patient - not followed up on meds until it was too late... blaming covid - been covid free 0 weeks - no response. Forced to go to a new cancer center bc of no returned calls for weeks! Now Dr. Iqbal is yelling at us - saying only one last visit.	2
1317166486373347329	158220857	AE store visit Ride Alongs in the OC!        	0
1317159563422912517	84023763	My mouth taste like backwood and travel	2
1317157786589917185	30348776	We are back and determined as ever to provide you with the best outdoor gaming experience in the LA area. Come and visit us today. Open 0hrs.   	0
1317150556494852096	65758778	I might have to visit  when I visit ATL in a few weeks. I want to feel like a brand new person ğŸ˜Š	0
1317150224280768512	229181997	 Probs not so save up that money to travel in 0 haha	2
1317147378059653120	17244689	 Can you please comment on the Alz excess deaths linked to isolation and separation from family, especially for those in long term care homes who still face extreme measures? Versus the concept of close family wearing PPE to safely visit? Leaders misunderstand how this works.	2
1317145518040961026	59609946	 How do you know which rankings matter and which donâ€™t? Average person will not know this. I seen several kids rise and fall during a pandemic and no EYBL no UAA summer ball! Several top players didnâ€™t even play travel ball this summer. Makes zero sense	2
1317141784326074369	16829037	 When air travel resumes, it will be 0 hours away 0+ times a day.  I was born in Manhattan, moved to SoCal as a kid. Lived in NYC in the late 0â€™s and after returning to SaMo had a great job that flew me to NYC weekly.  Enjoyed every moment. â¤ï¸ both cities.	2
1317132975629271042	329653523	So true! Enjoying some delicious peppermint tea out of my new travel mug which was an early birthday present from my BFF. Thanks Alicia. @ Anaheim, California 	0
1317132340494217219	3252405470	Wayward dreams and endless words.     for the photo! @ Los Angeles, California 	0
1317125311817863168	126374634	    I LOVE terroir! My husband and I have visited the distillery a few times- we love to visit when we are in town â™¥ï¸âœŒï¸	0
1317124553038942208	905275713644843008	  Iâ€™ll handle the travel and accommodations ğŸ’¯	0
1317122312102006785	17000017	 But Iâ€™m not home. This will only get me so far. Can I also say how I much I hated my last visit to Haiti. The fact they can spot a visitor in any atmosphere. I was in a bathing suit on the beach when some random group was cracking jokes on me not being born there. Umm RUDE!! 	2
1317119661436071938	1156317032171761664	If they can get that thing to hit 0mph and get the trash pile high enough to make contact with the power lines they may just be able to travel in time. Still canâ€™t eat inside of a restaurant but this is totally acceptable in todayâ€™s LA.  Winnetka/Martha St. Woodland Hills 	0
1317107176213630976	327505910	 LMAOOO you canâ€™t wait? Keep waiting because youâ€™re not going to visit for a very long time. Find an Armenia man. Heâ€™ll do you good sis.	2
1317102516694298624	2992719440	 Like how much easier can they make it for the Dodgers to win the World Series? Short season, deep and stacked team, and no travel. Still not over but down 0-0 is definitely a mountain to climb right now	2
1317101456755806208	138551963	Looking for a Realtor give me a call! Visit my website:     	0
1317099765650268162	120595550	Visit  to shop online.DM Ink Books, Art & Merch         ğŸ‘‘     	0
1317036755481022464	1559324828	I miss traveling and having my favorite club sandwich  so I made my own.  I always ask them to keep my crust on. Look forward to when I can travel unrestricted to the UK again and I can order room service like I did before.    	2
1317007601297625089	33846113	Enjoying the midnight  show... and  helping this homebound Californian with a voyeuristic outlet for travel! ğŸ”Œâš¡ï¸ğŸ”‹ğŸ	0
1317006386904014848	64320068	As much as I love home and going to visit, I donâ€™t think I could ever live in the South again.	2
1316989761626820608	87188071	  -&gt;  Travelling from Los Angeles to San Jose October 0th(Friday) at approximately 0 pm. Can pick up or drop along the route. 0 Seat offered  	0
1316989073697853440	16959316	 Ooohhh, I want to come visit your dinosaurs so badly!	2
1316986452442411008	56438671	As do I. Never understood why or how people want to visit plantations, let alone have weddings  on them...NO THANK YOU. Side note... The South gives me eerie vibes... 	2
1316984451424002048	2875443187	My goal is to make my girlfriend always feel like the luckiest human. I never visit them empty handed, I either bring flowers or a little surprise. âœ¨ğŸŒ»ğŸŒ·. I open their door going into the car and I never allow them to carry anything. That is what Iâ€™m here for. â¤ï¸	0
1316974614640209920	1697379054	 I need to go visit you guys ğŸ˜­â™¥ï¸ sheâ€™s adorable I love her ğŸ¥º let me know wheat day youâ€™re not busy during the weekend since thatâ€™s when Iâ€™m only free & Iâ€™ll go visit ğŸ’•	0
1316969944106532864	418118966	 Actually not a one. Visit this space daily to find out the latest lies!!  Your one stop shop for baseless propaganda!	0
1316965057205620736	22950592	I canâ€™t tell if Iâ€™m obsessed with Emily in Paris because itâ€™s so good or if Iâ€™m just so excited for someone who can safely travel to another country right now...albeit fictional ğŸ¤·â€â™€ï¸	0
1316952628954279936	1146245949200617472	I want to finish by celebrating my fatherâ€™s 0st birthday by drawing a  version of the recent photo of us that my grandmother ğŸ‘µğŸ¾ took during her visit earlier today.        	2
1316945458456121344	39518752	Oh yes  was phenomenal. We need him as president. Itâ€™s not going to be an easy road, but weâ€™ll be able to travel it together under his leadership. 	0
1316932282104582145	1233149479131369473	One thing I donâ€™t look forward to when I visit home is that MF rain. Like bro I havenâ€™t seen rain since March	2
1316929518674890754	291411728	 Oh, not only do I not get to visit my family this holiday, but if 0 wins the second term? I'm shutting my phone off, all Thanksgiving.	2
1316928476394422272	35862470	Business travel boom but bc people will be traveling more bc they can work from anywhere vs traveling for business meetings.	2
1316920611583758337	1109914243	 Wonderful visit tonight! 	0
1316920389633716224	8870632	PLEASE visit SC, NC, Texas, AL, MS, and Ohio & Florida a lot!!! Voters need face time.        	0
1316913687442214917	3390140174	MONSIEUR VAMPLAND Night and Day Travel Time Mix by MONSIEUR VAMPLAND on          	0
1316911730413477889	3236975826	Today is the LAST DAY that you can fill out the Census! Call 0-0-0 or visit  to make sure youâ€™re counted! Itâ€™s quick, itâ€™s easy, and it makes real change. 	0
1316907518585602048	1146245949200617472	Thatâ€™s me,  and my beloved father, Gordon. My grandmother came by to visit while celebrating Dadâ€™s 0st birthday. No cake ğŸ‚ this time! She took a photo of us. Now THATâ€™S what I call a father/daughter photo!    	0
1316897346374955009	2234760798	Voter to Trump: â€œYou only did a travel ban from China early, why didnâ€™t you do more?â€ Trump doesnâ€™t answer, only talks about China travel ban.	2
1317615322434727936	2436079226	  Ericâ€™s dad is going either to jail or Russia. Eric might want to check his travel options as well.	2
1317613230584328193	982668973891141632	â€œTaiwan president will come to visitLos Angeles next month.If we could get him- â€œhis wife has a bold notionâ€â€œGood ideaâ€all visitors are inspiredâ€œRight,heâ€™ll check in the Hilton Hotel Universal Cityâ€another mapâ€™s being markedâ€Thisâ€™s the Hiltonâ€â€Send a sniperâ€â€Bomb motorcadeâ€	0
1317610803093069825	1212519476576444418	 I hope when I visit London in a few months youâ€™ll open me up like that ğŸ˜	0
1317610258127187970	2999869178	Seems to always amaze me at just how â€œBad Newsâ€ does indeed travel faster...ğŸ˜ª	2
1317608557857009669	473384312	  oh yikes- you should visit a state legislature.... iâ€™ve NEVER met such a concentration of idiots	2
1317602766441881600	40796092	If Roberts puts Jansen in the game I will fly to Texas just to punch him in the nose 	2
1317596288196648960	39100425	 I was on an Arizona poll observer training and there were 0 people on it. And a lot of us were from California willing to travel on election to help	2
1317587899546800134	729562032580632577	0 more day! VOTE!! The most important election of our lives.. For more info please visit        	0
1317586285825986560	348070582	Itâ€™s about time I go visit  ğŸ˜‚ğŸ˜‚ 	0
1317585112213594112	862003931706273793	  But he banned travel from ChinağŸ™„ğŸ™„.  How did we get the number one outbreak in the world again?  He didnâ€™t want us to panic, so he lied.   	2
1317577756129906688	2825316295	 Excited to visit  and your classroom on Monday!!	0
1317561863878496266	50441070	 Oh cool! My parents still live in Catskill, so I visit periodically. Wouldâ€™ve liked to visit this year. :/Lots of cool stuff has popped up in recent years!	2
1317560364570083328	109360451	I was gonna fly home for thanksgiving, but I think Imma just fly to San Francisco since Iâ€™ve never been	2
1317556119770861568	109900347	 Nice hair cut. I could not help seeing the Blue Boy. If one day you visit Sou thern California, the original Blue Boy painting is at the Huntington Library and Gardens, in San Marino, just south of Pasadena. Beautiful gardens too.	0
1317551784961794048	118851968	  YESSS time travel boyfriends ğŸ’˜ğŸ’˜	0
1317549135281549312	248115637	Visit Israel (I haven't yet) 	2
1317537032542048256	4721633424	Don't forget to visit The Perky Nerd this weekend for the FLASH SALE! Spend $0 and activate savings! Get 0% off comics and 0% off Funko Pops when you make a purchase of $0 or more. @ The Perky Nerd 	0
1317534701989425152	478837240	 Canada is not an option.  ohh and they have extradition. Try  Iâ€™m sure  will welcome you with open arms. Youd be  there.	0
1317534404374261760	46733147	0 Photo/ Day 0: We want to travel,  Santa Monica Pier!    @ Santa Monica, California 	0
1317534192528359424	478837240	  Ummm Canada stilll wonâ€™t take the them because the administration has failed to control the  good luck  	0
1317530458796642305	81436431	Major thanks to  for adding â€œYa Feelinâ€™ Good?â€ to the Nu-Funk playlist! To say I visit it often is an understatement. Itâ€™s one of my favorites out there. Very honored to be in such good company. ğŸ™ğŸ»  	0
1317520188628103173	1298711250759610369	Happy Saturday!ğŸ£ For reservations please visit   ÅwaHospitality	0
1317519893290471425	2997864620	   I just had hip replacement surgery as well last week. I had to turn down an audition for a job that would've required me to travel two days later. I agonized over the decision. I know what you're feeling. Please take care and keep up with your PT. Don't over do!	2
1317517347620413440	335970638	ğŸ‘‰ğŸ¼Learn about the Cityâ€™s proposed solid waste rate adjustments beginning 0 at our Virtual Town Hall meeting on Tuesday, October 0. For more info, visit  	0
1317512988056694784	863528060	. Anne Marie Panoringan discusses her  in  and her visit to the new   with cookies ğŸª for us from  ğŸ¥› Listen LIVE to all the  on  ğŸª  	0
1317512883828187137	799789081	 Well itâ€™s for the better a new start is always good ğŸ™ŒğŸ¼ğŸ™ğŸ¼ we will go visit them	2
1317505779377836033	2888726604	Sheâ€™s fascinated with all of the pumpkins. On our morning walks we always visit the witches and the pumpkins with faces ğŸƒ    @ Long Beach, California 	0
1317500660649164808	83911059	Happy We're open for outdoor walking tours today and tomorrow,come by for a visit.     @ Heritage Square Museum 	0
1317498283212763136	460284273	 Aw, can't wait to snuggle when I visit!! ğŸ¥°	0
1317497662493569024	71865306	 to a year ago when  and I discovered that we are totally cruise people. I miss  @ Carnival Inspiration Cruise Ship 	2
1317496246119137283	1138891888667156480	Ready to go.    @ Los Angeles, California 	0
1317494469298581504	15245547	 Ugh I wanna travel	2
1317485984032849924	153485460	 Always at the top of mind when hiring... I start interviews by saying, â€œok letâ€™s start a little differently than most interviews... letâ€™s both take a deep breath... and just talk, always time to get to your experience. I love to travel... what gets you excited outside of work?â€	0
1317484496996900864	277411341	I shouldâ€™ve just stayed in the UK in March when international travel was shut down instead of panicking and getting an immediate flight back to the US. Clown behavior.	2
1317472799603060736	15748209	Experts warning against travel to Wisconsin. It's being described as a red state (not meant in political terms) due to soaring COVID infections. President Trump is heading there today to hold an event. It's a swing state.	2
1317403260324474880	1126371992	Ngl Nebraska was my least favorite state to visit 	2
1317393642298822656	249620224	 Agreed! Travel is such a special thing too. If youâ€™re traveling just to say youâ€™ve been, you should probably quit it. If youâ€™re not willing to adopt the culture or at least try, then whatâ€™s the point really!	0
1317376448177475584	1296509253671219200	I just want to travel the world like this virus has	0
1317357638028386304	49516492	 Missing New York is fuckin sad bro but then you visit and itâ€™s all good	2
1317350339025063937	21922309	I hereby swear I will never visit, go to, or spend 0 penny at any one of his businesses or casinos as long as I live. Fuck sheldon adelson and all he owns 	0
1317347266064130050	340043480	CHEYENNE COMES TO VISIT	0
1317333374705442818	15613327	 Oh, the irony. The shitgibbonâ€™s incompetence has made it so he wouldnâ€™t even be allowed to travel anywhere once his ass gets voted out of office.	2
1317332840074276870	115309344	  What about when u travel abroad? AT&T is only $0 for the whole month. Verizon charges me $0 a day!!	2
1317317870355849217	504843977	You know Fox, you *really* donâ€™t have to cut to commercial during a mound visit	0
1317317096749944832	885197238	" Genius during bull market ğŸ˜â¬‡ï¸â¬‡ï¸â¬‡ï¸Sudden crash/Rug pull ğŸ˜±â¬‡ï¸â¬‡ï¸â¬‡ï¸""I'm sick and will be taking a break from social media."" ğŸ˜”*post food/travel/workout pictures*""I'm in it for the long run/tech.""""Fundamentals remain unchanged.""""Next bull run will melt faces!!!"" ğŸ™„"	2
1317306298950545408	3271524948	My mother, who doesnâ€™t care for me much decided to fly in from Idaho to attend a friends retirement party. She then decided to take a tour of the Antelope valley and visit a number of friends. I had to refuse to seeing her today and I feel 0 guilt from this decision.	2
1317305631296999425	55975110	Congrats to   of Lowell Thomas Travel Journalism  including AFAR &  	0
1317302643916640262	927985736770404352	 I used to be sad I could never find a souvenir with my name on it during vacation. But I realized my name is the best souvenir of all cause youâ€™ll carry it with you in your mind rent free after you visit MY life...	0
1317301034453065729	1198302982976065537	  Thanks! Wish Iâ€™d asked last week! But next Iâ€™m in Vegas, gonna have to visit!	0
1317289816959102977	3298978284	"""Sunday in the Garden:  Native Garden"" November 0nd!Sunday in the Garden extends TPF's  by spotlighting  year round. Visit includes conversations with homeowner/designer & time to explore.  "	0
1317284941453873153	4445505329	 job profession of recording safe routes for black people to travel by, is actually real which I had no idea. Here's a link to actual publications of a guide on where to go to not be subject to racism. A hitchhikers guide to white america	0
1317274184519614464	198420647	They have to have a negative test before travel and United is offering tests at the airport 	2
1317274019163406337	2983719630	is today just visit Cesar at work today cause so many people I know keep coming through the drive thru	2
1317271687197564929	844833446	  Travel	0
1317261961667563520	31230282	 - go visit Texas!	2
1317256390780489728	3692967920	Marriage baby and travel 	0
1317255123865759744	1301600084	I wanna travel round the world just to suck youğŸ¤¤ 	0
1317975272600129536	30736157	Niggas bout to accuse you of travel shaming smh 	2
1317974941141061632	17154786	 This is now the longest time Iâ€™ve not been to Bamberg since my first visit in 0...	2
1317974054679138306	41300644	â€œdont u have work or sth?â€just finished my mba degree whilst juggling my many hobbies, travel, fandom AND a fast paced job wc earns me ğŸ’¸ğŸ’¸ğŸ’¸enough to fully support myself, my studies AND spend on some merch, yes, what of it? ğŸ˜ŒğŸ’š	0
1317968792253726722	2838621565	 Well you can come and visit us anytime ğŸ˜‰	0
1317961804383842304	1204451005502377984	 can we get ramen when i visit	2
1317961434144428033	378839958	 Travel to the UK	0
1317957824412934144	1206563030	â€œI would love to meet Trump and see Trump,â€ one man said. â€œWho in their right mind wouldnâ€™t, actually?â€ 	0
1317948399639916544	142507472	 Travel	2
1317941649784283136	323611981	at least to visit, itâ€™s been like 0 yrs	2
1317941626652667904	46818898	" Usually like two minutes of commentary about smoke or homelessness or traffic or housing costs followed by ""I have to come visit sometime."""	2
1317941052846661632	1259226127328927749	TempSure EnviÂ®ï¸. Remove wrinkles of your face; for more information visit our website  Happy Halloween.   Angeles     	0
1317941040192651266	826806553818779649	Do you take nature walks? I used to think I had to travel away from the city to do so. Since widowed Iâ€™ve discovered a whole world in nature in my back yard. 	0
1317941035129950208	18819704	travel friendly skincare routine LA 0.0 â˜ï¸ğŸ’«       	0
1317940798864850944	13039372	 During my first trip to Paris in my early 0s, I saw this movie at the then-basement  My  romantic cinephile destination.  The new one is more grand and one day I will visit it again. 	0
1317934876545355776	4737182172	  To each is own tbh but when even the creator of naruto and boruto says that the anime is basically fan ran and that he just suprivises and the first good arc is the time travel arc, like im not fighting your opinion if you  enjoy, enjoy that shit, just itâ€™s my opinion and you	2
1317934434440540160	884913738851041280	 Awww yâ€™all better be travel buddies! â™¥ï¸	0
1317919150648348672	29303025	We may not be able to visit the   that inspired   during the pandemic, but she will bring it to life when she reads her  at  	0
1317903931473735681	16259436	Month 0 of the pandemic means YouTube marathons of Japan travel videos, and playing Final Fantasy 0 again after 0 years. Wanderlust with a hint of regression, lol. Hope everyone continues to stay safe & sane during this prolonged 0 craziness.	2
1317894461976801280	839006498	 Thank you! ğŸ™ƒ You and LeAnn will have to come and visit sometime:)	0
1317892503513624576	3219815071	 We had to visit our fav Starbucks worker ğŸ’—	0
1317890181672833024	1955371212	 Itâ€™s been a while since Iâ€™ve been to  but itâ€™s a really nice place to visit.	0
1317888652035330048	203348714	    Congrats for having the dumbest tweet of the day, two countries people are finally are able to visit each other, work together, forge relationships and more and to you thatâ€™s arms sale	2
1317887090177101825	1207456662291771393	 Ok  and I wanna try that when we visit. Will you teach us daddy?	0
1317881702555951105	255324974	 Thank you Lindsey for following the Armenian struggles. We should really use your reporting from the ground floor. Please consider to visit Armenia.	0
1317881693445869568	17154786	  I wasnâ€™t there in May 0 but May 0 and FB was showing me those pictures. I still had hope I might be able to visit this year as much of EU looked as If they had things under control.	2
1317878301390630912	770850622492938240	Tip of the week. Parasites are easier to prevent than treat! Regular veterinary checkups & getting your pet on the best prevention routine now will save you months of fighting an infestating later. Visit:     	0
1317876687816716293	21916622	Amazing to have my parents visit but hard to watch them go! Also, my lawn is dead. 	2
1317875636627623936	14141281	I thought I'd resurface this wonderful corner in Rome for  At Via della Colonnette and Via Antonio Canova, it's a jaw-dropping collection of bits and pieces of  stuck into the walls. Statues, broken friezes, sarcophagi, etc. Visit when you're in Rome! 	0
1317873522190905344	335970638	Join the Beverly Hills Chamber of Commerce andÂ Beverly Hills Mayor Lester Friedman for a State of the City during theÂ Beverly Hills Back to Business | Fall Virtual CollaborativeÂ on Wednesday, 0/0 from 0 AM - 0 PM. For more info, visitÂ  	0
1317873128987451393	1247957336947224576	 Iâ€™ve been to PR a couple times. If you scroll down on my feed far enough, youâ€™ll see some of my PR posts. Well when the pandemic is over, you gotta make an effort to travel!!	0
1317872908572581888	17154786	 Last week was Prague memories from 0 years ago. My last Prague visit was May when there was still some hope, so it didnâ€™t hit me as hard...	2
1317868276278382592	21979877	The Wilton Historic District in Los Angeles preserved craftsman, colonial and classical revival houses built between 0 and 0 officially designated â€œcultural monumentsâ€ and on the National Register of Historic Places.   	0
1317863180102627330	3268368750	A great write up on intl travel during a pandemic... 	0
1317860537196138496	120595550	DM Ink Books, Art & MerchTo view all available art &  merchandise visit  ğŸ‘—           ğŸ‘‘     	0
1317860361739980800	2310567990	Over the flippin' Moon to visit Dr. Mayim Bialik and talk science and laughter. No worries  about the livingroom and cat cameos, welcome to  and all of our worlds teaching from home this year.ğŸ˜‚ğŸ’œğŸ±    	0
1317851666800988162	14931113	  as a kid the space travel scenes blew me away for the attention to detail and realism, and they still do. the characters and story? hmm, no longer as sure	0
1317821807064358913	95954693	Every single vote matters. Visit  to lock in your plan to vote now. 	0
1317812370404560896	1171869064873959424	Tuff how we canâ€™t visit family in hospitals rnğŸ˜”	2
1317740793587662848	3264388759	I just want to be able to visit my parents and if yâ€™all mess this up and Iâ€™m not able to spend a holiday with my parents again, Iâ€™m throwing hands. 	2
1317730503244550144	201589935	 your artwork prints are so beautiful. I couldn't decide. Visit him on  selling his art there on the busy sidewalk.     	0
1317711804953370624	21503255	I just finished playing Ghost of Tsushima, and now all I want to do is visit Japan.	2
1317710049192497153	1297620204537516032	For our 0 days of  we visit  per  , just finished the last episode,  im not crying, YOU'RE crying!           	0
1317693134998925312	30348776	Before your next visit, please mind our face covering policy. If you are in need of a mask upon arrival, we can provide them as needed for you.   	0
1317678126139396097	17171574	This is my mom's 0th day in the hospital. It's like she's been sucked into some alternate universe. I hate not being able to visit her. ğŸ˜¢    @ Los Angeles, California 	2
1317668829753872384	20823753	 It was disputed by experts on time travel and those who have two neurons to rub together.	0
1317663894995808258	26691059	Iâ€™ve got my bags packed dudes! ğŸŒºâœˆï¸ğŸ‘™ğŸŒˆ                      	0
1317662614470549505	857105161168277506	I Donâ€™t Wanna Travel Around The World Until I See Every State In The US.	2
1317661386609053696	80136483	I wanna travel	2
1317658126082924544	1213944590123716609	Free Hawaii travel guides ordered for a trip early next year :) Itâ€™s been on my travel bucket list my whole life. Now Adding Hawaii to the list of reasons why I work out so hard.	0
1317656921084628992	591388750	Had an urge last week to rewatch THE BUTTERFLY EFFECT and got around to that today. Itâ€™s got some issues (mainly supporting performances), but itâ€™s a really interesting take on time travel and using it to explore trauma. Still surprisingly dark and Ashton is damn good!  	0
1317648753088634881	141005426	Pro travel tip: I just booked two one way flights. The EXACT same itinerary and airline but entered as a roundtrip was $0 more expensive. Always check if itâ€™s cheaper to book two separate flights (it usually is) ğŸ˜œ	0
1317648040728121345	16959316	I think I've now wistfully agreed to visit NYC when this is all over with at least four different people. NYC, lots of folks on this side of the country miss you.	2
1317647708123844608	4721672917	My best friend came all the way to visit me â¤ï¸.... I missed her	0
1317630025139580929	185798651	To view this film and others shot by the LAPD, visit â€™s digital library: 	0
1317625416283140096	1203090051120263169	N0PD, a Eurocopter AS.0-B0, is circling over Vermont Knolls, Los Angeles at 0 feet, speed 0 MPH, squawking 0, 0.0 miles from Travel Inn   	2
1317624493469151233	1094827243241537538	Tara has been a huge part of WHY DINOSAURS? since Day 0, helping with travel logistics, fulfilling crowdfunding perks, and listening to endless conversations about dinosaurs and documentary filmmaking.	2
1317618557027405825	102827584	If youâ€™re not familiar with Kenleyâ€™s charitable work, please follow  and visit  	0
1317616993642532865	1656438901	  Yes congrats you two!!	0
1315551496872710144	1195395510	 Visually itâ€™s a beautiful movie too but it takes your mind on a trip.  Maybe you would like Interstellar? If you havenâ€™t seen it.  Also â€˜The Prestigeâ€™ that I mentioned before is also by the Inception director but entirely different theme but very smart movie.	0
1316096222562676736	4207504677	I wanna go on a trip	2
1315879737013665800	1500102751	I wana go on a trip ğŸ˜¢	2
1315804911867584512	2312595649	I will never forget 0 when I went on a trip with no phone for three weeks, and I came back and gay marriage was legalized. Cultural reset	2
1317245152893628417	2848128289	When your best friend goes on a trip without you and you have to give her the pep talk about not falling apart without you ğŸ¤£ğŸ’€ fingers crossed she makes it before midnight. ğŸ˜‚ğŸ˜†ğŸ¤ğŸ¼	2
1317200817540141056	1315850165312348160	Yeah, I need to cook more food at home. Right now, I should be saving up money. Soon, I am going on a trip.	2
1317578915129389056	2848128289	I would get tipsy before going on a trip ğŸ™‚ğŸ˜‚	0
1317576252488777728	3004488997	Do you ever just feel like youâ€™re living in a body and youâ€™re just watching someoneâ€™s life? You ever feel like youâ€™re just on a trip watching life?	2
